-- MySQL dump 10.13  Distrib 8.0.25, for Linux (x86_64)
--
-- Host: localhost    Database: vk_test
-- ------------------------------------------------------
-- Server version	8.0.25-0ubuntu0.20.04.1

/*!40101 SET @OLD_CHARACTER_SET_CLIENT=@@CHARACTER_SET_CLIENT */;
/*!40101 SET @OLD_CHARACTER_SET_RESULTS=@@CHARACTER_SET_RESULTS */;
/*!40101 SET @OLD_COLLATION_CONNECTION=@@COLLATION_CONNECTION */;
/*!50503 SET NAMES utf8mb4 */;
/*!40103 SET @OLD_TIME_ZONE=@@TIME_ZONE */;
/*!40103 SET TIME_ZONE='+00:00' */;
/*!40014 SET @OLD_UNIQUE_CHECKS=@@UNIQUE_CHECKS, UNIQUE_CHECKS=0 */;
/*!40014 SET @OLD_FOREIGN_KEY_CHECKS=@@FOREIGN_KEY_CHECKS, FOREIGN_KEY_CHECKS=0 */;
/*!40101 SET @OLD_SQL_MODE=@@SQL_MODE, SQL_MODE='NO_AUTO_VALUE_ON_ZERO' */;
/*!40111 SET @OLD_SQL_NOTES=@@SQL_NOTES, SQL_NOTES=0 */;

--
-- Table structure for table `cities`
--

DROP TABLE IF EXISTS `cities`;
/*!40101 SET @saved_cs_client     = @@character_set_client */;
/*!50503 SET character_set_client = utf8mb4 */;
CREATE TABLE `cities` (
  `id` int unsigned NOT NULL AUTO_INCREMENT,
  `city` varchar(130) CHARACTER SET utf8mb4 COLLATE utf8mb4_unicode_ci NOT NULL,
  `created_at` datetime DEFAULT CURRENT_TIMESTAMP,
  `updated_at` datetime DEFAULT CURRENT_TIMESTAMP ON UPDATE CURRENT_TIMESTAMP,
  PRIMARY KEY (`id`),
  UNIQUE KEY `city` (`city`)
) ENGINE=InnoDB AUTO_INCREMENT=101 DEFAULT CHARSET=utf8mb4 COLLATE=utf8mb4_unicode_ci;
/*!40101 SET character_set_client = @saved_cs_client */;

--
-- Dumping data for table `cities`
--

LOCK TABLES `cities` WRITE;
/*!40000 ALTER TABLE `cities` DISABLE KEYS */;
INSERT INTO `cities` VALUES (1,'New Talonchester','2018-08-14 07:11:47','2021-06-26 22:01:45'),(2,'Wilkinsonland','2020-08-22 20:01:18','2021-06-26 22:01:45'),(3,'Jaidenmouth','2016-07-08 10:37:37','2018-05-10 21:05:31'),(4,'Ardellaborough','2013-12-17 12:35:31','2020-12-26 03:55:23'),(5,'Lake Branson','2012-11-11 04:34:40','2020-06-19 21:19:31'),(6,'West Dillon','2012-12-15 05:29:01','2019-11-28 18:09:40'),(7,'New Dahliaview','2020-07-20 22:54:42','2021-06-26 22:01:45'),(8,'South Kayceetown','2019-10-07 17:07:22','2021-06-26 22:01:45'),(9,'North Seth','2016-06-04 12:55:30','2021-06-26 22:01:45'),(10,'West Cecilia','2019-04-16 09:47:11','2020-02-05 19:55:29'),(11,'Kenyonfurt','2021-05-23 18:59:47','2021-06-26 22:01:45'),(12,'Marcelleberg','2014-05-19 23:37:37','2019-11-03 05:10:51'),(13,'South Elainaport','2021-05-18 11:51:31','2021-06-26 22:01:45'),(14,'Shanelleside','2016-01-03 02:28:55','2021-06-26 22:01:45'),(15,'Lake Scotty','2020-11-14 17:56:20','2021-06-26 22:01:45'),(16,'Dashawnfurt','2013-09-05 03:16:50','2021-02-25 04:56:18'),(17,'East Kieranfort','2016-04-03 10:36:08','2021-06-26 22:01:45'),(18,'Pamelatown','2016-02-01 06:07:46','2021-02-19 00:37:59'),(19,'North Laney','2018-10-21 01:41:10','2020-07-17 02:15:48'),(20,'Joyceport','2012-02-26 04:27:08','2020-09-09 22:51:13'),(21,'Faheymouth','2019-06-12 10:41:50','2020-07-05 05:38:37'),(22,'East Cullenmouth','2019-12-24 09:45:13','2021-06-26 22:01:45'),(23,'East Garetttown','2019-12-19 16:35:16','2021-06-26 22:01:45'),(24,'New Lula','2017-05-06 03:44:18','2019-05-28 00:17:29'),(25,'Lake Sylvanborough','2013-08-09 17:22:03','2021-06-26 22:01:45'),(26,'Trudieburgh','2014-12-15 00:10:56','2015-09-15 13:20:57'),(27,'Grantview','2020-11-02 07:46:56','2021-06-26 22:01:45'),(28,'Wendellland','2014-12-30 04:05:47','2018-05-20 00:37:20'),(29,'Reingerchester','2012-11-10 11:03:38','2020-04-03 12:21:17'),(30,'Williamfurt','2013-01-24 12:13:41','2019-05-10 12:12:11'),(31,'Beckerburgh','2015-06-01 01:07:45','2021-06-26 22:01:45'),(32,'Port Kirstinborough','2019-08-19 05:11:16','2021-06-26 22:01:45'),(33,'East Bernice','2015-05-09 01:09:15','2020-07-03 14:01:57'),(34,'New Ebbaside','2016-04-14 02:56:33','2021-06-26 22:01:45'),(35,'Boyleville','2020-04-16 02:14:30','2020-07-04 12:41:49'),(36,'Huelchester','2020-08-01 11:41:16','2020-11-07 00:33:42'),(37,'New Myrlhaven','2018-11-28 11:59:56','2021-06-26 22:01:45'),(38,'Jaydamouth','2013-01-21 02:42:33','2018-06-04 09:59:38'),(39,'North Susanaton','2012-08-26 07:04:42','2018-10-14 23:47:12'),(40,'Lake Olgamouth','2015-02-25 04:49:46','2021-06-26 22:01:45'),(41,'South Mya','2011-08-26 20:14:52','2018-10-22 02:08:38'),(42,'Bartonland','2019-06-09 15:15:22','2021-06-26 22:01:45'),(43,'Port Felipa','2019-04-20 09:12:39','2021-06-26 22:01:45'),(44,'Hodkiewiczburgh','2014-09-15 04:51:41','2016-02-22 13:41:33'),(45,'East Emelie','2015-09-19 11:11:14','2016-07-15 18:59:20'),(46,'East Joellefurt','2013-05-12 07:48:29','2019-10-02 19:12:20'),(47,'North Mandychester','2019-12-02 20:56:29','2021-06-26 22:01:45'),(48,'Lake Heleneport','2011-09-02 20:02:25','2017-08-31 04:48:38'),(49,'Abbottchester','2015-05-01 03:54:03','2017-02-20 23:36:09'),(50,'Westleymouth','2019-01-19 21:47:05','2021-06-26 22:01:45'),(51,'Greenholtbury','2014-09-27 16:22:18','2017-05-27 07:45:50'),(52,'Kuphalside','2020-11-07 20:16:55','2021-06-26 22:01:45'),(53,'Schowalterport','2013-12-28 02:27:42','2019-07-26 01:06:23'),(54,'Ernestton','2012-10-18 13:45:02','2021-02-27 07:50:35'),(55,'Felicitychester','2017-07-20 11:05:06','2021-06-26 22:01:45'),(56,'Port Elissa','2014-01-30 13:11:01','2019-12-02 08:12:28'),(57,'North Mortimer','2017-12-04 08:39:36','2021-06-26 22:01:45'),(58,'South Omer','2021-06-17 11:02:44','2021-06-26 22:01:45'),(59,'Port Damionborough','2018-10-29 03:31:26','2021-06-26 22:01:45'),(60,'Gradyfurt','2016-11-10 10:26:19','2021-06-26 22:01:45'),(61,'Mantemouth','2013-11-26 07:46:54','2021-06-26 22:01:45'),(62,'North Colin','2012-12-23 20:45:22','2016-02-21 20:21:25'),(63,'Beahanmouth','2019-06-08 13:24:00','2021-06-26 22:01:45'),(64,'South Glen','2014-04-06 21:14:04','2021-06-26 22:01:45'),(65,'Annabelview','2019-06-08 15:07:42','2021-06-26 22:01:45'),(66,'New Coralie','2015-04-28 10:41:46','2018-03-16 17:24:53'),(67,'Caesarborough','2011-10-27 19:40:34','2021-05-18 08:56:57'),(68,'Raqueltown','2016-06-19 18:34:03','2021-06-26 22:01:45'),(69,'South Justinabury','2012-06-06 01:34:52','2017-11-14 12:03:00'),(70,'Lake Bellport','2015-11-25 03:36:14','2021-06-26 22:01:45'),(71,'Everardostad','2012-06-21 17:42:57','2019-03-20 16:38:09'),(72,'Hettingermouth','2018-11-18 07:04:37','2021-06-26 22:01:45'),(73,'North Vanceton','2019-08-14 09:30:49','2021-06-26 22:01:45'),(74,'New Hendersonland','2020-05-10 11:27:49','2021-06-26 22:01:45'),(75,'New Louiemouth','2013-03-03 08:44:15','2019-11-12 15:18:22'),(76,'Port Shanellemouth','2014-07-25 20:59:44','2021-06-26 22:01:45'),(77,'Ondrickashire','2011-10-09 22:38:26','2018-08-15 01:06:57'),(78,'Sengerbury','2018-07-17 05:14:12','2021-06-26 22:01:45'),(79,'Dawnburgh','2019-07-18 14:43:31','2021-06-26 22:01:45'),(80,'New Vivianborough','2012-10-20 13:38:18','2016-05-17 08:43:17'),(81,'Alleneton','2018-10-17 16:45:00','2021-06-26 22:01:45'),(82,'Bogisichview','2017-02-14 17:04:33','2021-06-26 22:01:45'),(83,'Lake Quinten','2018-07-22 23:39:27','2021-06-26 22:01:45'),(84,'New Wayneport','2015-12-22 11:03:01','2017-12-27 11:26:11'),(85,'South Elian','2020-11-11 16:22:34','2021-06-26 22:01:45'),(86,'East Jayde','2019-02-03 17:03:39','2021-06-23 16:13:15'),(87,'Gilbertborough','2013-04-02 23:12:42','2014-07-03 10:36:51'),(88,'Chayafurt','2012-01-21 02:43:02','2017-12-09 01:45:15'),(89,'Macejkovicfort','2012-03-22 13:33:23','2015-12-04 18:02:26'),(90,'Schoenshire','2018-02-07 04:33:36','2021-06-26 22:01:45'),(91,'South Vida','2015-04-21 21:09:02','2021-06-26 22:01:45'),(92,'Merleton','2013-04-01 11:17:25','2017-06-22 10:04:55'),(93,'McLaughlinshire','2012-12-03 10:01:37','2013-02-18 19:08:33'),(94,'West Ninabury','2015-08-22 23:55:32','2021-06-26 22:01:45'),(95,'West Pietrochester','2013-08-28 08:06:18','2019-02-06 02:49:18'),(96,'West Destiney','2011-10-19 02:20:35','2018-11-16 08:12:40'),(97,'New Gino','2012-08-16 22:39:57','2017-05-19 12:06:59'),(98,'New Ozellaport','2016-10-07 08:48:32','2021-06-26 22:01:45'),(99,'North Chaunceymouth','2013-12-19 16:31:06','2021-06-26 22:01:45'),(100,'Port Randy','2016-04-09 16:03:15','2021-06-26 22:01:45');
/*!40000 ALTER TABLE `cities` ENABLE KEYS */;
UNLOCK TABLES;

--
-- Table structure for table `communities`
--

DROP TABLE IF EXISTS `communities`;
/*!40101 SET @saved_cs_client     = @@character_set_client */;
/*!50503 SET character_set_client = utf8mb4 */;
CREATE TABLE `communities` (
  `id` int unsigned NOT NULL AUTO_INCREMENT,
  `name` varchar(150) CHARACTER SET utf8mb4 COLLATE utf8mb4_unicode_ci NOT NULL,
  `created_at` datetime DEFAULT CURRENT_TIMESTAMP,
  `updated_at` datetime DEFAULT CURRENT_TIMESTAMP ON UPDATE CURRENT_TIMESTAMP,
  PRIMARY KEY (`id`),
  UNIQUE KEY `name` (`name`)
) ENGINE=InnoDB AUTO_INCREMENT=51 DEFAULT CHARSET=utf8mb4 COLLATE=utf8mb4_unicode_ci;
/*!40101 SET character_set_client = @saved_cs_client */;

--
-- Dumping data for table `communities`
--

LOCK TABLES `communities` WRITE;
/*!40000 ALTER TABLE `communities` DISABLE KEYS */;
INSERT INTO `communities` VALUES (1,'ut','2017-07-03 18:33:19','2018-09-16 20:29:33'),(2,'natus','2011-12-13 19:53:12','2020-04-02 05:00:11'),(3,'similique','2017-12-29 15:30:16','2021-06-26 21:14:15'),(4,'occaecati','2016-09-24 12:47:14','2021-06-26 21:14:15'),(5,'laboriosam','2019-12-18 01:26:42','2021-06-26 21:14:15'),(6,'at','2013-03-26 09:45:45','2016-04-06 11:30:51'),(7,'magni','2020-07-06 19:38:34','2021-06-26 21:14:15'),(8,'a','2020-03-28 03:05:36','2021-06-26 21:14:15'),(9,'voluptas','2015-04-05 20:30:31','2018-05-14 20:28:32'),(10,'est','2012-05-22 16:59:22','2013-08-17 22:24:02'),(11,'blanditiis','2015-03-01 10:48:06','2020-08-22 22:30:06'),(12,'commodi','2012-04-30 03:51:39','2016-11-23 10:34:49'),(13,'vel','2013-06-10 22:18:57','2018-07-08 00:09:58'),(14,'quis','2011-07-31 19:37:43','2016-09-20 16:30:10'),(15,'consequatur','2017-10-06 22:03:57','2021-06-26 21:14:15'),(16,'sapiente','2013-11-15 17:32:40','2017-03-22 10:22:47'),(17,'deleniti','2013-04-27 18:51:50','2017-08-24 09:44:08'),(18,'omnis','2019-03-25 05:23:39','2021-06-26 21:14:15'),(19,'suscipit','2014-11-25 01:11:59','2016-02-07 00:55:19'),(20,'enim','2012-10-31 18:50:06','2021-06-26 21:14:15'),(21,'necessitatibus','2018-03-20 15:13:28','2021-04-23 07:34:03'),(22,'provident','2014-12-26 01:22:51','2021-06-26 21:14:15'),(23,'autem','2018-04-14 06:11:21','2021-06-26 21:14:15'),(24,'voluptatem','2013-08-11 23:53:36','2021-04-09 11:42:09'),(25,'corporis','2013-03-24 08:31:22','2020-10-15 17:51:04'),(26,'saepe','2014-07-27 11:17:22','2016-03-27 23:17:33'),(27,'rerum','2014-05-15 03:21:17','2021-06-26 21:14:15'),(28,'ullam','2014-03-04 16:16:18','2018-11-16 05:11:48'),(29,'dolorum','2018-08-29 05:01:41','2021-06-26 21:14:15'),(30,'vitae','2016-11-07 12:38:38','2021-06-26 21:14:15');
/*!40000 ALTER TABLE `communities` ENABLE KEYS */;
UNLOCK TABLES;

--
-- Table structure for table `communities_users`
--

DROP TABLE IF EXISTS `communities_users`;
/*!40101 SET @saved_cs_client     = @@character_set_client */;
/*!50503 SET character_set_client = utf8mb4 */;
CREATE TABLE `communities_users` (
  `community_id` int unsigned NOT NULL,
  `user_id` int unsigned NOT NULL,
  `created_at` datetime DEFAULT CURRENT_TIMESTAMP,
  `updated_at` datetime DEFAULT CURRENT_TIMESTAMP ON UPDATE CURRENT_TIMESTAMP,
  PRIMARY KEY (`community_id`,`user_id`)
) ENGINE=InnoDB DEFAULT CHARSET=utf8mb4 COLLATE=utf8mb4_unicode_ci;
/*!40101 SET character_set_client = @saved_cs_client */;

--
-- Dumping data for table `communities_users`
--

LOCK TABLES `communities_users` WRITE;
/*!40000 ALTER TABLE `communities_users` DISABLE KEYS */;
INSERT INTO `communities_users` VALUES (1,18,'1990-07-24 08:10:23','2017-04-09 23:19:30'),(1,96,'2008-05-26 20:18:21','1992-09-04 21:16:41'),(2,44,'2010-04-17 05:57:58','2018-09-18 18:49:13'),(2,55,'1982-07-21 10:11:52','2005-07-26 15:56:37'),(2,70,'1989-05-15 16:15:23','1988-02-07 09:33:08'),(2,80,'2002-11-18 12:12:28','2003-09-11 00:28:22'),(3,11,'1988-03-22 14:48:08','1997-04-27 20:12:56'),(3,74,'1995-05-07 06:10:25','1993-06-08 18:58:39'),(4,41,'1998-04-18 22:03:47','1974-06-01 20:59:45'),(4,47,'1992-03-26 13:03:13','2021-04-04 15:56:15'),(4,51,'2007-11-14 00:41:08','1970-10-11 23:02:56'),(5,71,'1997-11-09 05:54:23','2012-02-11 23:27:05'),(5,75,'2020-05-29 06:35:38','2013-10-27 14:39:51'),(5,85,'1976-05-16 03:35:25','1987-02-23 23:55:38'),(6,42,'1973-01-06 02:15:26','2008-02-06 03:16:11'),(6,69,'1979-02-23 02:33:32','1975-05-17 14:02:16'),(8,81,'1981-05-08 05:00:18','1996-02-12 12:22:40'),(8,88,'2006-05-08 16:49:40','1998-02-15 01:12:10'),(8,100,'1984-06-27 00:20:31','2009-04-18 13:09:56'),(9,9,'1999-12-05 23:16:42','1988-01-14 17:03:43'),(9,48,'1993-10-20 12:32:46','1987-10-21 00:46:50'),(9,93,'1976-04-01 05:00:55','1972-12-22 21:54:29'),(10,6,'1970-05-19 03:16:25','1999-07-28 14:31:25'),(10,81,'1999-08-01 02:34:22','1983-09-03 06:49:26'),(11,47,'1997-08-12 07:48:22','1976-06-06 13:00:40'),(12,20,'2009-11-04 14:38:59','1997-06-23 06:35:46'),(13,71,'1985-05-02 20:55:57','2013-10-28 16:01:52'),(13,80,'1981-04-26 04:25:31','1972-12-08 10:23:01'),(14,26,'1996-06-21 12:11:48','1975-03-17 17:04:32'),(14,33,'2001-11-27 08:22:29','1986-06-20 22:18:54'),(15,62,'1988-11-21 21:51:43','1997-10-21 16:35:53'),(16,14,'1982-04-17 19:26:32','2004-10-24 17:22:37'),(17,62,'1979-12-04 08:20:06','1994-03-09 03:42:56'),(17,69,'2000-07-05 17:13:07','1975-05-04 07:57:01'),(17,77,'1984-08-03 21:16:56','1994-12-15 02:41:34'),(18,53,'1992-11-17 03:47:14','1984-03-31 12:45:20'),(18,71,'1984-11-23 20:40:20','1996-07-31 18:02:15'),(19,4,'2014-11-03 06:37:15','1992-01-21 16:46:56'),(20,1,'1984-07-24 19:34:49','1983-12-13 14:33:59'),(20,17,'2015-12-11 08:46:29','2019-05-28 03:37:57'),(20,100,'1994-05-25 13:46:28','1984-09-06 19:38:52'),(22,17,'2018-04-03 11:41:48','2008-12-30 09:00:22'),(22,48,'2021-03-29 23:48:06','2005-09-02 06:10:48'),(24,17,'1984-02-05 19:21:58','1991-06-24 01:45:19'),(24,34,'1993-12-09 04:57:11','1995-04-27 17:07:01'),(24,65,'2005-10-10 23:42:20','2009-09-29 03:53:31'),(25,51,'1976-02-14 02:40:13','1976-03-16 03:18:35'),(27,27,'2000-06-30 17:19:08','2003-09-03 23:59:20'),(28,15,'1989-12-24 03:04:21','2004-06-30 05:45:40'),(28,33,'2015-05-06 01:42:33','2014-03-27 07:10:37'),(28,53,'2012-04-29 06:21:01','2003-05-15 14:49:21'),(28,86,'2016-08-18 12:42:01','2011-12-06 21:05:26'),(29,50,'2011-07-31 01:42:15','1972-05-25 12:03:49'),(29,64,'2013-07-14 04:52:16','1987-02-16 14:03:09'),(29,84,'1988-11-24 17:42:15','1992-04-15 03:38:04'),(30,36,'1987-01-09 09:59:03','1990-09-26 08:09:10');
/*!40000 ALTER TABLE `communities_users` ENABLE KEYS */;
UNLOCK TABLES;

--
-- Table structure for table `coutries`
--

DROP TABLE IF EXISTS `coutries`;
/*!40101 SET @saved_cs_client     = @@character_set_client */;
/*!50503 SET character_set_client = utf8mb4 */;
CREATE TABLE `coutries` (
  `id` int unsigned NOT NULL AUTO_INCREMENT,
  `country` varchar(130) CHARACTER SET utf8mb4 COLLATE utf8mb4_unicode_ci NOT NULL,
  `created_at` datetime DEFAULT CURRENT_TIMESTAMP,
  `updated_at` datetime DEFAULT CURRENT_TIMESTAMP ON UPDATE CURRENT_TIMESTAMP,
  PRIMARY KEY (`id`),
  UNIQUE KEY `country` (`country`)
) ENGINE=InnoDB AUTO_INCREMENT=101 DEFAULT CHARSET=utf8mb4 COLLATE=utf8mb4_unicode_ci;
/*!40101 SET character_set_client = @saved_cs_client */;

--
-- Dumping data for table `coutries`
--

LOCK TABLES `coutries` WRITE;
/*!40000 ALTER TABLE `coutries` DISABLE KEYS */;
INSERT INTO `coutries` VALUES (1,'British Virgin Islands','2020-10-16 21:49:48','2021-06-26 22:04:31'),(2,'Netherlands Antilles','2013-10-10 07:52:39','2014-04-11 00:38:49'),(3,'Niue','2014-06-09 02:37:31','2014-06-12 03:31:38'),(4,'Nauru','2012-02-13 03:53:45','2017-01-06 12:27:31'),(5,'Panama','2018-05-09 01:40:07','2020-03-03 15:23:24'),(6,'Italy','2020-09-02 22:00:08','2021-06-26 22:04:31'),(7,'India','2019-10-24 16:41:21','2021-06-26 22:04:31'),(8,'Croatia','2019-08-31 10:46:26','2021-06-26 22:04:31'),(9,'Chile','2013-11-03 00:50:58','2017-09-08 02:08:15'),(10,'Madagascar','2019-11-27 11:48:33','2021-06-26 22:04:31'),(11,'Marshall Islands','2015-12-08 22:59:30','2018-11-24 01:47:35'),(12,'Wallis and Futuna','2015-09-04 19:32:51','2021-06-26 22:04:31'),(13,'Faroe Islands','2021-06-23 13:44:40','2021-06-26 22:04:31'),(14,'Falkland Islands (Malvinas)','2019-08-02 21:49:26','2021-06-26 22:04:31'),(15,'Guernsey','2020-03-16 10:04:05','2021-05-29 04:15:29'),(16,'Finland','2017-04-11 09:09:05','2018-09-08 09:39:27'),(17,'Sri Lanka','2016-03-30 06:59:02','2021-06-26 22:04:31'),(18,'Reunion','2012-10-04 10:44:20','2020-04-12 14:38:02'),(19,'United Kingdom','2015-03-14 05:44:08','2021-06-26 22:04:31'),(20,'Costa Rica','2015-06-21 19:26:45','2019-07-16 20:29:16'),(21,'Korea','2015-02-12 17:59:58','2021-06-26 22:04:31'),(22,'French Guiana','2018-02-02 05:34:26','2021-06-26 22:04:31'),(23,'United Arab Emirates','2019-11-19 05:51:33','2021-06-26 22:04:31'),(24,'Sudan','2013-05-01 14:00:33','2016-05-10 19:52:12'),(25,'New Caledonia','2020-08-23 14:42:13','2021-06-26 22:04:31'),(26,'Spain','2015-05-04 23:12:57','2021-06-26 22:04:31'),(27,'Haiti','2017-11-02 03:08:47','2021-06-26 22:04:31'),(28,'Romania','2013-01-10 12:38:46','2018-10-07 22:03:35'),(29,'Norway','2012-09-03 16:55:44','2020-10-29 16:46:07'),(30,'Georgia','2015-06-07 19:00:19','2019-06-22 23:53:02'),(31,'Somalia','2017-12-02 05:25:11','2021-06-26 22:04:31'),(32,'Monaco','2019-09-24 11:19:36','2021-06-26 22:04:31'),(33,'Honduras','2019-10-27 16:14:02','2021-06-26 22:04:31'),(34,'Maldives','2014-10-20 21:50:37','2020-06-08 01:01:42'),(35,'Jamaica','2012-01-07 02:46:48','2018-02-21 03:00:29'),(36,'Kiribati','2020-06-07 16:00:25','2021-06-26 22:04:31'),(37,'Solomon Islands','2018-05-14 02:00:02','2021-06-26 22:04:31'),(38,'Samoa','2011-11-26 05:05:00','2015-04-02 07:33:53'),(39,'Bahrain','2014-03-05 08:12:13','2018-04-14 04:14:58'),(40,'Azerbaijan','2015-01-19 03:22:24','2021-06-26 22:04:31'),(41,'Egypt','2021-03-10 03:47:16','2021-06-26 22:04:31'),(42,'Turks and Caicos Islands','2013-08-31 10:31:24','2019-11-06 12:11:40'),(43,'Kazakhstan','2015-09-13 08:04:49','2021-04-06 07:45:51'),(44,'Brazil','2013-12-08 00:53:13','2021-06-26 22:04:31'),(45,'Saint Lucia','2020-05-25 17:49:26','2021-06-26 22:04:31'),(46,'Iran','2019-09-22 14:43:20','2021-06-26 22:04:31'),(47,'Switzerland','2012-01-22 20:25:31','2017-07-21 03:27:59'),(48,'Peru','2012-03-18 05:20:24','2014-06-14 04:58:29'),(49,'Comoros','2011-09-22 12:48:54','2013-05-29 07:10:59'),(50,'Northern Mariana Islands','2017-04-06 04:16:38','2021-06-26 22:04:31'),(51,'Lithuania','2012-12-21 05:43:08','2017-09-17 18:47:05'),(52,'Malawi','2011-07-28 00:38:15','2019-10-12 08:49:16'),(53,'Western Sahara','2019-01-24 23:31:45','2020-12-31 05:57:24'),(54,'Djibouti','2018-02-27 11:14:57','2021-06-26 22:04:31'),(55,'Brunei Darussalam','2014-03-29 21:48:26','2019-11-17 20:46:36'),(56,'Cape Verde','2014-07-17 20:30:08','2021-03-22 17:54:30'),(57,'Morocco','2020-07-21 09:09:17','2021-06-26 22:04:31'),(58,'Bulgaria','2018-01-22 04:06:13','2021-06-26 22:04:31'),(59,'Burkina Faso','2017-03-22 21:16:47','2021-06-26 22:04:31'),(60,'Mauritius','2019-03-24 16:27:06','2020-07-08 09:27:15'),(61,'Cocos (Keeling) Islands','2014-11-14 23:18:21','2021-06-26 22:04:31'),(62,'French Southern Territories','2016-09-06 16:29:46','2021-06-26 22:04:31'),(63,'Sao Tome and Principe','2020-06-29 02:43:32','2021-06-26 22:04:31'),(64,'China','2018-10-01 13:58:36','2021-01-04 11:38:50'),(65,'Barbados','2021-05-09 09:56:45','2021-06-26 22:04:31'),(66,'Christmas Island','2019-01-13 05:32:59','2021-01-29 15:06:08'),(67,'Armenia','2013-07-08 19:19:05','2016-05-27 15:55:06'),(68,'Latvia','2018-05-23 13:22:52','2021-06-26 22:04:31'),(69,'British Indian Ocean Territory (Chagos Archipelago)','2011-12-29 04:17:24','2016-02-09 05:35:39'),(70,'Hong Kong','2015-05-07 06:06:14','2019-11-12 07:13:46'),(71,'Lesotho','2018-12-16 01:52:13','2021-06-26 22:04:31'),(72,'Guyana','2012-05-01 23:48:12','2020-08-16 08:59:08'),(73,'Grenada','2016-03-30 16:57:43','2021-06-26 22:04:31'),(74,'Bangladesh','2018-12-08 18:28:54','2021-06-26 22:04:31'),(75,'Angola','2019-06-12 18:02:17','2021-06-26 22:04:31'),(76,'Gambia','2011-07-05 06:09:12','2015-02-15 19:18:06'),(77,'Mozambique','2011-06-27 01:57:30','2018-01-17 23:06:13'),(78,'Cyprus','2016-03-31 00:15:40','2021-06-26 22:04:31'),(79,'Rwanda','2020-10-30 10:06:25','2021-06-26 22:04:31'),(80,'Eritrea','2015-09-12 08:12:49','2016-06-10 16:04:00'),(81,'Portugal','2019-06-22 23:56:11','2021-06-26 22:04:31'),(82,'Pitcairn Islands','2021-04-24 16:08:06','2021-06-26 22:04:31'),(83,'Timor-Leste','2019-10-28 16:44:00','2021-06-26 22:04:31'),(84,'Germany','2019-04-27 12:11:37','2021-06-26 22:04:31'),(85,'Yemen','2016-03-17 22:54:50','2019-07-02 00:23:51'),(86,'Ecuador','2012-08-30 11:59:26','2021-06-26 22:04:31'),(87,'Tunisia','2021-03-23 20:26:07','2021-06-26 22:04:31'),(88,'Senegal','2014-03-07 15:50:57','2015-08-23 23:06:59'),(89,'Kenya','2014-03-17 18:19:27','2018-10-17 12:17:26'),(90,'Ukraine','2017-04-02 23:05:09','2018-12-29 05:33:40'),(91,'Austria','2016-08-12 12:42:22','2021-06-26 22:04:31'),(92,'Macao','2012-01-06 20:29:11','2016-11-06 11:07:40'),(93,'Tonga','2011-07-25 16:29:50','2013-09-04 03:31:58'),(94,'Algeria','2011-12-25 01:11:55','2020-04-02 20:59:22'),(95,'Syrian Arab Republic','2016-12-07 15:54:12','2021-06-26 22:04:31'),(96,'Uganda','2015-07-22 14:45:40','2016-04-22 17:50:40'),(97,'Poland','2013-09-29 23:30:43','2021-06-26 22:04:31'),(98,'Gibraltar','2014-11-07 05:29:06','2017-01-13 15:02:57'),(99,'Lao People\'s Democratic Republic','2019-03-17 11:59:43','2020-09-18 09:35:55'),(100,'Tuvalu','2012-08-14 21:03:35','2018-10-26 05:01:44');
/*!40000 ALTER TABLE `coutries` ENABLE KEYS */;
UNLOCK TABLES;

--
-- Table structure for table `friendship`
--

DROP TABLE IF EXISTS `friendship`;
/*!40101 SET @saved_cs_client     = @@character_set_client */;
/*!50503 SET character_set_client = utf8mb4 */;
CREATE TABLE `friendship` (
  `user_id` int unsigned NOT NULL,
  `friend_id` int unsigned NOT NULL,
  `status_id` int unsigned NOT NULL,
  `requested_at` datetime DEFAULT CURRENT_TIMESTAMP,
  `confirmed_at` datetime DEFAULT NULL,
  `created_at` datetime DEFAULT CURRENT_TIMESTAMP,
  `updated_at` datetime DEFAULT CURRENT_TIMESTAMP ON UPDATE CURRENT_TIMESTAMP,
  PRIMARY KEY (`user_id`,`friend_id`)
) ENGINE=InnoDB DEFAULT CHARSET=utf8mb4 COLLATE=utf8mb4_unicode_ci;
/*!40101 SET character_set_client = @saved_cs_client */;

--
-- Dumping data for table `friendship`
--

LOCK TABLES `friendship` WRITE;
/*!40000 ALTER TABLE `friendship` DISABLE KEYS */;
INSERT INTO `friendship` VALUES (5,57,4,'2015-01-12 07:41:13','2021-02-18 03:50:16','2011-12-03 19:47:28','2021-06-26 18:12:09'),(6,37,2,'2017-06-23 04:07:37','2021-06-26 21:07:11','2019-02-28 04:33:44','2021-06-26 21:07:11'),(6,41,3,'2012-06-03 21:15:17','2021-04-01 21:35:31','2014-02-16 20:13:44','2021-06-26 18:12:09'),(7,21,3,'2014-02-12 16:20:08','2021-02-19 14:41:31','2017-07-08 07:00:52','2021-06-26 18:12:09'),(7,42,1,'2018-10-09 15:12:30',NULL,'2020-02-18 03:22:15','2021-06-26 21:07:42'),(7,81,3,'2016-09-07 07:54:53','2021-06-26 21:07:11','2013-09-17 01:08:40','2021-06-26 21:07:11'),(7,82,2,'2019-10-20 20:50:55','2020-01-16 07:12:00','2015-08-11 05:08:56','2021-06-26 18:12:09'),(7,84,1,'2015-05-26 05:01:30',NULL,'2014-01-28 17:40:21','2021-06-26 21:07:42'),(8,4,2,'2014-01-11 14:36:13','2020-12-30 14:18:35','2016-03-09 13:43:57','2021-06-26 18:12:09'),(8,5,2,'2014-01-24 05:33:50','2021-06-26 21:07:11','2020-05-31 06:39:17','2021-06-26 21:07:11'),(8,30,2,'2017-04-13 04:00:13','2021-06-26 21:07:11','2019-10-10 14:32:56','2021-06-26 21:07:11'),(8,48,2,'2014-09-21 07:29:26','2018-01-17 19:19:59','2013-07-05 09:46:35','2021-06-26 18:12:09'),(9,90,2,'2017-11-26 03:55:19','2018-04-13 10:03:13','2016-08-26 11:08:16','2021-06-26 18:12:09'),(10,60,2,'2020-11-23 15:19:08','2021-06-26 21:07:11','2021-05-30 18:59:15','2021-06-26 21:07:11'),(11,53,4,'2014-07-01 13:11:03','2021-06-26 21:07:11','2011-11-27 15:57:31','2021-06-26 21:07:11'),(11,79,2,'2015-05-28 09:48:25','2015-08-02 07:57:45','2012-05-27 00:26:58','2021-06-26 18:12:09'),(13,31,1,'2014-04-15 19:01:40',NULL,'2014-07-19 20:54:47','2021-06-26 21:07:42'),(13,85,3,'2017-01-22 09:41:05','2021-06-26 21:07:11','2017-08-30 22:49:54','2021-06-26 21:07:11'),(14,19,1,'2017-10-30 02:13:31',NULL,'2011-08-22 14:15:58','2021-06-26 21:07:42'),(14,28,3,'2013-09-22 21:01:15','2019-03-08 20:09:42','2021-02-22 14:35:12','2021-06-26 18:12:09'),(14,43,2,'2020-01-29 12:27:52','2021-06-26 21:07:11','2021-03-06 21:45:43','2021-06-26 21:07:11'),(15,53,3,'2019-07-02 10:23:21','2021-06-02 00:58:27','2016-07-24 13:25:27','2021-06-26 18:12:09'),(16,78,4,'2016-07-04 19:48:09','2021-03-03 13:19:24','2017-02-28 23:11:09','2021-06-26 18:12:09'),(17,51,2,'2014-09-11 11:01:14','2020-10-17 05:52:17','2012-09-17 01:47:10','2021-06-26 18:12:09'),(20,27,4,'2013-03-13 05:06:23','2013-11-11 18:23:42','2019-11-25 18:32:16','2021-06-26 18:12:09'),(21,66,4,'2020-02-10 15:30:59','2021-02-15 09:14:52','2014-07-01 13:59:51','2021-06-26 18:12:09'),(23,77,3,'2013-10-09 08:16:25','2019-05-03 19:09:21','2016-04-03 12:28:06','2021-06-26 18:12:09'),(26,45,1,'2018-06-04 19:35:42',NULL,'2011-11-07 01:58:03','2021-06-26 21:07:42'),(28,4,3,'2013-02-13 21:16:57','2021-06-24 11:12:53','2013-05-11 09:03:47','2021-06-26 18:12:09'),(29,54,2,'2016-01-03 18:34:43','2016-07-01 20:25:28','2020-10-22 19:19:10','2021-06-26 18:12:09'),(29,62,2,'2021-01-01 05:04:41','2021-06-26 21:07:11','2015-08-29 06:23:00','2021-06-26 21:07:11'),(31,66,2,'2012-01-28 01:50:53','2012-11-09 21:37:37','2015-08-11 23:47:59','2021-06-26 18:12:09'),(32,80,4,'2016-10-09 22:30:49','2019-08-29 17:34:49','2019-04-26 08:01:08','2021-06-26 18:12:09'),(33,61,4,'2020-04-29 00:05:13','2021-06-26 21:07:11','2019-09-28 11:54:59','2021-06-26 21:07:11'),(36,50,3,'2018-12-23 21:18:14','2020-02-27 14:58:57','2020-07-03 02:52:23','2021-06-26 18:12:09'),(37,34,2,'2015-11-15 06:27:56','2021-06-26 21:07:11','2019-04-04 07:20:42','2021-06-26 21:07:11'),(38,24,2,'2020-03-04 14:39:45','2021-06-26 21:07:11','2015-07-05 19:19:46','2021-06-26 21:07:11'),(38,87,2,'2019-01-05 06:57:22','2021-06-26 21:07:11','2020-03-15 13:26:14','2021-06-26 21:07:11'),(39,24,3,'2020-09-22 12:00:37','2021-06-26 21:07:11','2016-07-15 11:43:51','2021-06-26 21:07:11'),(40,33,2,'2018-01-20 10:44:26','2021-06-26 21:07:11','2014-02-28 14:15:20','2021-06-26 21:07:11'),(41,33,2,'2015-11-19 11:00:22','2016-11-15 09:36:42','2013-02-15 05:52:27','2021-06-26 18:12:09'),(41,53,2,'2017-05-31 00:45:23','2018-02-26 22:44:48','2021-02-19 10:49:44','2021-06-26 18:12:09'),(41,59,4,'2015-06-22 14:23:05','2021-06-26 21:07:11','2018-06-20 14:22:06','2021-06-26 21:07:11'),(44,79,4,'2020-01-10 00:34:47','2021-06-26 21:07:11','2018-06-28 15:44:18','2021-06-26 21:07:11'),(46,38,4,'2013-11-08 13:33:43','2017-12-04 20:17:58','2019-06-04 23:58:04','2021-06-26 18:12:09'),(46,49,2,'2018-02-13 00:56:20','2021-06-26 21:07:11','2013-06-04 19:36:36','2021-06-26 21:07:11'),(46,70,4,'2015-01-04 05:26:12','2019-08-09 15:51:24','2017-05-08 14:40:34','2021-06-26 18:12:09'),(49,27,1,'2018-11-01 14:55:25',NULL,'2011-09-13 01:18:16','2021-06-26 21:07:42'),(49,81,4,'2020-05-03 10:44:34','2021-06-26 21:07:11','2013-12-21 01:27:05','2021-06-26 21:07:11'),(49,88,3,'2017-12-02 21:54:07','2021-06-26 21:07:11','2020-10-11 17:44:47','2021-06-26 21:07:11'),(51,100,2,'2017-03-08 15:30:05','2021-06-26 21:07:11','2020-09-13 13:50:10','2021-06-26 21:07:11'),(54,71,1,'2019-03-03 18:22:11',NULL,'2019-02-27 21:10:02','2021-06-26 21:07:42'),(54,95,3,'2017-09-30 05:20:11','2021-06-26 21:07:11','2017-04-10 18:30:44','2021-06-26 21:07:11'),(55,30,4,'2016-04-16 23:49:53','2019-01-03 10:26:54','2012-08-26 18:57:20','2021-06-26 18:12:09'),(55,62,3,'2017-07-28 11:20:11','2021-06-26 21:07:11','2019-01-01 01:41:11','2021-06-26 21:07:11'),(58,74,2,'2016-07-12 18:40:10','2021-06-26 21:07:11','2019-12-31 10:23:34','2021-06-26 21:07:11'),(59,6,4,'2012-08-28 08:35:04','2014-08-15 00:55:50','2015-04-13 12:51:43','2021-06-26 18:12:09'),(60,17,3,'2020-11-06 08:40:56','2020-12-04 14:33:06','2016-10-22 11:16:39','2021-06-26 18:12:09'),(61,38,1,'2017-09-18 21:52:20',NULL,'2015-09-22 10:41:57','2021-06-26 21:07:42'),(61,63,2,'2019-09-11 02:58:35','2021-06-26 21:07:11','2013-05-22 09:56:42','2021-06-26 21:07:11'),(61,84,2,'2020-11-18 00:39:38','2021-06-26 21:07:11','2016-11-11 00:17:51','2021-06-26 21:07:11'),(62,83,4,'2012-12-05 14:17:35','2018-12-30 07:47:11','2013-11-13 18:33:51','2021-06-26 18:12:09'),(66,45,2,'2018-10-05 01:51:04','2021-06-26 21:07:11','2015-08-27 06:43:57','2021-06-26 21:07:11'),(67,1,4,'2012-02-23 05:48:02','2020-01-09 09:43:34','2019-10-08 13:59:19','2021-06-26 18:12:09'),(67,97,3,'2012-12-28 17:55:38','2014-05-12 14:14:58','2013-05-10 20:43:43','2021-06-26 18:12:09'),(69,26,4,'2017-08-19 05:57:34','2021-06-26 21:07:11','2019-07-28 18:01:29','2021-06-26 21:07:11'),(69,31,2,'2012-04-01 22:30:12','2018-08-09 05:29:57','2020-11-17 09:29:19','2021-06-26 18:12:09'),(69,56,4,'2020-05-24 04:22:42','2021-06-26 21:07:11','2018-12-14 11:34:19','2021-06-26 21:07:11'),(69,84,4,'2020-11-04 12:13:59','2021-06-26 21:07:11','2011-11-28 16:12:45','2021-06-26 21:07:11'),(70,51,2,'2017-02-07 16:51:40','2017-07-12 08:24:39','2015-12-13 07:07:07','2021-06-26 18:12:09'),(70,58,3,'2017-06-03 02:21:14','2021-06-26 21:07:11','2017-11-08 21:48:08','2021-06-26 21:07:11'),(73,9,2,'2013-10-30 09:38:11','2018-09-10 19:58:08','2012-01-25 17:46:44','2021-06-26 18:12:09'),(73,65,2,'2016-08-02 11:34:15','2021-06-26 21:07:11','2019-12-09 16:42:53','2021-06-26 21:07:11'),(75,54,2,'2015-11-22 10:26:41','2021-02-11 20:40:30','2020-10-09 15:30:06','2021-06-26 18:12:09'),(75,100,2,'2013-04-26 10:56:12','2019-02-12 18:47:59','2019-10-02 04:41:45','2021-06-26 18:12:09'),(76,34,4,'2020-07-05 18:16:02','2021-06-26 21:07:11','2014-12-13 06:15:24','2021-06-26 21:07:11'),(76,77,3,'2021-03-07 20:24:12','2021-06-26 21:07:11','2020-01-06 03:34:51','2021-06-26 21:07:11'),(76,93,3,'2013-02-11 01:20:28','2017-08-23 12:19:06','2011-12-08 04:24:26','2021-06-26 18:12:09'),(77,59,3,'2014-12-05 23:59:12','2021-06-26 21:07:11','2017-09-09 15:07:25','2021-06-26 21:07:11'),(78,4,4,'2016-08-05 00:19:58','2017-07-08 23:20:22','2017-01-05 08:26:46','2021-06-26 18:12:09'),(78,27,2,'2017-04-09 14:09:36','2021-06-26 21:07:11','2015-08-24 00:26:20','2021-06-26 21:07:11'),(78,82,2,'2016-12-31 19:19:15','2021-06-26 21:07:11','2018-11-22 13:33:25','2021-06-26 21:07:11'),(80,43,3,'2020-11-03 05:03:12','2021-06-26 21:07:11','2014-04-20 02:23:27','2021-06-26 21:07:11'),(81,69,1,'2016-02-11 10:58:06',NULL,'2013-12-09 18:55:07','2021-06-26 21:07:42'),(81,77,2,'2014-06-15 05:40:47','2016-07-16 10:31:43','2014-05-20 07:53:39','2021-06-26 18:12:09'),(82,82,4,'2020-04-19 03:29:56','2020-06-09 06:32:41','2014-08-12 00:57:42','2021-06-26 18:12:09'),(83,54,2,'2017-09-05 00:06:47','2021-06-26 21:07:11','2014-01-03 20:09:23','2021-06-26 21:07:11'),(84,33,3,'2017-02-08 14:45:13','2020-12-02 21:57:16','2014-05-23 22:53:26','2021-06-26 18:12:09'),(84,69,2,'2015-04-12 17:18:49','2019-10-26 21:03:42','2019-03-12 07:32:54','2021-06-26 18:12:09'),(89,67,1,'2017-07-22 13:08:33',NULL,'2020-07-26 13:39:23','2021-06-26 21:07:42'),(90,2,3,'2012-07-31 07:07:33','2017-12-25 01:02:07','2019-11-12 17:43:23','2021-06-26 18:12:09'),(91,11,4,'2021-04-07 04:22:27','2021-05-12 22:44:15','2017-11-30 06:01:07','2021-06-26 18:12:09'),(91,35,2,'2017-02-02 08:17:38','2021-06-26 21:07:11','2012-07-12 14:47:41','2021-06-26 21:07:11'),(94,34,4,'2020-02-23 10:11:44','2021-06-26 21:07:11','2011-09-14 18:46:14','2021-06-26 21:07:11'),(94,41,2,'2014-12-14 19:31:41','2015-11-16 15:35:35','2018-01-13 08:42:33','2021-06-26 18:12:09'),(96,27,2,'2019-04-24 05:10:16','2021-06-26 21:07:11','2013-06-16 08:38:26','2021-06-26 21:07:11'),(98,37,2,'2013-03-01 01:25:17','2021-05-12 19:05:33','2017-07-28 17:47:02','2021-06-26 18:12:09'),(98,71,1,'2017-01-22 13:11:28',NULL,'2013-04-29 09:55:23','2021-06-26 21:07:42'),(100,7,2,'2018-08-31 07:21:16','2021-06-26 21:07:11','2011-08-31 20:08:47','2021-06-26 21:07:11'),(100,52,3,'2019-02-13 11:33:53','2020-06-05 09:34:07','2020-05-23 10:39:06','2021-06-26 18:12:09');
/*!40000 ALTER TABLE `friendship` ENABLE KEYS */;
UNLOCK TABLES;

--
-- Table structure for table `friendship_statuses`
--

DROP TABLE IF EXISTS `friendship_statuses`;
/*!40101 SET @saved_cs_client     = @@character_set_client */;
/*!50503 SET character_set_client = utf8mb4 */;
CREATE TABLE `friendship_statuses` (
  `id` int unsigned NOT NULL AUTO_INCREMENT,
  `name` varchar(150) CHARACTER SET utf8mb4 COLLATE utf8mb4_unicode_ci NOT NULL,
  `created_at` datetime DEFAULT CURRENT_TIMESTAMP,
  `updated_at` datetime DEFAULT CURRENT_TIMESTAMP ON UPDATE CURRENT_TIMESTAMP,
  PRIMARY KEY (`id`),
  UNIQUE KEY `name` (`name`)
) ENGINE=InnoDB AUTO_INCREMENT=5 DEFAULT CHARSET=utf8mb4 COLLATE=utf8mb4_unicode_ci;
/*!40101 SET character_set_client = @saved_cs_client */;

--
-- Dumping data for table `friendship_statuses`
--

LOCK TABLES `friendship_statuses` WRITE;
/*!40000 ALTER TABLE `friendship_statuses` DISABLE KEYS */;
INSERT INTO `friendship_statuses` VALUES (1,'requested','2021-06-26 18:11:32','2021-06-26 18:11:32'),(2,'accepted','2021-06-26 18:11:32','2021-06-26 18:11:32'),(3,'declined','2021-06-26 18:11:32','2021-06-26 18:11:32'),(4,'cancelled','2021-06-26 18:11:32','2021-06-26 18:11:32');
/*!40000 ALTER TABLE `friendship_statuses` ENABLE KEYS */;
UNLOCK TABLES;

--
-- Table structure for table `likes_media`
--

DROP TABLE IF EXISTS `likes_media`;
/*!40101 SET @saved_cs_client     = @@character_set_client */;
/*!50503 SET character_set_client = utf8mb4 */;
CREATE TABLE `likes_media` (
  `media_id` int unsigned NOT NULL,
  `from_user_id` int unsigned NOT NULL,
  `like_dislike` tinyint(1) DEFAULT NULL,
  `created_at` datetime DEFAULT CURRENT_TIMESTAMP,
  `updated_at` datetime DEFAULT CURRENT_TIMESTAMP ON UPDATE CURRENT_TIMESTAMP,
  PRIMARY KEY (`media_id`,`from_user_id`)
) ENGINE=InnoDB DEFAULT CHARSET=utf8mb4 COLLATE=utf8mb4_unicode_ci;
/*!40101 SET character_set_client = @saved_cs_client */;

--
-- Dumping data for table `likes_media`
--

LOCK TABLES `likes_media` WRITE;
/*!40000 ALTER TABLE `likes_media` DISABLE KEYS */;
INSERT INTO `likes_media` VALUES (3,69,0,'2011-07-17 16:45:27','2011-08-03 20:24:50'),(8,78,0,'2020-07-23 17:01:57','2021-06-26 22:15:33'),(9,46,0,'2019-03-06 11:41:41','2021-06-26 22:15:33'),(9,67,0,'2014-09-18 16:57:51','2021-06-26 22:15:33'),(12,34,1,'2011-11-13 23:04:08','2021-06-26 22:15:33'),(17,57,0,'2011-08-26 23:46:52','2012-12-27 02:37:08'),(18,79,1,'2018-06-19 19:15:10','2021-06-26 22:15:33'),(19,3,0,'2018-05-19 08:36:00','2019-05-10 10:03:15'),(21,2,1,'2015-01-02 11:28:09','2021-06-26 22:15:33'),(21,20,0,'2016-03-16 17:36:22','2019-11-18 05:10:35'),(21,55,1,'2019-09-03 17:32:16','2021-06-26 22:15:33'),(22,64,1,'2015-06-30 12:38:08','2021-06-26 22:15:33'),(24,82,1,'2014-06-21 04:42:39','2015-04-09 18:27:37'),(27,74,0,'2014-02-23 08:53:30','2019-08-26 03:57:55'),(28,27,0,'2017-09-08 14:11:10','2021-06-26 22:15:33'),(29,16,0,'2018-06-16 12:38:19','2021-06-26 22:15:33'),(29,88,0,'2017-12-06 11:13:06','2021-06-26 22:15:33'),(31,28,0,'2017-10-19 06:58:36','2017-12-08 16:38:20'),(33,81,0,'2021-05-24 05:28:48','2021-06-26 22:15:33'),(35,4,1,'2017-02-23 08:34:36','2021-06-26 22:15:33'),(36,24,0,'2018-04-30 04:00:32','2020-09-13 23:09:07'),(37,85,1,'2015-05-19 01:07:38','2021-06-26 22:15:33'),(39,59,1,'2011-11-17 21:17:36','2016-10-20 15:50:09'),(42,93,1,'2014-12-31 20:25:07','2021-06-26 22:15:33'),(44,90,1,'2018-07-30 09:06:02','2021-06-26 22:15:33'),(49,48,0,'2018-10-07 04:11:31','2020-09-16 21:43:05'),(51,51,0,'2011-09-06 20:38:14','2012-09-19 06:25:09'),(54,53,0,'2011-09-25 01:39:49','2012-10-09 10:25:46'),(54,97,1,'2017-05-24 04:29:47','2021-06-26 22:15:33'),(55,49,0,'2018-09-10 12:55:45','2021-06-26 22:15:33'),(55,94,1,'2019-03-09 02:57:17','2021-06-04 14:39:28'),(56,50,1,'2012-09-09 08:34:02','2021-05-12 17:51:02'),(64,38,1,'2012-12-13 19:39:19','2020-06-10 11:56:41'),(64,40,0,'2014-05-10 19:43:10','2021-06-26 22:15:33'),(64,45,0,'2019-02-22 18:52:32','2021-06-26 22:15:33'),(65,13,0,'2020-02-21 21:02:48','2021-06-26 22:15:33'),(66,7,0,'2019-02-01 13:09:34','2021-06-26 22:15:33'),(68,39,1,'2013-11-22 22:43:23','2021-06-26 22:15:33'),(68,95,0,'2018-06-17 22:26:44','2020-08-19 09:19:10'),(75,11,0,'2013-02-22 13:51:18','2020-05-30 06:22:48'),(77,84,1,'2013-07-28 09:51:37','2018-01-31 00:25:18'),(79,12,1,'2015-08-07 20:50:52','2021-03-03 00:54:12'),(80,56,0,'2016-01-15 18:56:35','2021-01-27 18:33:24'),(84,41,0,'2011-07-10 16:43:24','2020-12-13 06:21:13'),(85,76,0,'2012-10-17 17:54:48','2014-07-24 21:17:07'),(92,42,0,'2017-01-15 17:54:06','2020-06-09 03:26:49'),(94,65,1,'2020-09-06 10:59:20','2021-06-26 22:15:33'),(97,60,0,'2015-08-10 11:44:52','2016-03-06 04:38:06'),(98,22,0,'2014-05-29 19:09:41','2016-09-13 04:28:17'),(98,87,1,'2014-10-01 23:11:55','2015-01-28 13:26:52'),(99,43,0,'2014-04-24 16:21:12','2021-04-17 06:57:14'),(100,8,0,'2012-09-26 20:27:10','2015-08-12 05:41:32'),(101,15,0,'2020-01-11 00:44:21','2020-03-18 08:11:14'),(101,17,0,'2014-05-23 10:02:09','2021-06-26 22:15:33'),(101,36,0,'2016-11-26 11:55:51','2017-04-17 22:28:47'),(102,86,0,'2013-05-06 22:12:20','2018-09-03 03:02:11'),(103,25,0,'2016-10-25 01:02:54','2021-06-26 22:15:33'),(107,23,0,'2019-11-23 17:48:34','2021-06-26 22:15:33'),(112,91,0,'2016-03-03 08:05:02','2017-10-26 15:27:39'),(118,99,1,'2019-10-27 07:43:50','2019-12-26 13:02:42'),(119,32,0,'2018-09-03 13:38:14','2021-05-18 22:18:12'),(121,68,1,'2019-11-28 05:19:11','2021-06-26 22:15:33'),(123,9,1,'2014-06-23 07:26:54','2021-06-26 22:15:33'),(125,54,0,'2017-04-08 18:09:51','2020-01-04 16:38:42'),(127,100,0,'2014-12-31 16:54:42','2018-01-26 04:49:11'),(129,52,0,'2017-05-30 21:46:47','2021-06-26 22:15:33'),(131,10,1,'2018-06-18 02:01:48','2021-06-26 22:15:33'),(137,1,1,'2021-03-22 03:30:39','2021-06-26 22:15:33'),(139,71,0,'2014-01-03 02:46:23','2015-04-09 17:21:09'),(146,61,0,'2014-08-28 15:17:57','2019-12-19 10:58:41'),(147,33,1,'2011-08-05 08:19:41','2012-09-25 16:09:36'),(150,18,0,'2011-09-13 03:08:13','2021-01-25 11:24:15'),(150,44,0,'2012-12-26 18:32:21','2018-03-23 06:08:25'),(151,77,1,'2012-11-03 21:12:31','2021-06-10 12:05:03'),(152,14,1,'2013-01-22 12:06:21','2020-06-08 15:22:02'),(152,29,0,'2014-12-28 20:32:01','2021-06-26 22:15:33'),(155,19,0,'2015-08-28 19:49:41','2021-06-26 22:15:33'),(155,83,1,'2012-10-20 18:16:21','2021-06-23 01:07:58'),(157,6,1,'2012-10-27 17:56:57','2015-07-06 16:24:51'),(159,21,1,'2018-06-23 23:28:37','2021-02-18 19:10:32'),(163,58,0,'2015-11-06 13:40:30','2018-12-30 01:39:38'),(164,31,1,'2013-06-10 05:35:53','2019-05-10 06:13:12'),(167,72,1,'2014-01-06 08:27:58','2021-06-26 22:15:33'),(168,63,0,'2016-04-26 00:58:29','2021-06-26 22:15:33'),(170,70,0,'2013-04-11 18:06:33','2014-05-15 10:00:11'),(172,47,0,'2020-06-21 02:46:43','2021-06-26 22:15:33'),(174,80,0,'2012-11-14 00:51:00','2016-11-04 18:10:00'),(178,73,0,'2017-06-17 16:36:15','2019-01-07 03:36:14'),(180,35,1,'2017-10-20 08:15:47','2018-09-21 09:13:53'),(181,5,1,'2012-08-25 00:33:05','2021-06-26 22:15:33'),(185,66,1,'2019-10-15 14:58:58','2021-06-26 22:15:33'),(190,30,0,'2013-06-18 01:39:36','2018-05-03 17:20:25'),(190,92,0,'2016-06-29 04:21:41','2020-10-25 07:18:39'),(192,98,0,'2012-02-07 15:29:56','2017-09-22 07:27:57'),(193,89,0,'2012-09-02 08:44:07','2015-12-12 08:11:30'),(194,37,1,'2019-07-07 08:06:04','2021-06-26 22:15:33'),(196,26,1,'2012-01-23 17:24:46','2021-03-18 13:35:16'),(197,75,0,'2012-06-03 18:58:25','2021-06-26 22:15:33'),(198,96,0,'2012-03-14 10:43:22','2019-04-30 03:55:48'),(200,62,1,'2019-06-11 03:16:42','2021-06-26 22:15:33');
/*!40000 ALTER TABLE `likes_media` ENABLE KEYS */;
UNLOCK TABLES;

--
-- Table structure for table `likes_posts`
--

DROP TABLE IF EXISTS `likes_posts`;
/*!40101 SET @saved_cs_client     = @@character_set_client */;
/*!50503 SET character_set_client = utf8mb4 */;
CREATE TABLE `likes_posts` (
  `post_id` int unsigned NOT NULL,
  `from_user_id` int unsigned NOT NULL,
  `like_dislike` tinyint(1) DEFAULT NULL,
  `created_at` datetime DEFAULT CURRENT_TIMESTAMP,
  `updated_at` datetime DEFAULT CURRENT_TIMESTAMP ON UPDATE CURRENT_TIMESTAMP,
  PRIMARY KEY (`post_id`,`from_user_id`)
) ENGINE=InnoDB DEFAULT CHARSET=utf8mb4 COLLATE=utf8mb4_unicode_ci;
/*!40101 SET character_set_client = @saved_cs_client */;

--
-- Dumping data for table `likes_posts`
--

LOCK TABLES `likes_posts` WRITE;
/*!40000 ALTER TABLE `likes_posts` DISABLE KEYS */;
INSERT INTO `likes_posts` VALUES (2,2,0,'2013-07-13 02:13:53','2020-09-27 12:23:05'),(3,34,1,'2014-09-25 02:03:12','2015-04-08 21:27:04'),(4,14,0,'2015-11-30 04:21:49','2018-11-07 00:29:23'),(4,73,1,'2013-01-01 05:11:06','2021-06-26 22:17:14'),(5,46,1,'2018-07-03 01:47:19','2021-06-26 22:17:14'),(5,70,0,'2017-11-05 00:31:26','2018-03-19 05:19:23'),(6,35,0,'2012-05-22 16:10:54','2013-12-16 11:05:15'),(6,65,0,'2015-11-15 04:34:13','2017-07-13 07:08:07'),(6,84,0,'2016-10-08 20:05:33','2021-06-26 22:17:14'),(8,85,1,'2021-02-16 00:08:37','2021-06-26 22:17:14'),(10,25,0,'2015-08-23 19:58:49','2021-01-05 17:24:55'),(11,39,1,'2012-03-11 22:34:15','2017-10-21 00:22:44'),(14,76,0,'2020-12-11 05:09:26','2021-06-26 22:17:14'),(15,30,0,'2012-06-26 19:14:52','2014-09-16 11:31:28'),(15,56,1,'2013-05-04 08:27:04','2014-07-30 02:30:42'),(16,10,1,'2018-01-31 16:48:17','2021-06-26 22:17:14'),(16,24,1,'2011-08-13 19:58:53','2011-08-19 23:37:57'),(19,55,1,'2012-02-12 01:23:12','2013-10-03 07:04:31'),(21,71,0,'2013-07-05 12:12:20','2021-06-26 22:17:14'),(22,69,1,'2016-06-22 19:13:22','2018-10-20 07:53:41'),(23,28,1,'2019-12-13 09:07:28','2021-06-26 22:17:14'),(24,82,0,'2013-03-21 12:27:14','2021-06-26 22:17:14'),(24,90,0,'2014-09-02 08:47:07','2019-09-06 08:22:17'),(25,18,0,'2020-08-14 02:36:11','2021-06-26 22:17:14'),(25,61,0,'2016-05-29 03:41:17','2016-10-07 07:48:53'),(26,47,0,'2014-12-24 22:18:20','2021-06-26 22:17:14'),(26,57,0,'2011-10-11 09:00:14','2020-09-09 05:50:09'),(27,14,1,'2020-11-26 13:15:10','2021-02-04 12:13:51'),(27,61,0,'2021-05-18 23:51:52','2021-06-26 22:17:14'),(29,95,1,'2012-09-18 03:12:42','2013-07-01 09:38:09'),(30,67,0,'2020-05-10 14:24:27','2021-06-26 22:17:14'),(31,81,1,'2014-02-20 12:28:39','2021-01-21 22:42:13'),(33,43,1,'2014-06-01 19:19:58','2014-08-17 17:55:32'),(34,57,1,'2011-06-28 03:01:31','2019-01-08 12:01:03'),(34,67,1,'2021-03-09 23:07:21','2021-06-26 22:17:14'),(35,93,0,'2018-11-12 03:44:59','2021-06-26 22:17:14'),(36,19,1,'2018-03-01 06:44:18','2021-06-26 22:17:14'),(36,29,1,'2019-02-19 14:43:13','2021-06-26 22:17:14'),(36,84,1,'2019-03-01 08:29:45','2020-01-19 06:22:16'),(36,86,0,'2011-10-22 02:33:28','2015-11-03 21:11:19'),(39,3,0,'2014-01-04 18:04:09','2021-06-26 22:17:14'),(39,90,0,'2015-01-11 17:25:30','2020-05-26 05:44:57'),(41,1,0,'2017-03-07 09:15:29','2021-06-26 22:17:14'),(41,91,0,'2013-05-13 09:24:52','2017-04-22 01:27:31'),(43,91,1,'2020-04-30 03:34:42','2021-06-26 22:17:14'),(43,95,0,'2014-02-05 12:35:07','2021-06-26 22:17:14'),(44,45,0,'2017-07-29 20:34:47','2021-06-26 22:17:14'),(45,12,1,'2019-08-11 23:55:16','2021-06-26 22:17:14'),(48,44,0,'2011-11-22 05:52:13','2013-11-24 10:23:02'),(48,71,0,'2015-02-24 04:23:21','2016-08-26 21:13:29'),(51,12,0,'2020-10-13 05:58:58','2021-06-26 22:17:14'),(51,59,0,'2018-11-24 04:08:36','2021-06-26 22:17:14'),(53,78,1,'2020-08-08 16:24:35','2021-06-26 22:17:14'),(54,8,1,'2013-03-27 10:18:47','2015-10-23 03:52:47'),(54,93,1,'2014-02-28 22:22:37','2021-02-18 14:48:01'),(55,64,1,'2012-01-01 11:51:29','2013-08-01 17:23:15'),(57,2,0,'2018-07-14 07:05:34','2021-06-26 22:17:14'),(57,44,0,'2016-07-04 12:03:05','2021-06-26 22:17:14'),(57,81,1,'2017-12-07 06:08:27','2021-06-26 22:17:14'),(58,75,0,'2019-02-06 06:30:23','2021-06-26 22:17:14'),(60,27,1,'2020-04-07 17:34:06','2021-06-26 22:17:14'),(61,96,0,'2018-12-06 20:46:44','2021-06-26 22:17:14'),(62,1,1,'2015-10-22 06:03:54','2021-06-26 22:17:14'),(62,8,0,'2013-02-27 13:24:49','2017-01-01 15:56:02'),(62,13,0,'2021-05-13 09:35:58','2021-06-26 22:17:14'),(65,2,0,'2012-05-31 08:02:27','2020-02-14 18:39:38'),(65,86,0,'2013-01-20 14:45:05','2021-06-26 22:17:14'),(66,22,1,'2017-02-11 17:50:12','2021-06-26 22:17:14'),(67,81,1,'2017-05-04 06:45:55','2021-06-26 22:17:14'),(68,32,1,'2017-12-26 11:27:33','2018-09-27 22:24:24'),(70,64,1,'2018-04-06 22:12:53','2020-11-14 07:18:40'),(71,11,0,'2017-06-14 00:53:36','2021-06-26 22:17:14'),(72,36,1,'2020-10-30 06:18:28','2021-06-26 22:17:14'),(73,50,0,'2012-02-22 17:09:51','2013-03-26 22:02:21'),(76,21,1,'2019-10-01 19:19:36','2021-06-26 22:17:14'),(77,54,0,'2019-01-17 04:17:44','2021-06-26 22:17:14'),(79,50,1,'2012-01-09 07:33:00','2016-03-16 03:24:47'),(79,92,0,'2013-06-22 08:39:46','2015-01-10 07:40:47'),(80,31,0,'2020-06-16 15:34:46','2021-06-17 17:51:03'),(81,59,0,'2015-09-19 00:26:05','2016-11-14 07:23:03'),(81,60,0,'2016-09-26 17:40:39','2021-06-26 22:17:14'),(82,64,1,'2021-04-03 13:22:35','2021-06-26 22:17:14'),(84,15,1,'2014-08-26 04:51:17','2020-06-08 02:05:50'),(85,12,1,'2013-06-02 11:56:40','2021-06-26 22:17:14'),(86,48,1,'2013-06-02 04:02:57','2014-06-28 01:30:48'),(86,79,1,'2014-07-28 06:41:40','2021-06-26 22:17:14'),(86,81,0,'2019-12-29 04:58:46','2021-06-26 22:17:14'),(88,94,1,'2013-05-28 15:27:18','2015-09-11 06:55:58'),(89,3,0,'2018-03-17 13:52:43','2021-06-26 22:17:14'),(89,73,0,'2013-12-29 04:05:26','2019-07-28 13:34:13'),(90,11,1,'2016-06-06 19:28:36','2021-02-03 12:52:44'),(93,23,1,'2021-03-16 04:44:53','2021-06-26 22:17:14'),(94,35,1,'2016-06-29 20:48:20','2021-06-26 22:17:14'),(94,58,1,'2011-12-06 21:07:12','2020-11-11 06:07:25'),(95,34,0,'2020-02-01 23:04:49','2021-06-26 22:17:14'),(95,69,0,'2016-09-07 23:01:30','2021-06-26 22:17:14'),(96,30,0,'2012-01-30 05:14:25','2018-12-10 14:40:48'),(97,34,0,'2019-05-15 00:55:31','2021-06-26 22:17:14'),(100,29,0,'2012-05-06 21:04:02','2019-06-30 03:35:35'),(100,67,0,'2013-04-30 15:36:43','2018-01-19 05:07:25');
/*!40000 ALTER TABLE `likes_posts` ENABLE KEYS */;
UNLOCK TABLES;

--
-- Table structure for table `likes_users`
--

DROP TABLE IF EXISTS `likes_users`;
/*!40101 SET @saved_cs_client     = @@character_set_client */;
/*!50503 SET character_set_client = utf8mb4 */;
CREATE TABLE `likes_users` (
  `user_id` int unsigned NOT NULL,
  `from_user_id` int unsigned NOT NULL,
  `like_dislike` tinyint(1) DEFAULT NULL,
  `created_at` datetime DEFAULT CURRENT_TIMESTAMP,
  `updated_at` datetime DEFAULT CURRENT_TIMESTAMP ON UPDATE CURRENT_TIMESTAMP,
  PRIMARY KEY (`user_id`,`from_user_id`)
) ENGINE=InnoDB DEFAULT CHARSET=utf8mb4 COLLATE=utf8mb4_unicode_ci;
/*!40101 SET character_set_client = @saved_cs_client */;

--
-- Dumping data for table `likes_users`
--

LOCK TABLES `likes_users` WRITE;
/*!40000 ALTER TABLE `likes_users` DISABLE KEYS */;
INSERT INTO `likes_users` VALUES (2,67,1,'2020-05-17 03:35:03','2021-06-26 22:20:53'),(3,41,0,'2020-12-20 22:02:04','2021-06-26 22:22:19'),(4,81,0,'2018-11-06 07:34:45','2021-06-26 22:22:19'),(6,63,0,'2018-02-25 14:29:34','2021-06-26 22:22:19'),(7,50,1,'2020-01-14 04:58:27','2021-06-26 22:20:53'),(7,55,0,'2014-09-23 00:41:23','2021-06-26 22:22:19'),(11,61,1,'2017-12-20 05:16:49','2021-06-26 22:20:53'),(11,70,0,'2014-01-18 21:22:13','2021-06-26 22:22:19'),(12,15,0,'2014-08-14 11:54:08','2021-06-26 22:22:19'),(13,6,1,'2014-08-28 21:56:43','2021-06-26 22:20:53'),(14,37,1,'2013-10-14 00:54:08','2021-06-26 22:20:53'),(14,77,1,'2017-02-23 05:27:38','2021-06-26 22:20:53'),(14,79,0,'2015-02-16 05:26:29','2021-06-26 22:22:19'),(14,88,1,'2013-09-28 21:05:00','2021-06-26 22:20:53'),(16,51,1,'2021-06-07 11:00:52','2021-06-26 22:20:53'),(16,59,0,'2014-01-19 05:01:53','2021-06-26 22:22:19'),(17,94,0,'2015-01-19 15:59:18','2021-06-26 22:22:19'),(18,63,1,'2020-02-23 18:14:27','2021-06-26 22:20:53'),(18,94,0,'2019-03-09 20:15:26','2021-06-26 22:22:19'),(22,20,1,'2015-11-27 23:11:07','2021-06-26 22:20:53'),(23,63,1,'2018-01-25 17:25:38','2021-06-26 22:20:53'),(23,88,0,'2016-05-22 17:50:35','2021-06-26 22:22:19'),(25,29,0,'2014-03-24 11:51:05','2021-06-26 22:22:19'),(26,34,1,'2012-04-24 10:49:42','2021-06-26 22:20:53'),(26,51,0,'2018-03-07 14:27:09','2021-06-26 22:22:19'),(28,12,0,'2012-07-05 05:03:45','2021-06-26 22:22:19'),(29,66,0,'2016-04-09 19:21:22','2021-06-26 22:22:19'),(32,70,0,'2014-04-27 07:19:02','2021-06-26 22:22:19'),(32,85,0,'2015-06-11 09:17:02','2021-06-26 22:22:19'),(33,2,0,'2020-06-03 16:38:17','2021-06-26 22:22:19'),(33,45,1,'2020-01-22 09:00:12','2021-06-26 22:20:53'),(34,6,1,'2011-12-27 15:12:03','2021-06-26 22:20:53'),(34,35,0,'2020-12-22 18:47:14','2021-06-26 22:22:19'),(35,52,0,'2017-08-04 18:21:16','2021-06-26 22:22:19'),(36,19,1,'2017-10-10 01:18:51','2021-06-26 22:20:53'),(36,22,1,'2011-11-30 17:16:47','2021-06-26 22:20:53'),(36,56,1,'2016-12-10 07:08:50','2021-06-26 22:20:53'),(36,98,1,'2016-01-11 20:14:39','2021-06-26 22:20:53'),(37,48,1,'2016-02-18 06:21:31','2021-06-26 22:20:53'),(37,66,1,'2016-08-16 01:23:23','2021-06-26 22:20:53'),(38,73,0,'2016-07-18 01:45:39','2021-06-26 22:22:19'),(41,59,0,'2019-05-09 00:01:35','2021-06-26 22:22:19'),(41,83,1,'2011-10-10 22:10:31','2021-06-26 22:20:53'),(42,18,0,'2014-04-14 02:55:46','2021-06-26 22:22:19'),(42,28,1,'2021-01-20 05:55:30','2021-06-26 22:20:53'),(43,27,1,'2015-12-14 06:16:31','2021-06-26 22:20:53'),(44,35,0,'2017-09-08 22:30:45','2021-06-26 22:22:19'),(45,32,0,'2020-11-06 07:18:11','2021-06-26 22:22:19'),(45,38,0,'2020-02-15 21:31:27','2021-06-26 22:22:19'),(46,69,1,'2018-11-22 21:10:28','2021-06-26 22:20:53'),(47,61,1,'2019-03-03 04:23:58','2021-06-26 22:20:53'),(49,33,0,'2017-11-29 01:05:52','2021-06-26 22:22:19'),(50,85,0,'2013-11-22 20:42:50','2021-06-26 22:22:19'),(51,9,1,'2015-05-12 07:04:06','2021-06-26 22:20:53'),(51,16,0,'2016-10-16 03:51:35','2021-06-26 22:22:19'),(56,27,1,'2014-05-12 23:33:19','2021-06-26 22:20:53'),(57,67,0,'2014-10-22 02:12:09','2021-06-26 22:22:19'),(57,83,1,'2013-10-31 16:00:48','2021-06-26 22:20:53'),(59,51,0,'2017-02-16 22:34:14','2021-06-26 22:22:19'),(60,99,1,'2015-09-10 06:59:41','2021-06-26 22:20:53'),(61,78,0,'2012-10-09 18:00:02','2021-06-26 22:22:19'),(62,46,1,'2016-01-24 23:02:45','2021-06-26 22:20:53'),(63,60,0,'2011-08-31 10:36:13','2021-06-26 22:22:19'),(63,69,1,'2016-08-05 15:22:33','2021-06-26 22:20:53'),(64,24,1,'2012-07-25 07:55:03','2021-06-26 22:20:53'),(64,47,0,'2020-05-20 16:54:09','2021-06-26 22:22:19'),(65,10,1,'2012-03-10 09:23:16','2021-06-26 22:20:53'),(65,27,1,'2019-07-17 10:45:17','2021-06-26 22:20:53'),(65,42,1,'2017-08-23 04:44:02','2021-06-26 22:20:53'),(66,53,0,'2013-09-22 01:42:18','2021-06-26 22:22:19'),(67,97,1,'2012-06-04 13:43:55','2021-06-26 22:20:53'),(69,93,0,'2021-01-28 10:46:31','2021-06-26 22:22:19'),(70,15,1,'2017-06-19 15:33:08','2021-06-26 22:20:53'),(71,42,0,'2018-03-07 15:27:12','2021-06-26 22:22:19'),(72,6,1,'2016-09-15 15:43:10','2021-06-26 22:20:53'),(76,45,0,'2019-12-27 22:57:39','2021-06-26 22:22:19'),(78,7,1,'2016-07-24 18:00:58','2021-06-26 22:20:53'),(78,33,0,'2018-08-13 20:05:29','2021-06-26 22:22:19'),(79,81,0,'2012-08-02 14:10:12','2021-06-26 22:22:19'),(80,29,1,'2018-05-11 07:34:25','2021-06-26 22:20:53'),(81,82,0,'2019-08-28 08:52:56','2021-06-26 22:22:19'),(82,44,0,'2019-11-12 18:23:44','2021-06-26 22:22:19'),(82,52,0,'2014-10-18 12:32:33','2021-06-26 22:22:19'),(84,99,0,'2019-07-13 03:48:52','2021-06-26 22:22:19'),(85,81,1,'2014-02-10 12:32:53','2021-06-26 22:20:53'),(86,47,1,'2018-10-18 22:11:46','2021-06-26 22:20:53'),(87,27,1,'2017-03-26 12:50:32','2021-06-26 22:20:53'),(87,44,0,'2014-12-30 03:00:49','2021-06-26 22:22:19'),(87,91,1,'2021-03-05 21:55:22','2021-06-26 22:20:53'),(88,12,0,'2012-10-28 05:47:11','2021-06-26 22:22:19'),(88,57,1,'2012-09-08 20:34:39','2021-06-26 22:20:53'),(88,64,0,'2012-04-18 21:06:08','2021-06-26 22:22:19'),(88,72,1,'2021-03-22 09:13:12','2021-06-26 22:20:53'),(89,77,0,'2011-06-29 09:50:11','2021-06-26 22:22:19'),(92,64,1,'2013-04-16 15:45:08','2021-06-26 22:20:53'),(93,56,0,'2020-11-07 11:04:46','2021-06-26 22:22:19'),(97,60,0,'2017-02-22 12:50:00','2021-06-26 22:22:19'),(99,24,0,'2016-09-30 13:35:46','2021-06-26 22:22:19'),(99,51,0,'2015-08-27 04:13:40','2021-06-26 22:22:19'),(99,63,0,'2015-09-03 12:51:23','2021-06-26 22:22:19');
/*!40000 ALTER TABLE `likes_users` ENABLE KEYS */;
UNLOCK TABLES;

--
-- Table structure for table `media`
--

DROP TABLE IF EXISTS `media`;
/*!40101 SET @saved_cs_client     = @@character_set_client */;
/*!50503 SET character_set_client = utf8mb4 */;
CREATE TABLE `media` (
  `id` int unsigned NOT NULL AUTO_INCREMENT,
  `user_id` int unsigned NOT NULL,
  `filename` varchar(255) CHARACTER SET utf8mb4 COLLATE utf8mb4_unicode_ci NOT NULL,
  `file_size` int NOT NULL,
  `metadata` json DEFAULT NULL,
  `media_type_id` int unsigned NOT NULL,
  `created_at` datetime DEFAULT CURRENT_TIMESTAMP,
  `updated_at` datetime DEFAULT CURRENT_TIMESTAMP ON UPDATE CURRENT_TIMESTAMP,
  PRIMARY KEY (`id`)
) ENGINE=InnoDB AUTO_INCREMENT=201 DEFAULT CHARSET=utf8mb4 COLLATE=utf8mb4_unicode_ci;
/*!40101 SET character_set_client = @saved_cs_client */;

--
-- Dumping data for table `media`
--

LOCK TABLES `media` WRITE;
/*!40000 ALTER TABLE `media` DISABLE KEYS */;
INSERT INTO `media` VALUES (1,28,'https://dropbox.com/vk/est.mp3',8032238,'{\"owner\": \"Thad Bahringer\"}',1,'2012-02-04 11:05:14','2021-06-26 17:48:53'),(2,2,'https://dropbox.com/vk/nihil.mp3',1085859,'{\"owner\": \"Waldo Kunde\"}',3,'2013-12-03 10:01:39','2021-06-26 17:48:53'),(3,99,'https://dropbox.com/vk/magni.mov',9270515,'{\"owner\": \"Vena Bailey\"}',1,'2016-05-23 21:36:41','2021-06-26 17:48:53'),(4,21,'https://dropbox.com/vk/excepturi.mpg',2155863,'{\"owner\": \"Jamarcus Tillman\"}',2,'2020-09-28 07:34:57','2021-06-26 17:48:53'),(5,40,'https://dropbox.com/vk/totam.mp3',2867771,'{\"owner\": \"Antonette Ebert\"}',3,'2016-04-08 05:34:24','2021-06-26 17:48:53'),(6,59,'https://dropbox.com/vk/eum.mpg',5660003,'{\"owner\": \"Oleta Harris\"}',1,'2012-11-17 11:23:18','2021-06-26 17:48:53'),(7,57,'https://dropbox.com/vk/distinctio.mp3',11067860,'{\"owner\": \"Tina Feest\"}',2,'2019-10-13 17:13:39','2021-06-26 17:48:53'),(8,59,'https://dropbox.com/vk/et.mov',7771267,'{\"owner\": \"Oleta Harris\"}',1,'2011-10-07 07:05:54','2021-06-26 17:48:53'),(9,72,'https://dropbox.com/vk/veritatis.mov',153022,'{\"owner\": \"Taylor Crist\"}',2,'2015-07-15 10:06:29','2021-06-26 17:48:53'),(10,5,'https://dropbox.com/vk/vel.mp3',7351309,'{\"owner\": \"Alysa Hagenes\"}',1,'2011-11-19 23:24:19','2021-06-26 17:48:53'),(11,73,'https://dropbox.com/vk/sit.avi',6197482,'{\"owner\": \"Jordi Hilll\"}',3,'2019-05-01 06:41:49','2021-06-26 17:48:53'),(12,28,'https://dropbox.com/vk/qui.mov',428123100,'{\"owner\": \"Thad Bahringer\"}',1,'2015-07-24 19:00:26','2021-06-26 17:48:53'),(13,59,'https://dropbox.com/vk/est.avi',8833483,'{\"owner\": \"Oleta Harris\"}',3,'2012-08-08 01:34:29','2021-06-26 17:48:53'),(14,92,'https://dropbox.com/vk/sed.mov',972276093,'{\"owner\": \"Clark Ledner\"}',1,'2019-04-20 03:45:53','2021-06-26 17:48:53'),(15,72,'https://dropbox.com/vk/blanditiis.avi',5474968,'{\"owner\": \"Taylor Crist\"}',1,'2013-11-03 08:21:25','2021-06-26 17:48:53'),(16,87,'https://dropbox.com/vk/non.mpg',774393,'{\"owner\": \"Naomi Kulas\"}',1,'2017-02-14 08:22:44','2021-06-26 17:48:53'),(17,54,'https://dropbox.com/vk/nemo.mp3',99426295,'{\"owner\": \"Rosalee Zieme\"}',2,'2013-08-27 22:04:14','2021-06-26 17:48:53'),(18,34,'https://dropbox.com/vk/et.mov',7401026,'{\"owner\": \"Maida Olson\"}',1,'2019-10-12 00:29:29','2021-06-26 17:48:53'),(19,93,'https://dropbox.com/vk/iure.avi',684078942,'{\"owner\": \"Roxanne Bosco\"}',2,'2013-01-04 06:35:56','2021-06-26 17:48:53'),(20,17,'https://dropbox.com/vk/explicabo.mov',7347062,'{\"owner\": \"Justina Nienow\"}',1,'2019-04-20 14:55:58','2021-06-26 17:48:53'),(21,14,'https://dropbox.com/vk/est.mpg',4312133,'{\"owner\": \"Georgianna Borer\"}',1,'2013-02-06 05:33:37','2021-06-26 17:48:53'),(22,82,'https://dropbox.com/vk/odit.avi',26070086,'{\"owner\": \"Rebekah Jacobi\"}',1,'2014-05-31 17:24:21','2021-06-26 17:48:53'),(23,53,'https://dropbox.com/vk/praesentium.avi',9419478,'{\"owner\": \"Kathryne Wolf\"}',3,'2018-04-16 19:37:10','2021-06-26 17:48:53'),(24,52,'https://dropbox.com/vk/ut.mpg',315968,'{\"owner\": \"Jayda Greenholt\"}',3,'2021-05-29 18:59:24','2021-06-26 17:48:53'),(25,82,'https://dropbox.com/vk/officia.mov',1078642,'{\"owner\": \"Rebekah Jacobi\"}',1,'2017-04-21 10:06:24','2021-06-26 17:48:53'),(26,38,'https://dropbox.com/vk/dolorum.mpg',4060992,'{\"owner\": \"Tess Schaefer\"}',2,'2018-04-04 04:04:30','2021-06-26 17:48:53'),(27,23,'https://dropbox.com/vk/et.mp3',1946526,'{\"owner\": \"Alisha Breitenberg\"}',3,'2018-05-11 03:16:58','2021-06-26 17:48:53'),(28,34,'https://dropbox.com/vk/quae.mp3',648212450,'{\"owner\": \"Maida Olson\"}',3,'2016-05-01 02:51:46','2021-06-26 17:48:53'),(29,66,'https://dropbox.com/vk/enim.mov',85366082,'{\"owner\": \"Hosea Huel\"}',1,'2013-11-28 05:56:58','2021-06-26 17:48:53'),(30,25,'https://dropbox.com/vk/doloremque.mpg',7449656,'{\"owner\": \"Haley Crona\"}',1,'2012-04-12 14:12:19','2021-06-26 17:48:53'),(31,61,'https://dropbox.com/vk/qui.mp3',1308701,'{\"owner\": \"Marilie Morissette\"}',1,'2017-09-24 15:27:47','2021-06-26 17:48:53'),(32,82,'https://dropbox.com/vk/in.mpg',2015448,'{\"owner\": \"Rebekah Jacobi\"}',1,'2011-11-15 18:16:46','2021-06-26 17:48:53'),(33,96,'https://dropbox.com/vk/fuga.mpg',4094539,'{\"owner\": \"Zion Feil\"}',1,'2021-03-28 04:02:57','2021-06-26 17:48:53'),(34,64,'https://dropbox.com/vk/voluptatibus.mov',6446592,'{\"owner\": \"Beryl Raynor\"}',2,'2019-01-16 15:27:02','2021-06-26 17:48:53'),(35,25,'https://dropbox.com/vk/quos.mpg',9849344,'{\"owner\": \"Haley Crona\"}',3,'2021-04-08 22:08:41','2021-06-26 17:48:53'),(36,89,'https://dropbox.com/vk/sed.mov',9806944,'{\"owner\": \"Irving Stokes\"}',2,'2013-01-02 19:25:33','2021-06-26 17:48:53'),(37,41,'https://dropbox.com/vk/assumenda.mov',679275,'{\"owner\": \"Tommie Pacocha\"}',3,'2016-05-26 05:10:34','2021-06-26 17:48:53'),(38,25,'https://dropbox.com/vk/possimus.mov',9386691,'{\"owner\": \"Haley Crona\"}',3,'2021-06-12 19:52:45','2021-06-26 17:48:53'),(39,47,'https://dropbox.com/vk/quaerat.avi',7412621,'{\"owner\": \"Theresia Wintheiser\"}',1,'2012-05-30 13:38:17','2021-06-26 17:48:53'),(40,94,'https://dropbox.com/vk/architecto.mp3',8803033,'{\"owner\": \"Viola Schumm\"}',1,'2014-02-17 21:23:08','2021-06-26 17:48:53'),(41,80,'https://dropbox.com/vk/labore.mov',1677301,'{\"owner\": \"Ally Brakus\"}',2,'2021-04-18 15:03:29','2021-06-26 17:48:53'),(42,15,'https://dropbox.com/vk/dolores.avi',1877411,'{\"owner\": \"Beaulah Schuster\"}',2,'2020-03-20 12:44:52','2021-06-26 17:48:53'),(43,77,'https://dropbox.com/vk/laborum.mov',4255149,'{\"owner\": \"Anna Breitenberg\"}',1,'2013-07-18 23:23:13','2021-06-26 17:48:53'),(44,20,'https://dropbox.com/vk/ut.avi',5543516,'{\"owner\": \"Laurel Orn\"}',3,'2011-08-23 08:44:14','2021-06-26 17:48:53'),(45,99,'https://dropbox.com/vk/et.avi',4852131,'{\"owner\": \"Vena Bailey\"}',1,'2014-04-14 22:56:45','2021-06-26 17:48:53'),(46,7,'https://dropbox.com/vk/quod.avi',7530111,'{\"owner\": \"Madge Hermiston\"}',2,'2020-10-05 00:00:35','2021-06-26 17:48:53'),(47,30,'https://dropbox.com/vk/ea.mpg',2994161,'{\"owner\": \"Roger Marks\"}',2,'2014-04-15 19:50:31','2021-06-26 17:48:53'),(48,85,'https://dropbox.com/vk/ipsam.mpg',736530,'{\"owner\": \"Mikel Kirlin\"}',3,'2020-06-20 23:13:17','2021-06-26 17:48:53'),(49,82,'https://dropbox.com/vk/libero.avi',2280472,'{\"owner\": \"Rebekah Jacobi\"}',3,'2013-11-30 20:18:34','2021-06-26 17:48:53'),(50,99,'https://dropbox.com/vk/quo.mp3',167144527,'{\"owner\": \"Vena Bailey\"}',2,'2015-08-27 03:57:43','2021-06-26 17:48:53'),(51,6,'https://dropbox.com/vk/tempora.mov',925160,'{\"owner\": \"Agnes Langworth\"}',1,'2018-09-20 07:03:51','2021-06-26 17:48:53'),(52,64,'https://dropbox.com/vk/eius.mov',4625304,'{\"owner\": \"Beryl Raynor\"}',2,'2020-04-14 05:58:27','2021-06-26 17:48:53'),(53,80,'https://dropbox.com/vk/asperiores.mov',90796145,'{\"owner\": \"Ally Brakus\"}',2,'2012-08-01 22:21:33','2021-06-26 17:48:53'),(54,77,'https://dropbox.com/vk/neque.mov',2319878,'{\"owner\": \"Anna Breitenberg\"}',2,'2019-04-05 17:33:09','2021-06-26 17:48:53'),(55,95,'https://dropbox.com/vk/dolorum.mp3',4657976,'{\"owner\": \"Jordan Wilderman\"}',1,'2014-04-09 16:27:20','2021-06-26 17:48:53'),(56,45,'https://dropbox.com/vk/aliquid.avi',6230246,'{\"owner\": \"Name Muller\"}',2,'2012-09-08 05:23:05','2021-06-26 17:48:53'),(57,92,'https://dropbox.com/vk/et.mp3',6926990,'{\"owner\": \"Clark Ledner\"}',3,'2020-11-26 18:12:27','2021-06-26 17:48:53'),(58,89,'https://dropbox.com/vk/accusamus.avi',7077305,'{\"owner\": \"Irving Stokes\"}',2,'2017-08-18 08:44:15','2021-06-26 17:48:53'),(59,33,'https://dropbox.com/vk/et.mp3',1491214,'{\"owner\": \"Rhea Luettgen\"}',3,'2015-12-02 01:53:23','2021-06-26 17:48:53'),(60,16,'https://dropbox.com/vk/voluptatibus.avi',6595785,'{\"owner\": \"Lloyd Schamberger\"}',2,'2019-05-29 04:24:23','2021-06-26 17:48:53'),(61,71,'https://dropbox.com/vk/perferendis.avi',1647014,'{\"owner\": \"Laurel Von\"}',1,'2011-08-02 06:27:58','2021-06-26 17:48:53'),(62,73,'https://dropbox.com/vk/consequatur.avi',8347712,'{\"owner\": \"Jordi Hilll\"}',1,'2018-01-03 11:36:19','2021-06-26 17:48:53'),(63,49,'https://dropbox.com/vk/neque.avi',198835235,'{\"owner\": \"Mustafa Baumbach\"}',2,'2011-08-08 12:55:31','2021-06-26 17:48:53'),(64,6,'https://dropbox.com/vk/vitae.mpg',6697521,'{\"owner\": \"Agnes Langworth\"}',2,'2019-12-16 17:17:27','2021-06-26 17:48:53'),(65,11,'https://dropbox.com/vk/aut.avi',946259,'{\"owner\": \"Judd Hermann\"}',3,'2018-10-09 15:20:33','2021-06-26 17:48:53'),(66,45,'https://dropbox.com/vk/quaerat.mp3',8344471,'{\"owner\": \"Name Muller\"}',1,'2015-05-16 13:39:12','2021-06-26 17:48:53'),(67,63,'https://dropbox.com/vk/aperiam.mov',1529791,'{\"owner\": \"Allene Lesch\"}',2,'2018-08-14 03:22:29','2021-06-26 17:48:53'),(68,94,'https://dropbox.com/vk/autem.mpg',2515542,'{\"owner\": \"Viola Schumm\"}',2,'2012-11-24 05:52:04','2021-06-26 17:48:53'),(69,75,'https://dropbox.com/vk/est.mpg',7888338,'{\"owner\": \"Laney Armstrong\"}',1,'2018-12-24 05:27:21','2021-06-26 17:48:53'),(70,66,'https://dropbox.com/vk/quo.avi',14195419,'{\"owner\": \"Hosea Huel\"}',2,'2017-04-21 07:14:26','2021-06-26 17:48:53'),(71,5,'https://dropbox.com/vk/ut.mov',1795067,'{\"owner\": \"Alysa Hagenes\"}',3,'2016-02-05 20:07:10','2021-06-26 17:48:53'),(72,35,'https://dropbox.com/vk/est.avi',5210319,'{\"owner\": \"Waylon Dietrich\"}',3,'2014-11-22 06:57:37','2021-06-26 17:48:53'),(73,96,'https://dropbox.com/vk/ipsum.mpg',93226561,'{\"owner\": \"Zion Feil\"}',2,'2011-09-06 20:42:18','2021-06-26 17:48:53'),(74,13,'https://dropbox.com/vk/maiores.mpg',566396,'{\"owner\": \"Gerry Ernser\"}',1,'2014-04-27 23:23:05','2021-06-26 17:48:53'),(75,72,'https://dropbox.com/vk/consectetur.mpg',7101023,'{\"owner\": \"Taylor Crist\"}',3,'2016-06-20 09:05:01','2021-06-26 17:48:53'),(76,69,'https://dropbox.com/vk/tempora.mov',607776386,'{\"owner\": \"Elbert Hartmann\"}',1,'2020-06-08 05:21:51','2021-06-26 17:48:53'),(77,76,'https://dropbox.com/vk/est.avi',3705929,'{\"owner\": \"Brisa Botsford\"}',3,'2017-01-13 09:51:03','2021-06-26 17:48:53'),(78,47,'https://dropbox.com/vk/consectetur.mp3',155884,'{\"owner\": \"Theresia Wintheiser\"}',2,'2021-03-25 06:55:22','2021-06-26 17:48:53'),(79,7,'https://dropbox.com/vk/mollitia.avi',7126577,'{\"owner\": \"Madge Hermiston\"}',3,'2020-11-15 17:50:10','2021-06-26 17:48:53'),(80,38,'https://dropbox.com/vk/ipsam.mov',95165264,'{\"owner\": \"Tess Schaefer\"}',3,'2015-09-21 21:50:13','2021-06-26 17:48:53'),(81,52,'https://dropbox.com/vk/sapiente.mpg',4415100,'{\"owner\": \"Jayda Greenholt\"}',3,'2015-02-05 13:45:40','2021-06-26 17:48:53'),(82,38,'https://dropbox.com/vk/delectus.mov',595768,'{\"owner\": \"Tess Schaefer\"}',1,'2019-04-24 09:38:24','2021-06-26 17:48:53'),(83,5,'https://dropbox.com/vk/veniam.mpg',8597390,'{\"owner\": \"Alysa Hagenes\"}',1,'2011-07-11 20:05:18','2021-06-26 17:48:53'),(84,83,'https://dropbox.com/vk/aperiam.mpg',527213894,'{\"owner\": \"Misty Block\"}',3,'2016-12-02 09:55:56','2021-06-26 17:48:53'),(85,43,'https://dropbox.com/vk/qui.mp3',9633543,'{\"owner\": \"Augustine Aufderhar\"}',1,'2018-06-23 22:40:10','2021-06-26 17:48:53'),(86,11,'https://dropbox.com/vk/fugiat.mpg',4762047,'{\"owner\": \"Judd Hermann\"}',1,'2017-04-13 10:54:55','2021-06-26 17:48:53'),(87,74,'https://dropbox.com/vk/veritatis.mp3',6280410,'{\"owner\": \"Elise Osinski\"}',3,'2014-10-24 02:07:05','2021-06-26 17:48:53'),(88,74,'https://dropbox.com/vk/sint.mpg',7657764,'{\"owner\": \"Elise Osinski\"}',3,'2016-07-23 08:14:01','2021-06-26 17:48:53'),(89,33,'https://dropbox.com/vk/eos.mpg',5314744,'{\"owner\": \"Rhea Luettgen\"}',2,'2020-12-26 16:48:59','2021-06-26 17:48:53'),(90,72,'https://dropbox.com/vk/qui.mov',2401424,'{\"owner\": \"Taylor Crist\"}',2,'2013-02-10 01:12:50','2021-06-26 17:48:53'),(91,30,'https://dropbox.com/vk/eveniet.mpg',708873867,'{\"owner\": \"Roger Marks\"}',2,'2017-03-25 14:40:48','2021-06-26 17:48:53'),(92,37,'https://dropbox.com/vk/harum.mov',3065888,'{\"owner\": \"Alfreda Okuneva\"}',2,'2017-05-08 19:48:44','2021-06-26 17:48:53'),(93,64,'https://dropbox.com/vk/nesciunt.mp3',8025170,'{\"owner\": \"Beryl Raynor\"}',1,'2011-07-09 06:39:34','2021-06-26 17:48:53'),(94,65,'https://dropbox.com/vk/repellat.mpg',797649228,'{\"owner\": \"Myrtie Boehm\"}',3,'2014-08-26 13:02:35','2021-06-26 17:48:53'),(95,18,'https://dropbox.com/vk/debitis.avi',144169,'{\"owner\": \"Dell Terry\"}',3,'2017-10-15 03:46:21','2021-06-26 17:48:53'),(96,16,'https://dropbox.com/vk/voluptas.mp3',828187,'{\"owner\": \"Lloyd Schamberger\"}',1,'2013-09-26 00:53:08','2021-06-26 17:48:53'),(97,79,'https://dropbox.com/vk/unde.mp3',9965424,'{\"owner\": \"Jacky Schiller\"}',3,'2013-03-24 17:58:16','2021-06-26 17:48:53'),(98,77,'https://dropbox.com/vk/et.mp3',7242560,'{\"owner\": \"Anna Breitenberg\"}',3,'2018-12-15 07:58:53','2021-06-26 17:48:53'),(99,75,'https://dropbox.com/vk/vitae.avi',6216530,'{\"owner\": \"Laney Armstrong\"}',2,'2012-06-25 16:33:46','2021-06-26 17:48:53'),(100,91,'https://dropbox.com/vk/debitis.mpg',9254970,'{\"owner\": \"Bianka McCullough\"}',2,'2012-06-12 19:33:26','2021-06-26 17:48:53'),(101,43,'https://dropbox.com/vk/dolores.mpg',7525262,'{\"owner\": \"Augustine Aufderhar\"}',1,'2021-04-23 00:17:27','2021-06-26 17:48:53'),(102,99,'https://dropbox.com/vk/voluptas.mp3',725725833,'{\"owner\": \"Vena Bailey\"}',3,'2011-12-30 09:15:39','2021-06-26 17:48:53'),(103,36,'https://dropbox.com/vk/asperiores.mp3',9761399,'{\"owner\": \"Anya Grady\"}',3,'2014-09-08 00:51:30','2021-06-26 17:48:53'),(104,93,'https://dropbox.com/vk/repudiandae.mp3',97191561,'{\"owner\": \"Roxanne Bosco\"}',1,'2017-07-25 14:57:20','2021-06-26 17:48:53'),(105,69,'https://dropbox.com/vk/necessitatibus.mov',68074950,'{\"owner\": \"Elbert Hartmann\"}',1,'2016-09-05 03:36:03','2021-06-26 17:48:53'),(106,28,'https://dropbox.com/vk/quasi.avi',896082,'{\"owner\": \"Thad Bahringer\"}',1,'2014-12-15 11:10:28','2021-06-26 17:48:53'),(107,60,'https://dropbox.com/vk/ipsam.mpg',6131212,'{\"owner\": \"Cali Hahn\"}',2,'2019-10-11 07:36:00','2021-06-26 17:48:53'),(108,67,'https://dropbox.com/vk/laboriosam.mov',1271861,'{\"owner\": \"Margot Heidenreich\"}',3,'2012-02-26 14:16:57','2021-06-26 17:48:53'),(109,54,'https://dropbox.com/vk/voluptas.mp3',4719497,'{\"owner\": \"Rosalee Zieme\"}',3,'2014-06-30 04:46:05','2021-06-26 17:48:53'),(110,18,'https://dropbox.com/vk/iste.mov',8619444,'{\"owner\": \"Dell Terry\"}',1,'2013-01-25 01:28:55','2021-06-26 17:48:53'),(111,22,'https://dropbox.com/vk/accusantium.mov',7865671,'{\"owner\": \"Jazmin Medhurst\"}',1,'2019-07-10 14:49:12','2021-06-26 17:48:53'),(112,91,'https://dropbox.com/vk/doloremque.mpg',5412772,'{\"owner\": \"Bianka McCullough\"}',2,'2019-01-04 02:17:07','2021-06-26 17:48:53'),(113,64,'https://dropbox.com/vk/officia.mp3',3366847,'{\"owner\": \"Beryl Raynor\"}',3,'2012-01-10 16:13:57','2021-06-26 17:48:53'),(114,14,'https://dropbox.com/vk/necessitatibus.mp3',495921,'{\"owner\": \"Georgianna Borer\"}',2,'2016-09-24 17:07:52','2021-06-26 17:48:53'),(115,17,'https://dropbox.com/vk/velit.mov',2279066,'{\"owner\": \"Justina Nienow\"}',1,'2016-06-07 10:39:22','2021-06-26 17:48:53'),(116,42,'https://dropbox.com/vk/qui.mov',83728395,'{\"owner\": \"Margarette McDermott\"}',2,'2012-11-26 23:50:08','2021-06-26 17:48:53'),(117,69,'https://dropbox.com/vk/et.mov',9807568,'{\"owner\": \"Elbert Hartmann\"}',2,'2018-07-15 02:38:19','2021-06-26 17:48:53'),(118,38,'https://dropbox.com/vk/et.mpg',2100644,'{\"owner\": \"Tess Schaefer\"}',3,'2013-12-15 08:36:50','2021-06-26 17:48:53'),(119,6,'https://dropbox.com/vk/rerum.avi',980516,'{\"owner\": \"Agnes Langworth\"}',1,'2015-07-14 01:00:40','2021-06-26 17:48:53'),(120,33,'https://dropbox.com/vk/iusto.avi',8500649,'{\"owner\": \"Rhea Luettgen\"}',3,'2017-12-12 20:50:48','2021-06-26 17:48:53'),(121,17,'https://dropbox.com/vk/quod.avi',9461697,'{\"owner\": \"Justina Nienow\"}',3,'2013-07-30 01:19:03','2021-06-26 17:48:53'),(122,66,'https://dropbox.com/vk/id.mpg',1706538,'{\"owner\": \"Hosea Huel\"}',1,'2018-03-02 10:20:34','2021-06-26 17:48:53'),(123,53,'https://dropbox.com/vk/ratione.mov',7920318,'{\"owner\": \"Kathryne Wolf\"}',1,'2018-09-27 10:31:03','2021-06-26 17:48:53'),(124,42,'https://dropbox.com/vk/laudantium.mpg',275247,'{\"owner\": \"Margarette McDermott\"}',2,'2019-05-13 13:02:04','2021-06-26 17:48:53'),(125,23,'https://dropbox.com/vk/eaque.avi',927831,'{\"owner\": \"Alisha Breitenberg\"}',3,'2016-11-17 08:10:48','2021-06-26 17:48:53'),(126,13,'https://dropbox.com/vk/odit.avi',5241884,'{\"owner\": \"Gerry Ernser\"}',3,'2016-02-12 05:02:07','2021-06-26 17:48:53'),(127,3,'https://dropbox.com/vk/perferendis.mpg',10047600,'{\"owner\": \"Rosalyn Littel\"}',2,'2020-04-06 07:01:21','2021-06-26 17:48:53'),(128,35,'https://dropbox.com/vk/fuga.mpg',5018387,'{\"owner\": \"Waylon Dietrich\"}',2,'2020-10-11 13:34:24','2021-06-26 17:48:53'),(129,60,'https://dropbox.com/vk/quia.avi',4849138,'{\"owner\": \"Cali Hahn\"}',3,'2017-03-15 08:07:21','2021-06-26 17:48:53'),(130,97,'https://dropbox.com/vk/nisi.avi',9090527,'{\"owner\": \"Mustafa Hammes\"}',3,'2019-10-15 22:56:12','2021-06-26 17:48:53'),(131,97,'https://dropbox.com/vk/laudantium.mpg',9800106,'{\"owner\": \"Mustafa Hammes\"}',2,'2019-07-12 14:15:10','2021-06-26 17:48:53'),(132,51,'https://dropbox.com/vk/consequatur.mov',462480,'{\"owner\": \"Rozella Rohan\"}',3,'2017-12-16 02:12:39','2021-06-26 17:48:53'),(133,86,'https://dropbox.com/vk/quaerat.mpg',805224,'{\"owner\": \"Kiana Abbott\"}',1,'2013-07-23 03:15:38','2021-06-26 17:48:53'),(134,64,'https://dropbox.com/vk/sit.avi',93429946,'{\"owner\": \"Beryl Raynor\"}',2,'2017-09-21 06:57:57','2021-06-26 17:48:53'),(135,89,'https://dropbox.com/vk/impedit.mpg',27695639,'{\"owner\": \"Irving Stokes\"}',3,'2016-05-11 21:39:44','2021-06-26 17:48:53'),(136,42,'https://dropbox.com/vk/quod.mov',6654539,'{\"owner\": \"Margarette McDermott\"}',3,'2013-12-09 11:47:21','2021-06-26 17:48:53'),(137,99,'https://dropbox.com/vk/similique.avi',757024,'{\"owner\": \"Vena Bailey\"}',3,'2016-06-15 06:07:14','2021-06-26 17:48:53'),(138,14,'https://dropbox.com/vk/omnis.mov',3721503,'{\"owner\": \"Georgianna Borer\"}',2,'2011-11-12 02:26:04','2021-06-26 17:48:53'),(139,93,'https://dropbox.com/vk/ex.mov',6236445,'{\"owner\": \"Roxanne Bosco\"}',1,'2016-12-02 02:38:56','2021-06-26 17:48:53'),(140,40,'https://dropbox.com/vk/a.mov',9917716,'{\"owner\": \"Antonette Ebert\"}',2,'2013-09-23 00:08:51','2021-06-26 17:48:53'),(141,51,'https://dropbox.com/vk/sunt.mpg',22564355,'{\"owner\": \"Rozella Rohan\"}',1,'2016-03-13 05:57:22','2021-06-26 17:48:53'),(142,88,'https://dropbox.com/vk/repellat.mp3',779245,'{\"owner\": \"Sincere Bergstrom\"}',2,'2013-06-20 04:51:49','2021-06-26 17:48:53'),(143,91,'https://dropbox.com/vk/molestias.avi',4043080,'{\"owner\": \"Bianka McCullough\"}',3,'2018-05-15 13:11:20','2021-06-26 17:48:53'),(144,69,'https://dropbox.com/vk/sint.mp3',7777666,'{\"owner\": \"Elbert Hartmann\"}',2,'2018-09-28 06:09:39','2021-06-26 17:48:53'),(145,64,'https://dropbox.com/vk/reiciendis.mpg',6659089,'{\"owner\": \"Beryl Raynor\"}',2,'2017-01-30 07:20:59','2021-06-26 17:48:53'),(146,29,'https://dropbox.com/vk/distinctio.mp3',9862448,'{\"owner\": \"Jannie Gutmann\"}',2,'2016-07-09 17:01:13','2021-06-26 17:48:53'),(147,37,'https://dropbox.com/vk/inventore.mpg',2118789,'{\"owner\": \"Alfreda Okuneva\"}',2,'2011-12-22 23:55:35','2021-06-26 17:48:53'),(148,18,'https://dropbox.com/vk/ab.mov',9234974,'{\"owner\": \"Dell Terry\"}',3,'2018-02-03 23:43:02','2021-06-26 17:48:53'),(149,18,'https://dropbox.com/vk/ad.mpg',5394114,'{\"owner\": \"Dell Terry\"}',3,'2012-12-22 09:19:10','2021-06-26 17:48:53'),(150,24,'https://dropbox.com/vk/sed.avi',6487527,'{\"owner\": \"Doris Gusikowski\"}',2,'2016-09-19 00:55:09','2021-06-26 17:48:53'),(151,99,'https://dropbox.com/vk/neque.mp3',4632716,'{\"owner\": \"Vena Bailey\"}',2,'2014-03-17 13:28:41','2021-06-26 17:48:53'),(152,85,'https://dropbox.com/vk/laboriosam.mov',841974,'{\"owner\": \"Mikel Kirlin\"}',3,'2015-04-15 15:31:17','2021-06-26 17:48:53'),(153,11,'https://dropbox.com/vk/qui.mov',9362485,'{\"owner\": \"Judd Hermann\"}',1,'2013-01-23 17:58:49','2021-06-26 17:48:53'),(154,32,'https://dropbox.com/vk/omnis.mov',3600998,'{\"owner\": \"Erling Smitham\"}',1,'2016-08-21 19:02:38','2021-06-26 17:48:53'),(155,94,'https://dropbox.com/vk/deserunt.mp3',25771133,'{\"owner\": \"Viola Schumm\"}',2,'2014-01-13 04:24:46','2021-06-26 17:48:53'),(156,32,'https://dropbox.com/vk/cupiditate.mp3',5292000,'{\"owner\": \"Erling Smitham\"}',2,'2021-04-22 18:07:47','2021-06-26 17:48:53'),(157,59,'https://dropbox.com/vk/sunt.mpg',4006841,'{\"owner\": \"Oleta Harris\"}',1,'2016-07-30 11:22:37','2021-06-26 17:48:53'),(158,68,'https://dropbox.com/vk/quia.mp3',871022,'{\"owner\": \"Violette Oberbrunner\"}',3,'2017-08-16 18:17:21','2021-06-26 17:48:53'),(159,45,'https://dropbox.com/vk/eos.mp3',9131214,'{\"owner\": \"Name Muller\"}',2,'2019-09-24 15:41:56','2021-06-26 17:48:53'),(160,8,'https://dropbox.com/vk/perspiciatis.mov',3535548,'{\"owner\": \"Andre Kozey\"}',3,'2019-12-21 04:11:59','2021-06-26 17:48:53'),(161,66,'https://dropbox.com/vk/expedita.avi',42554889,'{\"owner\": \"Hosea Huel\"}',3,'2013-08-29 21:51:03','2021-06-26 17:48:53'),(162,81,'https://dropbox.com/vk/dolor.mpg',184099,'{\"owner\": \"Christophe Bogan\"}',1,'2014-04-18 16:18:55','2021-06-26 17:48:53'),(163,82,'https://dropbox.com/vk/sed.mov',5859501,'{\"owner\": \"Rebekah Jacobi\"}',1,'2018-12-20 14:35:13','2021-06-26 17:48:53'),(164,21,'https://dropbox.com/vk/fuga.mpg',721463,'{\"owner\": \"Jamarcus Tillman\"}',1,'2021-01-07 02:10:28','2021-06-26 17:48:53'),(165,35,'https://dropbox.com/vk/qui.mov',213850,'{\"owner\": \"Waylon Dietrich\"}',3,'2017-12-11 03:11:22','2021-06-26 17:48:53'),(166,86,'https://dropbox.com/vk/voluptatem.mp3',26602123,'{\"owner\": \"Kiana Abbott\"}',1,'2020-10-15 08:35:15','2021-06-26 17:48:53'),(167,50,'https://dropbox.com/vk/amet.mpg',416956,'{\"owner\": \"Hillard Bernhard\"}',1,'2014-06-21 08:38:07','2021-06-26 17:48:53'),(168,5,'https://dropbox.com/vk/est.mpg',1343229,'{\"owner\": \"Alysa Hagenes\"}',1,'2019-07-02 02:13:31','2021-06-26 17:48:53'),(169,33,'https://dropbox.com/vk/a.mpg',5365279,'{\"owner\": \"Rhea Luettgen\"}',2,'2011-11-02 09:15:06','2021-06-26 17:48:53'),(170,32,'https://dropbox.com/vk/odit.mp3',2696709,'{\"owner\": \"Erling Smitham\"}',3,'2016-07-22 04:24:05','2021-06-26 17:48:53'),(171,36,'https://dropbox.com/vk/qui.mp3',7287707,'{\"owner\": \"Anya Grady\"}',2,'2015-03-07 22:03:47','2021-06-26 17:48:53'),(172,74,'https://dropbox.com/vk/modi.avi',8248412,'{\"owner\": \"Elise Osinski\"}',1,'2015-04-15 05:38:30','2021-06-26 17:48:53'),(173,32,'https://dropbox.com/vk/mollitia.mov',9278937,'{\"owner\": \"Erling Smitham\"}',1,'2013-08-24 08:25:12','2021-06-26 17:48:53'),(174,93,'https://dropbox.com/vk/quas.mpg',8356477,'{\"owner\": \"Roxanne Bosco\"}',2,'2018-06-18 16:08:20','2021-06-26 17:48:53'),(175,33,'https://dropbox.com/vk/dicta.mp3',1549453,'{\"owner\": \"Rhea Luettgen\"}',2,'2017-01-20 03:46:47','2021-06-26 17:48:53'),(176,32,'https://dropbox.com/vk/enim.avi',9810452,'{\"owner\": \"Erling Smitham\"}',3,'2021-05-22 02:06:33','2021-06-26 17:48:53'),(177,54,'https://dropbox.com/vk/quisquam.mpg',873035,'{\"owner\": \"Rosalee Zieme\"}',1,'2019-09-04 20:49:57','2021-06-26 17:48:53'),(178,18,'https://dropbox.com/vk/quo.mp3',235764,'{\"owner\": \"Dell Terry\"}',3,'2019-07-11 07:44:48','2021-06-26 17:48:53'),(179,85,'https://dropbox.com/vk/consequatur.avi',4303901,'{\"owner\": \"Mikel Kirlin\"}',3,'2012-09-05 11:15:37','2021-06-26 17:48:53'),(180,22,'https://dropbox.com/vk/maxime.mp3',8685151,'{\"owner\": \"Jazmin Medhurst\"}',1,'2019-07-14 05:54:57','2021-06-26 17:48:53'),(181,73,'https://dropbox.com/vk/non.avi',1988151,'{\"owner\": \"Jordi Hilll\"}',1,'2012-03-07 15:34:26','2021-06-26 17:48:53'),(182,61,'https://dropbox.com/vk/et.mpg',6929053,'{\"owner\": \"Marilie Morissette\"}',3,'2020-08-10 12:49:50','2021-06-26 17:48:53'),(183,8,'https://dropbox.com/vk/iure.mov',8580811,'{\"owner\": \"Andre Kozey\"}',1,'2016-04-08 08:31:23','2021-06-26 17:48:53'),(184,88,'https://dropbox.com/vk/enim.mpg',1055996,'{\"owner\": \"Sincere Bergstrom\"}',3,'2012-02-16 17:16:06','2021-06-26 17:48:53'),(185,37,'https://dropbox.com/vk/officiis.avi',2016897,'{\"owner\": \"Alfreda Okuneva\"}',3,'2019-09-30 11:57:25','2021-06-26 17:48:53'),(186,2,'https://dropbox.com/vk/blanditiis.mpg',4242053,'{\"owner\": \"Waldo Kunde\"}',2,'2018-10-12 17:46:13','2021-06-26 17:48:53'),(187,39,'https://dropbox.com/vk/quasi.mov',5059575,'{\"owner\": \"Chelsie Bergnaum\"}',2,'2018-07-27 14:59:24','2021-06-26 17:48:53'),(188,1,'https://dropbox.com/vk/molestiae.mpg',93560960,'{\"owner\": \"Andres Bernhard\"}',2,'2017-04-24 04:29:23','2021-06-26 17:48:53'),(189,19,'https://dropbox.com/vk/omnis.mp3',259059,'{\"owner\": \"Gayle Watsica\"}',3,'2019-05-12 08:49:02','2021-06-26 17:48:53'),(190,96,'https://dropbox.com/vk/odit.mp3',681810537,'{\"owner\": \"Zion Feil\"}',3,'2017-06-08 05:28:32','2021-06-26 17:48:53'),(191,85,'https://dropbox.com/vk/quo.mov',8035686,'{\"owner\": \"Mikel Kirlin\"}',2,'2012-12-27 02:47:54','2021-06-26 17:48:53'),(192,61,'https://dropbox.com/vk/ut.avi',8443505,'{\"owner\": \"Marilie Morissette\"}',2,'2018-11-10 05:40:16','2021-06-26 17:48:53'),(193,54,'https://dropbox.com/vk/veniam.mpg',2471716,'{\"owner\": \"Rosalee Zieme\"}',1,'2016-10-30 07:07:06','2021-06-26 17:48:53'),(194,22,'https://dropbox.com/vk/tempore.mp3',7079857,'{\"owner\": \"Jazmin Medhurst\"}',3,'2018-07-17 04:59:39','2021-06-26 17:48:53'),(195,2,'https://dropbox.com/vk/praesentium.avi',381055,'{\"owner\": \"Waldo Kunde\"}',2,'2017-12-18 04:46:56','2021-06-26 17:48:53'),(196,33,'https://dropbox.com/vk/nemo.mpg',7884138,'{\"owner\": \"Rhea Luettgen\"}',3,'2012-04-16 11:53:50','2021-06-26 17:48:53'),(197,96,'https://dropbox.com/vk/saepe.mov',32147103,'{\"owner\": \"Zion Feil\"}',1,'2017-05-28 08:33:17','2021-06-26 17:48:53'),(198,1,'https://dropbox.com/vk/dignissimos.mpg',17334514,'{\"owner\": \"Andres Bernhard\"}',1,'2012-07-08 13:33:34','2021-06-26 17:48:53'),(199,65,'https://dropbox.com/vk/laboriosam.avi',8081121,'{\"owner\": \"Myrtie Boehm\"}',1,'2020-08-04 19:46:07','2021-06-26 17:48:53'),(200,6,'https://dropbox.com/vk/aut.mp3',6653193,'{\"owner\": \"Agnes Langworth\"}',3,'2020-02-29 21:07:54','2021-06-26 17:48:53');
/*!40000 ALTER TABLE `media` ENABLE KEYS */;
UNLOCK TABLES;

--
-- Table structure for table `media_types`
--

DROP TABLE IF EXISTS `media_types`;
/*!40101 SET @saved_cs_client     = @@character_set_client */;
/*!50503 SET character_set_client = utf8mb4 */;
CREATE TABLE `media_types` (
  `id` int unsigned NOT NULL AUTO_INCREMENT,
  `name` varchar(255) CHARACTER SET utf8mb4 COLLATE utf8mb4_unicode_ci NOT NULL,
  `created_at` datetime DEFAULT CURRENT_TIMESTAMP,
  `updated_at` datetime DEFAULT CURRENT_TIMESTAMP ON UPDATE CURRENT_TIMESTAMP,
  PRIMARY KEY (`id`),
  UNIQUE KEY `name` (`name`)
) ENGINE=InnoDB AUTO_INCREMENT=4 DEFAULT CHARSET=utf8mb4 COLLATE=utf8mb4_unicode_ci;
/*!40101 SET character_set_client = @saved_cs_client */;

--
-- Dumping data for table `media_types`
--

LOCK TABLES `media_types` WRITE;
/*!40000 ALTER TABLE `media_types` DISABLE KEYS */;
INSERT INTO `media_types` VALUES (1,'audio','2021-06-26 16:31:20','2021-06-26 16:31:20'),(2,'video','2021-06-26 16:31:20','2021-06-26 16:31:20'),(3,'image','2021-06-26 16:31:20','2021-06-26 16:31:20');
/*!40000 ALTER TABLE `media_types` ENABLE KEYS */;
UNLOCK TABLES;

--
-- Table structure for table `media_users`
--

DROP TABLE IF EXISTS `media_users`;
/*!40101 SET @saved_cs_client     = @@character_set_client */;
/*!50503 SET character_set_client = utf8mb4 */;
CREATE TABLE `media_users` (
  `media_id` int unsigned NOT NULL,
  `user_id` int unsigned NOT NULL,
  `created_at` datetime DEFAULT CURRENT_TIMESTAMP,
  `updated_at` datetime DEFAULT CURRENT_TIMESTAMP ON UPDATE CURRENT_TIMESTAMP,
  PRIMARY KEY (`media_id`,`user_id`)
) ENGINE=InnoDB DEFAULT CHARSET=utf8mb4 COLLATE=utf8mb4_unicode_ci;
/*!40101 SET character_set_client = @saved_cs_client */;

--
-- Dumping data for table `media_users`
--

LOCK TABLES `media_users` WRITE;
/*!40000 ALTER TABLE `media_users` DISABLE KEYS */;
INSERT INTO `media_users` VALUES (1,12,'2015-12-06 16:23:42','2015-05-25 22:21:10'),(1,17,'2014-07-13 05:44:19','2021-03-09 22:38:53'),(2,27,'2014-08-03 03:56:52','2013-08-03 04:32:17'),(2,33,'2014-05-11 12:33:56','2020-05-11 23:11:00'),(2,65,'2016-07-27 15:35:37','2017-02-19 13:24:21'),(2,78,'2016-05-05 03:58:10','2017-01-27 16:45:03'),(3,66,'2015-09-01 01:04:39','2013-06-18 06:58:57'),(6,4,'2017-05-04 09:46:25','2014-03-04 01:17:17'),(6,23,'2018-12-17 22:15:43','2019-02-09 02:50:51'),(7,66,'2013-12-23 12:58:07','2015-05-04 09:54:13'),(7,99,'2018-11-23 01:40:10','2018-08-12 06:38:07'),(8,47,'2015-07-04 04:47:15','2021-06-18 21:04:07'),(8,94,'2012-11-25 20:59:05','2017-05-10 16:21:53'),(9,62,'2017-09-25 10:29:14','2019-10-04 09:00:37'),(12,25,'2018-02-01 20:11:35','2017-07-23 23:54:13'),(13,79,'2021-02-12 08:06:33','2017-09-25 10:01:16'),(14,16,'2015-12-16 17:34:40','2018-07-28 08:08:41'),(15,1,'2016-12-07 06:14:03','2017-11-15 22:27:14'),(15,2,'2012-02-16 01:11:38','2015-01-03 21:23:59'),(15,48,'2012-06-03 12:47:54','2015-12-22 19:51:38'),(15,90,'2012-02-09 13:54:21','2014-10-10 03:43:41'),(16,14,'2015-05-31 03:58:47','2014-06-08 13:51:45'),(16,28,'2020-02-06 14:04:26','2019-02-13 02:30:19'),(16,61,'2021-01-14 01:44:37','2016-06-16 01:01:11'),(16,64,'2012-09-20 04:50:12','2013-01-09 16:24:17'),(17,33,'2016-06-23 05:07:47','2019-02-16 18:31:24'),(17,66,'2015-01-20 04:51:02','2015-12-31 12:10:08'),(18,11,'2018-05-26 22:23:17','2013-02-05 03:37:06'),(18,51,'2013-09-13 06:26:36','2016-04-28 09:27:59'),(21,41,'2016-06-13 21:41:07','2014-01-10 22:09:34'),(27,42,'2020-08-23 17:00:50','2021-02-07 00:12:08'),(28,82,'2015-12-07 22:43:12','2011-10-16 06:37:15'),(32,88,'2013-05-20 19:07:57','2016-07-31 06:18:47'),(33,7,'2019-06-15 17:02:50','2017-10-29 00:15:46'),(33,45,'2013-02-02 03:33:13','2018-09-25 22:38:04'),(34,51,'2020-04-25 01:22:07','2020-05-18 03:39:36'),(36,20,'2020-01-28 08:13:19','2019-09-13 19:59:52'),(38,67,'2014-11-14 14:06:01','2015-05-24 19:03:04'),(40,83,'2014-11-22 04:53:03','2020-10-19 03:21:14'),(41,100,'2012-04-25 16:48:38','2014-04-14 13:34:55'),(42,11,'2012-12-25 12:27:10','2017-12-16 16:00:02'),(42,72,'2014-07-25 07:01:59','2018-01-23 00:50:15'),(43,43,'2016-06-19 16:53:12','2013-09-09 16:32:09'),(45,76,'2013-10-28 00:55:04','2020-12-09 14:15:17'),(46,25,'2015-08-28 20:22:41','2018-11-08 07:14:27'),(46,92,'2018-11-13 23:41:00','2020-11-22 19:50:48'),(47,68,'2013-06-24 09:09:18','2017-12-22 22:29:50'),(48,67,'2015-10-30 17:45:43','2020-03-13 02:11:46'),(49,9,'2015-06-18 00:30:09','2013-06-08 07:11:54'),(49,52,'2018-06-05 02:27:57','2011-08-07 22:14:29'),(50,51,'2018-03-24 00:23:16','2020-10-02 23:06:27'),(50,87,'2012-06-29 13:01:18','2011-07-05 06:51:12'),(52,45,'2020-04-26 02:49:30','2013-01-22 17:27:43'),(52,87,'2019-11-27 19:20:18','2013-01-26 18:13:28'),(53,78,'2014-04-13 15:53:16','2021-03-23 08:56:10'),(55,29,'2014-11-20 22:49:20','2020-12-12 08:29:16'),(55,55,'2011-11-21 16:55:30','2020-04-09 13:21:40'),(55,91,'2013-03-23 20:40:48','2016-09-11 22:21:13'),(56,10,'2015-12-05 18:37:22','2014-10-23 05:13:20'),(58,18,'2015-01-11 07:35:50','2019-12-17 17:21:38'),(59,21,'2012-03-23 09:03:57','2013-02-14 09:50:05'),(60,45,'2019-06-14 10:59:21','2019-12-23 01:27:19'),(60,71,'2020-02-03 02:48:36','2015-09-10 20:34:05'),(61,92,'2014-06-17 06:06:22','2013-08-31 17:09:52'),(62,42,'2016-06-03 12:38:40','2013-04-06 08:45:16'),(62,67,'2019-07-13 02:54:35','2012-01-15 10:57:10'),(63,11,'2015-08-12 21:16:05','2013-07-28 02:21:21'),(63,96,'2014-11-17 17:09:48','2020-12-25 19:28:10'),(64,25,'2014-04-15 02:36:52','2015-07-22 03:26:54'),(64,99,'2021-02-03 09:38:58','2015-07-12 01:50:13'),(65,36,'2014-07-28 07:07:35','2019-05-13 23:27:24'),(65,48,'2018-03-16 05:59:02','2020-07-11 11:30:59'),(70,31,'2018-08-08 20:54:52','2019-11-04 13:35:38'),(70,65,'2011-11-23 17:02:42','2016-01-08 20:07:30'),(71,62,'2012-12-17 18:37:35','2018-05-09 13:03:25'),(71,77,'2012-11-20 03:25:26','2014-09-17 22:42:27'),(72,98,'2013-11-30 04:45:12','2016-04-02 06:19:00'),(74,72,'2018-11-01 23:04:46','2017-08-15 03:17:40'),(76,7,'2020-11-28 23:10:19','2021-01-19 17:24:34'),(76,15,'2016-01-09 02:30:57','2021-06-10 07:05:58'),(76,27,'2014-01-05 06:33:05','2013-03-10 09:23:20'),(77,40,'2014-12-06 17:54:57','2020-06-02 18:06:50'),(78,2,'2019-07-31 13:26:59','2018-01-22 17:26:58'),(78,49,'2014-09-27 17:22:06','2016-05-16 12:13:21'),(78,57,'2018-01-12 20:26:37','2018-05-01 07:11:43'),(78,100,'2015-01-01 21:34:19','2016-03-25 06:17:38'),(79,15,'2016-12-23 06:30:17','2018-08-20 13:42:09'),(79,78,'2016-07-08 15:31:18','2017-03-25 12:29:43'),(79,80,'2011-12-16 20:45:19','2012-04-02 22:01:44'),(80,29,'2012-07-10 00:04:10','2020-04-16 10:29:07'),(85,18,'2011-11-06 10:40:50','2018-04-04 07:56:47'),(85,39,'2021-04-21 08:43:42','2017-10-02 13:58:57'),(85,58,'2016-05-10 03:22:27','2018-05-03 22:55:45'),(87,82,'2014-03-29 06:19:30','2014-02-22 09:05:34'),(88,73,'2018-08-23 08:58:51','2011-11-18 06:03:49'),(90,69,'2012-02-13 17:06:32','2013-10-31 12:12:51'),(91,67,'2020-02-25 14:27:41','2015-01-31 22:17:46'),(92,72,'2012-11-26 15:43:40','2020-07-27 09:30:55'),(93,38,'2016-03-02 00:31:10','2020-04-06 02:48:58'),(93,64,'2021-06-10 07:15:39','2015-04-25 03:41:27'),(94,29,'2020-01-06 19:59:09','2020-11-30 11:11:25'),(94,31,'2013-09-11 22:11:25','2012-02-25 10:51:54'),(99,44,'2019-05-04 09:33:54','2012-04-16 05:56:38'),(100,61,'2020-02-12 03:29:23','2014-03-22 06:35:56'),(101,92,'2021-03-22 04:05:06','2014-07-29 11:17:26'),(104,1,'2014-07-12 23:43:58','2015-05-02 06:14:55'),(108,20,'2011-10-26 07:13:06','2017-08-07 07:17:47'),(108,99,'2016-07-28 09:30:04','2018-08-28 01:49:34'),(109,66,'2014-09-19 11:06:27','2015-09-27 08:45:59'),(110,6,'2016-11-05 10:49:21','2019-10-24 06:27:03'),(113,12,'2013-01-01 15:55:11','2011-12-07 17:26:00'),(113,37,'2020-11-09 10:30:10','2011-12-26 22:14:29'),(113,45,'2016-08-19 20:40:49','2021-01-11 23:45:19'),(116,46,'2017-07-05 22:07:46','2016-07-15 11:45:49'),(116,64,'2016-06-03 14:21:58','2016-12-25 19:48:19'),(119,100,'2013-04-28 11:47:19','2019-02-21 08:52:11'),(120,53,'2015-07-03 03:41:24','2016-08-12 08:41:09'),(123,47,'2014-01-07 20:50:19','2013-02-01 21:12:03'),(123,61,'2014-04-28 16:28:17','2018-01-17 07:23:59'),(124,24,'2011-12-22 23:04:32','2018-09-13 01:25:48'),(125,95,'2020-01-02 07:50:40','2019-04-23 23:01:09'),(126,75,'2014-06-03 07:43:09','2020-05-30 00:27:21'),(130,29,'2018-10-02 04:50:19','2012-07-14 23:34:09'),(130,52,'2020-04-28 22:19:17','2020-01-18 17:54:33'),(130,78,'2013-01-29 11:27:52','2015-06-14 11:32:58'),(131,26,'2019-05-08 03:51:41','2012-12-25 13:20:36'),(132,39,'2015-09-10 15:37:10','2018-06-01 19:55:41'),(133,69,'2015-04-01 14:50:54','2016-08-25 15:43:07'),(133,90,'2020-11-20 11:48:58','2017-09-06 17:35:55'),(134,10,'2017-12-27 12:55:38','2013-09-27 07:36:28'),(134,51,'2012-07-25 02:24:23','2018-01-19 00:41:54'),(135,28,'2014-02-18 13:09:53','2013-07-28 16:45:42'),(135,86,'2015-02-07 20:53:10','2013-08-07 01:32:15'),(137,49,'2020-08-23 14:41:26','2016-04-03 15:52:35'),(137,57,'2012-05-09 15:24:27','2013-07-22 01:19:11'),(137,73,'2015-08-20 12:16:10','2019-03-08 08:40:20'),(138,85,'2012-11-23 09:37:21','2011-10-24 17:11:47'),(139,15,'2019-07-05 18:47:46','2013-11-08 20:32:19'),(139,39,'2013-10-01 04:46:32','2011-10-25 14:40:47'),(139,58,'2017-01-30 18:55:45','2017-02-05 11:48:15'),(140,14,'2018-04-24 17:13:19','2013-12-01 22:17:35'),(141,1,'2011-07-03 03:43:12','2012-10-31 09:58:21'),(142,16,'2013-04-13 10:13:13','2020-04-09 09:21:34'),(142,35,'2020-08-26 06:30:15','2020-05-29 14:10:54'),(143,10,'2013-09-22 01:20:49','2015-10-09 23:12:09'),(143,70,'2018-04-03 06:12:47','2018-06-04 21:49:05'),(145,15,'2013-07-25 17:00:35','2013-09-06 17:32:38'),(145,31,'2020-01-04 12:21:21','2015-10-31 12:12:15'),(146,12,'2019-03-19 09:55:41','2020-01-17 18:53:25'),(150,56,'2018-02-18 08:29:13','2015-05-14 04:48:57'),(150,99,'2013-02-05 23:04:15','2014-07-19 05:50:50'),(151,13,'2019-12-25 00:45:15','2016-12-16 21:57:42'),(152,25,'2020-06-05 21:54:12','2016-07-11 04:20:10'),(152,86,'2018-08-09 20:10:36','2020-04-29 02:54:39'),(153,29,'2012-10-07 17:52:21','2020-01-22 00:32:27'),(153,92,'2020-11-21 15:21:56','2020-03-05 21:06:23'),(154,24,'2019-08-04 09:55:45','2020-08-30 21:38:29'),(154,26,'2015-02-10 09:25:47','2019-11-06 20:32:22'),(154,92,'2016-01-13 05:35:03','2014-12-08 23:15:34'),(155,12,'2018-09-19 15:32:22','2011-10-07 02:58:12'),(155,23,'2012-06-21 04:14:51','2014-10-27 18:20:38'),(155,36,'2017-10-02 12:43:52','2021-01-28 06:57:48'),(155,65,'2015-05-29 20:33:17','2011-10-04 14:04:48'),(155,97,'2018-08-24 05:03:35','2018-11-27 02:14:08'),(156,14,'2012-04-18 05:07:08','2020-09-07 18:16:26'),(157,50,'2012-07-19 06:50:27','2019-06-18 12:53:27'),(158,4,'2017-05-20 15:47:03','2012-01-16 22:51:33'),(159,27,'2011-08-17 03:15:25','2019-10-20 01:16:38'),(160,33,'2018-11-29 14:45:42','2020-05-09 23:17:17'),(164,89,'2014-06-15 10:36:01','2013-07-18 19:33:58'),(172,35,'2015-09-24 17:57:54','2012-03-30 07:34:10'),(174,32,'2018-04-20 22:14:16','2019-06-12 06:54:28'),(174,95,'2020-01-03 04:22:09','2013-08-29 16:26:18'),(174,97,'2011-08-05 17:14:40','2019-12-12 21:12:29'),(175,94,'2014-12-11 00:09:37','2019-01-06 11:39:07'),(177,9,'2015-08-29 05:24:08','2011-11-16 11:12:48'),(178,28,'2018-12-12 01:16:31','2020-02-06 12:11:24'),(179,24,'2018-12-27 17:55:16','2017-03-05 14:32:33'),(182,42,'2013-01-05 15:12:35','2020-07-29 12:20:57'),(182,62,'2013-02-27 14:03:16','2013-06-02 07:41:01'),(182,82,'2013-02-11 06:43:42','2021-01-09 05:25:52'),(183,37,'2021-04-10 15:16:28','2019-11-27 14:21:46'),(184,99,'2019-08-24 03:16:56','2011-08-20 09:14:39'),(185,70,'2020-04-25 02:46:40','2019-08-13 20:13:38'),(188,46,'2018-05-31 01:31:13','2019-03-11 00:07:42'),(189,10,'2012-06-12 18:51:36','2012-11-03 14:47:23'),(189,16,'2013-07-19 02:38:07','2014-11-06 20:41:40'),(189,64,'2015-02-11 09:39:29','2019-11-12 08:31:53'),(189,97,'2016-01-22 22:32:58','2014-06-29 15:48:26'),(191,23,'2013-10-29 07:22:47','2018-05-12 15:41:31'),(192,12,'2018-12-28 01:42:37','2018-10-07 14:48:09'),(192,19,'2016-07-28 23:53:10','2020-07-12 23:09:31'),(195,87,'2014-09-24 12:04:52','2016-09-28 05:04:35'),(198,10,'2018-08-08 16:38:31','2014-07-11 01:06:16'),(198,45,'2018-08-13 04:19:50','2013-01-05 02:42:51'),(198,96,'2012-03-03 17:17:28','2019-08-25 06:31:18'),(198,99,'2020-04-15 02:47:58','2019-08-09 14:58:37'),(199,67,'2017-04-21 00:43:21','2014-03-04 07:25:39'),(199,94,'2018-12-05 12:26:46','2019-12-07 03:23:37'),(200,26,'2014-06-30 12:06:12','2020-01-15 04:13:50');
/*!40000 ALTER TABLE `media_users` ENABLE KEYS */;
UNLOCK TABLES;

--
-- Table structure for table `messages`
--

DROP TABLE IF EXISTS `messages`;
/*!40101 SET @saved_cs_client     = @@character_set_client */;
/*!50503 SET character_set_client = utf8mb4 */;
CREATE TABLE `messages` (
  `id` int unsigned NOT NULL AUTO_INCREMENT,
  `from_user_id` int unsigned NOT NULL,
  `to_user_id` int unsigned NOT NULL,
  `body` text CHARACTER SET utf8mb4 COLLATE utf8mb4_unicode_ci NOT NULL,
  `is_important` tinyint(1) DEFAULT NULL,
  `is_sent` tinyint(1) DEFAULT NULL,
  `is_delivered` tinyint(1) DEFAULT NULL,
  `is_read` tinyint(1) DEFAULT NULL,
  `created_at` datetime DEFAULT CURRENT_TIMESTAMP,
  `updated_at` datetime DEFAULT CURRENT_TIMESTAMP ON UPDATE CURRENT_TIMESTAMP,
  PRIMARY KEY (`id`)
) ENGINE=InnoDB AUTO_INCREMENT=101 DEFAULT CHARSET=utf8mb4 COLLATE=utf8mb4_unicode_ci;
/*!40101 SET character_set_client = @saved_cs_client */;

--
-- Dumping data for table `messages`
--

LOCK TABLES `messages` WRITE;
/*!40000 ALTER TABLE `messages` DISABLE KEYS */;
INSERT INTO `messages` VALUES (1,49,94,'Repellendus porro consequatur est harum perferendis dolores. Ab et vitae minus. Sunt dolor est quo officiis fugit qui error. Modi qui nesciunt fugiat est. Beatae ut temporibus tempore facilis sed aperiam vero.',0,0,0,0,'2018-04-14 21:34:21','2021-06-26 16:14:49'),(2,90,70,'Corporis ducimus eaque ut dolor laborum distinctio. Reiciendis voluptas ex similique rerum. Voluptatum reprehenderit culpa quia et qui omnis. Sed consequatur perferendis magnam sit et repellendus.',0,0,0,0,'2012-01-13 09:15:44','2021-06-26 16:13:39'),(3,31,4,'Omnis quidem occaecati in recusandae ullam voluptatem perferendis. Enim accusamus est et et consequatur eius cum. Cum aut quidem placeat.',1,1,0,0,'2016-05-25 05:50:38','2021-06-26 16:14:49'),(4,64,51,'Sunt et est consectetur porro. Quos consequatur qui natus doloremque iste aut. Sint debitis est quia natus eaque saepe id tenetur. Hic ducimus commodi est quo possimus rerum. Temporibus ea perferendis omnis commodi vitae.',1,0,0,0,'2018-04-17 05:03:40','2021-06-26 16:14:49'),(5,62,83,'Necessitatibus placeat est perferendis velit. Voluptatem sint rem suscipit ipsum aliquid cupiditate amet.',1,1,0,0,'2013-05-07 06:59:58','2021-06-26 16:14:49'),(6,68,98,'Cum consectetur perferendis provident libero. Voluptatem provident perspiciatis quia architecto minus et. Cupiditate et quisquam eius ea dolor asperiores.',1,1,0,0,'2015-12-12 11:48:43','2020-04-29 22:15:24'),(7,39,88,'Minima enim libero consequatur vero. Voluptas animi inventore quaerat laboriosam quia recusandae. Dolore molestiae error rerum est distinctio aut ducimus. Laudantium quia assumenda nesciunt repudiandae natus.',0,0,0,0,'2017-07-13 15:31:30','2021-06-26 16:11:23'),(8,52,56,'Nostrum laborum veritatis sunt et odit. Molestias corporis consequatur aspernatur nesciunt inventore ex quo. Illo a adipisci sit illum deleniti. Sed voluptatibus corporis labore sed magnam libero.',0,1,1,1,'2011-08-21 05:48:10','2020-07-07 18:28:34'),(9,27,6,'Recusandae quis quis ducimus omnis. Modi accusamus ex repudiandae distinctio. Dolore tenetur ratione fuga impedit aliquam eveniet. Expedita voluptatibus ut quidem ipsa consequatur excepturi dolores.',1,0,0,0,'2018-01-18 18:33:25','2021-06-26 16:14:49'),(10,33,95,'Voluptatem labore atque excepturi aut dolore incidunt. Iste reiciendis aliquam vel quasi et officiis. Pariatur nemo cumque quia facilis ipsam aut. Culpa suscipit accusantium beatae aliquam.',1,1,1,0,'2020-10-28 07:42:53','2021-06-26 16:11:23'),(11,94,65,'Sed modi sed consequatur et voluptates esse quisquam. Sequi nesciunt culpa omnis possimus. Amet harum voluptate doloribus ut voluptas voluptas eligendi. Accusamus ut minima a debitis et necessitatibus.',1,0,0,0,'2014-12-14 22:17:58','2021-06-26 16:11:23'),(12,50,19,'Quis hic ea quis nesciunt molestias eos. Ipsam et pariatur molestiae saepe. Consectetur sit est ex sequi velit. Natus sit alias mollitia omnis pariatur incidunt.',0,0,0,0,'2015-03-05 05:01:11','2021-06-26 16:14:49'),(13,23,37,'Debitis sit fugit dolorem natus. In omnis velit omnis id sapiente. Consequatur voluptas impedit vel incidunt ut unde asperiores. Sint aperiam iste velit quo.',0,0,0,0,'2018-04-01 20:12:15','2021-06-26 16:11:23'),(14,14,94,'Corrupti minima perferendis rerum iure deserunt suscipit atque. Dolore enim minus optio tenetur veritatis. Vero blanditiis quibusdam accusamus. Nulla est a id.',0,1,1,1,'2020-07-06 02:58:25','2021-06-26 16:11:23'),(15,29,57,'Error molestiae nostrum mollitia omnis assumenda. Nulla voluptate laborum quia quo. Et sit minima vel officia enim. Praesentium quas repudiandae rerum facere.',0,0,0,0,'2021-01-24 00:01:47','2021-06-26 16:14:49'),(16,1,77,'Corrupti autem animi impedit enim. Quam laboriosam deserunt et voluptate aliquid tenetur.',0,0,0,0,'2015-08-24 15:22:44','2021-06-26 16:14:49'),(17,50,90,'Temporibus quas nihil et. Reprehenderit doloribus modi suscipit non et fugit labore. Nostrum fuga eum laudantium explicabo sit ipsam.',0,0,0,0,'2014-10-07 14:53:59','2021-06-26 16:14:49'),(18,47,81,'Cupiditate magni voluptas blanditiis nostrum accusantium quia. Sint vero qui explicabo non et accusamus. Laudantium corporis nam facere quibusdam ut minus. Quia modi unde animi dolor eos culpa.',0,0,0,0,'2016-02-01 19:39:34','2021-06-26 16:14:49'),(19,93,10,'Cupiditate architecto quasi et quis dolor rerum accusamus reiciendis. Saepe maiores aliquam et et sunt officia enim. Laborum quam et repellat quia iste.',1,0,0,0,'2011-12-02 17:41:20','2021-04-01 08:46:34'),(20,32,55,'Corrupti animi id aspernatur repudiandae repellendus quaerat. Dolor architecto placeat excepturi qui est dolore. Aut adipisci ut error qui tempore.',0,1,0,0,'2016-05-27 16:23:24','2021-06-26 16:14:49'),(21,93,99,'Est molestiae et molestiae ea. Sapiente eligendi alias libero aliquam est ut voluptatibus.',0,1,1,0,'2013-02-26 01:44:57','2018-07-23 19:46:44'),(22,52,31,'Architecto officia ea animi ut distinctio animi possimus. Et nulla dolor numquam. Ut ut vero suscipit.',0,1,1,1,'2011-11-05 05:32:09','2013-05-29 09:29:22'),(23,86,4,'Qui voluptatibus facere libero. In neque quam amet quas dolorum. Reiciendis natus provident deserunt in qui. Necessitatibus accusantium quisquam est. Aspernatur quaerat quas deleniti est aut possimus ad.',0,0,0,0,'2014-10-07 18:36:09','2021-06-26 16:13:39'),(24,87,13,'Rerum ratione qui ut est vel. Laboriosam ipsum hic officiis harum. Et alias nobis qui ut dolorum. Non ullam qui illum illum excepturi qui omnis nulla.',0,0,0,0,'2013-09-05 15:57:31','2021-06-26 16:14:49'),(25,9,20,'Repudiandae eum id modi dolorem veritatis eveniet. Eveniet ipsa vel consequatur et beatae veritatis recusandae. Quasi dolorum quod sint autem. Molestiae voluptatum quia est voluptas voluptatem et.',1,1,0,0,'2013-11-21 14:36:20','2015-10-11 12:09:49'),(26,7,2,'Commodi enim est voluptas. Dolore praesentium beatae error ea et dolorum. Consequatur ipsam et sunt rerum nesciunt architecto.',0,0,0,0,'2018-07-13 16:37:22','2021-06-26 16:14:49'),(27,84,56,'Maxime voluptatem temporibus a voluptas nam molestiae dolores. Qui iste aspernatur ducimus qui sint vel. Deleniti voluptas ut sunt consequatur aut autem. Distinctio velit culpa est sit sed ea.',0,1,1,1,'2014-01-07 21:07:53','2021-06-26 16:11:23'),(28,21,7,'Dolor id ea quo dolorem nostrum officiis. Aut voluptatum tenetur minus et vel aut saepe voluptas. Maiores corporis quas maiores corrupti sint soluta ullam. Nobis dolores magni omnis et rem quisquam.',1,0,0,0,'2013-06-08 11:29:38','2021-06-26 16:13:39'),(29,93,34,'Explicabo non sit voluptas aut officiis et labore. Ut eius qui est sequi. Nostrum nihil architecto tempora laboriosam deserunt perferendis nihil quasi. Consequatur deserunt reprehenderit qui laudantium soluta cupiditate.',1,1,0,0,'2018-04-15 13:18:58','2021-06-26 16:11:23'),(30,100,21,'Libero quidem nulla aut. Expedita ut voluptatem repudiandae veritatis qui ut ullam. Rerum reprehenderit perspiciatis expedita. Animi odio illo soluta tempora in qui officia.',0,0,0,0,'2015-11-12 16:39:41','2021-06-26 16:13:39'),(31,90,100,'Consequatur laboriosam nulla fugiat. Nostrum et ut voluptate ullam perferendis minus laudantium velit. Nisi rem nihil omnis est. Laborum rerum quo optio et ut sed.',0,0,0,0,'2019-08-17 11:25:15','2021-06-26 16:14:49'),(32,98,40,'Placeat ut quasi animi eos voluptatibus rerum. Aut necessitatibus non ipsum cum aperiam atque occaecati qui. Quo quia exercitationem aut unde quam consectetur.',0,1,1,0,'2020-08-10 12:12:47','2021-06-26 16:11:23'),(33,90,44,'Tenetur voluptatem non odit sapiente vitae. Perspiciatis porro iure libero. Exercitationem rerum quidem ea qui expedita ad soluta vero. Accusamus expedita animi fugiat aut quia unde quo.',1,1,0,0,'2018-06-09 13:38:30','2021-06-26 16:14:49'),(34,20,83,'Eaque dolorem vel excepturi omnis quo commodi sit. Dolor tempore ratione omnis neque. Aliquid magnam quo eligendi numquam. Ipsam et eveniet officiis odio nihil a.',1,1,1,0,'2017-08-07 04:57:59','2021-06-26 16:11:23'),(35,54,51,'Non voluptatem provident quo sunt consequatur voluptas quia. Sunt at voluptas ipsam ut voluptatem quo sed.',0,1,1,0,'2018-03-08 10:11:11','2021-06-26 16:11:23'),(36,37,47,'Sapiente dolor error voluptas sequi molestiae. Ut temporibus iure quis id excepturi ea praesentium. Quo reiciendis deleniti molestiae. Voluptate soluta modi aut est.',1,0,0,0,'2013-02-09 03:05:25','2014-10-03 06:03:13'),(37,50,89,'Ea enim ratione dignissimos atque. Eveniet dolorem id facere fugit sint esse a. Porro provident ipsa eius. Perferendis repudiandae dignissimos quia consequatur qui autem ut.',1,1,1,0,'2015-05-29 04:15:18','2016-04-17 00:09:58'),(38,77,36,'Nihil sed iusto dolores. Quia nulla dolor aut voluptas. Sapiente sit repudiandae et incidunt voluptate tenetur libero.',1,0,0,0,'2012-06-27 23:38:10','2021-06-26 16:13:39'),(39,92,64,'Ducimus repudiandae id repudiandae quisquam similique est. Aut rem et autem totam culpa. Et ea et totam.',1,1,1,0,'2020-05-01 07:02:03','2021-06-26 16:11:23'),(40,48,1,'Voluptatem nihil ad ea accusamus. Praesentium illum autem laborum autem eos quo suscipit voluptatibus. Omnis non expedita sed et est dolores aliquid rerum. Ut et ullam eos vero. Aspernatur animi ut cum consequatur sed aut.',1,1,1,1,'2016-08-06 03:24:56','2019-12-01 12:28:52'),(41,83,55,'Dolore error voluptatem quibusdam delectus non nihil quisquam. Fugit iste aspernatur harum. Voluptates maiores qui officiis quo tempora aliquid sit libero. Reprehenderit quia sapiente quam ipsum id. Fugit qui et cupiditate error voluptatem enim dignissimos cumque.',1,1,0,0,'2013-12-04 20:02:18','2019-12-28 04:58:11'),(42,3,67,'Fugit eos assumenda consectetur. Est similique voluptatibus vel iusto aspernatur maiores. Sequi harum magni laudantium autem incidunt doloribus soluta. Aut esse dolorem expedita quo exercitationem qui distinctio.',1,0,0,0,'2013-10-05 02:37:17','2021-06-26 16:14:49'),(43,10,23,'Quae qui quos nostrum voluptatum ducimus doloribus nemo. Numquam ea similique rerum vitae quos quia. Vitae ut fuga id dolores sunt. Porro qui ut quia minima debitis ab neque. Est libero libero aut corrupti.',0,0,0,0,'2014-03-05 06:03:49','2021-06-26 16:14:49'),(44,74,3,'Temporibus ex earum cupiditate accusantium. At ut repudiandae cupiditate. Laborum voluptas tenetur eum quis quia. Atque voluptatem hic sunt eligendi.',1,1,1,1,'2016-07-27 05:28:12','2019-04-15 22:00:58'),(45,57,74,'Voluptatibus earum ut velit. Quo dolor quia sit et voluptates voluptatum et. Consequatur ratione vitae sunt deserunt.',1,1,0,0,'2016-10-02 11:39:57','2021-06-26 16:11:23'),(46,24,46,'Vel culpa recusandae aperiam blanditiis nemo est reiciendis. Delectus quae voluptatibus quo eos.',0,1,1,1,'2016-05-13 15:14:59','2021-06-26 16:11:23'),(47,73,22,'Aut vitae repellat vel voluptatum. Nihil aliquam qui totam veniam tenetur. Quaerat aut sed omnis odio consequuntur quia. Nesciunt ut voluptate beatae nesciunt occaecati quo odio.',0,0,0,0,'2013-07-06 10:46:53','2021-06-26 16:14:49'),(48,85,63,'Ut quia architecto blanditiis libero accusamus consequatur. Magnam laboriosam harum voluptatum illum dolores. Eaque dicta similique aliquam quod vel velit. Distinctio blanditiis aspernatur adipisci id.',1,1,0,0,'2019-04-21 12:54:16','2021-06-26 16:11:23'),(49,66,5,'Sunt sint beatae soluta officiis. Inventore ducimus facere corrupti architecto quas aut aut.',0,0,0,0,'2019-06-26 16:01:59','2021-06-26 16:14:49'),(50,45,19,'Totam perferendis ad odio sequi omnis quidem ipsam. Sit quia placeat saepe sint ab. Id repudiandae accusantium rem nihil corrupti sit. Ratione quod perspiciatis consequatur qui dolores quo consequatur nobis.',1,1,1,1,'2016-11-09 20:34:14','2021-04-01 06:06:41'),(51,55,81,'Magni sed autem voluptatibus mollitia laudantium consequatur occaecati. Suscipit nihil ut quas voluptatem magnam illo. Quisquam ut officia et est at.',0,1,1,1,'2020-11-04 13:24:49','2021-06-26 16:11:23'),(52,66,5,'Nostrum exercitationem ullam non ea fugiat cumque tenetur neque. Repellendus sit aliquid est dolor voluptatem qui. Nemo animi ut repellat blanditiis quis. Velit quo nihil voluptas ab iusto placeat maxime. Totam dolorem et ut consequatur eligendi.',0,0,0,0,'2015-09-26 17:40:07','2021-06-26 16:14:49'),(53,69,43,'Et quo eligendi qui corporis. Asperiores temporibus doloremque cum. Natus saepe veritatis qui culpa quasi reiciendis sint.',1,0,0,0,'2017-05-26 14:02:50','2021-06-26 16:14:49'),(54,40,61,'Ipsum dolorem ut et laboriosam aut itaque. Accusamus sequi deserunt modi aut. Eos fugit dignissimos nihil et sit.',0,0,0,0,'2017-12-12 07:56:43','2019-02-19 13:44:44'),(55,6,87,'Amet est eos dolorem est non minima. Quidem autem error molestiae corporis blanditiis. Ipsa quidem labore et impedit quibusdam molestiae.',1,1,0,0,'2017-05-31 21:47:12','2021-06-26 16:14:49'),(56,62,89,'Dolore ex odio deleniti. Vitae hic sit ut possimus tenetur sint aut hic. Molestiae velit omnis soluta omnis reprehenderit asperiores sapiente. Maxime dolor omnis ea hic eum animi perferendis ut.',1,0,0,0,'2015-12-08 22:45:32','2021-06-26 16:13:39'),(57,42,64,'Doloribus voluptate blanditiis ut nihil error sequi. In et aut velit minus qui in voluptatem. Amet ipsa eveniet quia error sequi perspiciatis. Dolorem dolorum sunt iure cupiditate.',1,1,0,0,'2019-08-12 12:27:14','2021-06-26 16:14:49'),(58,55,52,'Sed unde qui ratione consectetur voluptatem et facilis. Possimus vel est saepe. Et expedita mollitia possimus est blanditiis dolorem consequatur.',1,1,1,0,'2020-07-27 09:44:51','2021-06-26 16:11:23'),(59,87,28,'Possimus iste impedit est ut eius laudantium pariatur nihil. Et et cumque voluptatem atque facilis expedita. Et dolore vel modi eius id ipsum.',0,0,0,0,'2017-08-25 21:18:32','2021-06-26 16:14:49'),(60,54,43,'Rerum earum cum fugit labore ea. Quia molestiae minus nisi harum. Quo est tempora quibusdam tempore.',0,0,0,0,'2011-06-25 12:09:33','2013-05-24 14:23:27'),(61,1,77,'Voluptas et pariatur mollitia earum itaque tenetur necessitatibus est. Totam porro et quisquam odit. Asperiores cum consequatur ut nam optio.',1,0,0,0,'2018-03-31 10:08:28','2021-06-26 16:14:49'),(62,89,74,'Et tenetur expedita blanditiis. Repudiandae qui ipsam quae dolor voluptatum provident dolores omnis. A eum est id eum ducimus molestiae. Et qui nemo omnis quis nemo assumenda.',0,0,0,0,'2021-05-29 04:20:32','2021-06-26 16:14:49'),(63,99,73,'Ut aut voluptatem et et nulla dolorem. Suscipit omnis odio a quam. Quod exercitationem vero illum assumenda non.',1,0,0,0,'2015-08-08 18:27:29','2021-06-26 16:13:39'),(64,36,64,'Et possimus molestiae cum harum. Quos nulla porro perspiciatis placeat fugit vel eaque. Esse molestiae qui ratione ipsa. Numquam autem culpa dolores repudiandae laborum officiis.',1,0,0,0,'2012-08-14 01:09:13','2021-06-26 16:14:49'),(65,78,80,'Cupiditate quia aliquid occaecati assumenda dolorum culpa animi. Porro minus aut rem amet debitis esse asperiores dolorum. Dignissimos non minima facere et numquam veritatis.',0,0,0,0,'2012-10-30 18:44:29','2021-06-26 16:14:49'),(66,83,32,'Ut excepturi quo vel non odit omnis. Non dicta atque fuga optio iste error deleniti. Sit consequatur alias possimus eaque itaque amet corporis. Mollitia velit consequatur quo.',1,1,0,0,'2013-06-06 16:05:23','2021-06-26 16:14:49'),(67,61,48,'Officiis sint ea quam. Sequi ratione minus tempora tempora.',1,0,0,0,'2016-04-02 13:13:19','2018-09-02 07:38:37'),(68,37,30,'Quibusdam qui quam ratione sed facere. Odit vel quia impedit quibusdam et. Rerum illo harum reprehenderit. Adipisci molestiae quia est nihil. Ratione ex architecto ut et perspiciatis alias inventore ut.',1,0,0,0,'2015-06-30 20:35:46','2021-06-26 16:13:39'),(69,90,76,'Et quia non eum. Labore veritatis temporibus dolor. Qui vitae dolor id cum id voluptas. Ex pariatur maiores quo ut et.',0,0,0,0,'2019-02-09 07:03:32','2021-06-26 16:13:39'),(70,90,95,'Aut sapiente laborum quo nostrum aut. Dignissimos nostrum et fugit magnam mollitia aperiam nisi doloribus. Aut dicta consectetur qui quo doloremque quae. Ut harum alias libero quas.',1,1,1,1,'2018-08-21 19:37:39','2021-06-26 16:11:23'),(71,63,51,'Ex animi tenetur facilis similique qui. Voluptatem ut temporibus adipisci qui. Eos fugit facilis voluptatibus magnam facilis nam.',1,1,0,0,'2012-11-04 06:37:11','2021-06-26 16:14:49'),(72,83,4,'Voluptas asperiores voluptas eaque cupiditate dolore. Error nisi aliquid ipsum in ipsam sed. Qui suscipit eos cumque. Possimus aut voluptate quia doloribus.',0,1,0,0,'2021-05-16 23:47:18','2021-06-26 16:14:49'),(73,15,38,'Nisi error quia eaque omnis. Eligendi perspiciatis quos amet et sunt. Labore facilis vel repudiandae nostrum consequuntur et sapiente. Est dignissimos nemo illo quia et.',0,1,0,0,'2016-05-03 15:08:01','2019-03-21 23:37:38'),(74,55,1,'Ad veniam ducimus sequi sequi error. Et veritatis ut dolorem ad aut. Fuga in quo itaque odio nihil quia eos minus.',1,0,0,0,'2018-12-07 09:50:12','2021-06-26 16:14:49'),(75,66,9,'Quasi unde qui expedita. Fugit aliquam quasi voluptatem et consequatur cupiditate. Neque occaecati voluptatem et exercitationem porro. Soluta suscipit sit optio consequatur. Quia omnis aut molestiae rerum corrupti iure.',0,0,0,0,'2013-03-12 07:21:38','2021-06-26 16:13:39'),(76,43,67,'Qui qui minima facilis nisi. Dolor voluptates quae consequatur quia quae voluptates repellat. Consequatur aut possimus eos sed aut. Fugiat nulla et id maiores.',1,1,0,0,'2013-11-29 22:04:42','2021-06-26 16:14:49'),(77,86,31,'Architecto ut aperiam eaque aperiam perferendis ad. Et sit ad dolor rem debitis. Cumque adipisci excepturi beatae delectus sunt.',0,1,1,1,'2019-08-18 23:16:56','2021-06-26 16:11:23'),(78,41,84,'Placeat autem ea praesentium eius fuga. Tempora voluptatem illo placeat consequuntur itaque eum molestias voluptatem. Necessitatibus qui harum aut. Amet fugiat similique accusantium blanditiis accusantium expedita ut.',1,0,0,0,'2019-03-20 09:22:35','2021-06-26 16:13:39'),(79,4,76,'Eveniet natus et dolore aut. Nihil quibusdam vel porro cum aut eligendi sed minus. Ipsa similique voluptas labore quia omnis vel aliquam.',0,0,0,0,'2017-09-19 08:29:06','2021-06-26 16:14:49'),(80,47,81,'Non dolorem consequatur aut unde rem. Cumque repellendus aut officiis quidem. Labore odit est libero fuga qui quod.',1,1,1,0,'2015-05-03 07:14:30','2018-04-04 12:58:12'),(81,56,29,'Veniam animi perferendis nihil earum quia. Sunt id ea est numquam. Et doloribus et nam tempore voluptas eligendi ullam.',0,0,0,0,'2019-10-31 03:20:27','2021-06-26 16:11:23'),(82,13,17,'Error aliquam minima maxime a laudantium vero inventore molestiae. Quia illo ad quasi.',1,1,1,0,'2013-07-10 05:24:49','2014-08-29 15:45:16'),(83,76,50,'Cumque ab dolorem perferendis dolor eos aspernatur sit. Similique nam quis est aspernatur. Odio laborum ipsa quas. Quidem et inventore nisi id ab.',1,1,0,0,'2013-07-18 17:33:52','2018-12-18 06:15:18'),(84,46,66,'Consequuntur numquam nam aut error aut mollitia. Et iure enim eos fugiat nulla. Necessitatibus quod non incidunt beatae quis enim qui fuga. Sed doloremque et consequatur molestiae molestias quisquam quae.',1,1,1,0,'2021-04-21 09:41:48','2021-06-26 16:11:23'),(85,25,35,'Quaerat suscipit nobis qui natus. Error non optio eos veniam. Voluptatibus consequatur ab molestiae consequatur est. Vitae accusantium aliquam beatae sunt.',0,1,0,0,'2015-09-23 14:38:08','2021-01-14 01:17:03'),(86,60,88,'Veniam voluptas et dolorum perspiciatis eos quaerat. Est perferendis eum et corrupti aut voluptatum dolores dignissimos. Qui est amet sunt et a ullam necessitatibus qui. Harum sunt a velit.',0,0,0,0,'2021-04-11 00:13:15','2021-06-26 16:11:23'),(87,86,43,'Quo blanditiis blanditiis rerum ad debitis. Porro non ut aliquam. Est aut voluptates in cupiditate.',0,0,0,0,'2017-04-10 14:34:47','2019-03-09 22:03:27'),(88,91,100,'Odit ut vel dolor consequatur sint. Sit est et temporibus quo voluptatibus. Consectetur exercitationem magni dolorum soluta voluptatem.',1,0,0,0,'2020-07-28 04:29:51','2021-06-26 16:13:39'),(89,81,46,'Beatae officia reiciendis nostrum occaecati laudantium vel. Illo et reprehenderit rerum dicta pariatur nam id. Recusandae voluptatibus omnis magni ut veritatis.',1,0,0,0,'2017-03-19 19:26:52','2021-06-26 16:14:49'),(90,1,47,'Eaque alias numquam corrupti exercitationem recusandae voluptas harum. Aut eaque aspernatur rerum laborum repellat omnis neque. Veritatis deserunt id nisi quo animi.',1,0,0,0,'2020-11-19 12:35:26','2021-06-26 16:14:49'),(91,55,44,'Est hic laudantium velit ducimus. Et voluptatem libero natus nisi blanditiis dolore eaque qui. Debitis deserunt labore aut sunt aut eos quas. Recusandae optio adipisci rerum similique facilis laboriosam.',1,0,0,0,'2014-06-16 20:21:26','2021-06-26 16:11:23'),(92,13,40,'Quas et ut fugit et non id omnis. Numquam voluptatem eaque laboriosam qui temporibus. Sint est aut dicta dignissimos. Reiciendis id aspernatur magni molestias excepturi necessitatibus quos.',0,1,0,0,'2017-11-04 19:23:07','2021-06-26 16:11:23'),(93,74,53,'Eius dolor dignissimos et qui. Earum impedit commodi aperiam ut. Est officiis reiciendis voluptate quia.',0,1,1,0,'2020-10-23 04:45:08','2021-06-26 16:11:23'),(94,23,78,'Quas minima ullam fugit cupiditate culpa. Tenetur aut libero qui quo officia voluptatem. Reprehenderit dolorum velit exercitationem ut nihil sit. Aut aliquam alias adipisci nihil.',1,1,0,0,'2011-12-30 06:12:05','2020-09-11 15:28:06'),(95,29,70,'Unde et ea perferendis odit magnam deleniti. Aut sint magni quod. Sunt et est ipsa reprehenderit. Sapiente praesentium ut inventore tenetur ipsum.',0,1,1,0,'2012-01-18 06:44:45','2020-07-01 00:30:22'),(96,59,85,'Ut consequatur aspernatur nam enim totam facere voluptates laborum. Rem quo non sunt animi. Recusandae aut ex vitae. Et voluptates sed nostrum iusto earum ut sunt.',0,1,1,0,'2014-04-01 10:30:55','2021-06-26 16:11:23'),(97,98,72,'Possimus provident eum nihil ut. Repudiandae architecto aut consequuntur magni quis ut architecto. Occaecati consequatur inventore optio.',0,0,0,0,'2013-04-12 07:38:19','2021-06-26 16:14:49'),(98,1,74,'Quia quia modi ut consequatur. Sed quod ut esse eum eum. Qui consequatur id nostrum esse rerum expedita. Debitis nam eum aperiam deserunt hic qui quisquam.',0,1,1,1,'2014-02-16 19:40:29','2016-09-12 23:46:19'),(99,21,46,'Aut excepturi eveniet asperiores quia autem. Voluptas sed numquam aliquid molestias. Odit et sit perspiciatis possimus animi animi. Inventore est facere voluptatem corporis qui dignissimos nisi.',0,1,1,1,'2013-04-14 11:24:41','2016-01-13 01:46:07'),(100,39,46,'Rem inventore nisi occaecati ut in earum. Est quasi accusamus maiores eius aspernatur iste. Aspernatur nemo et commodi beatae sint.',0,1,0,0,'2019-07-09 13:44:41','2021-06-26 16:14:49');
/*!40000 ALTER TABLE `messages` ENABLE KEYS */;
UNLOCK TABLES;

--
-- Table structure for table `posts`
--

DROP TABLE IF EXISTS `posts`;
/*!40101 SET @saved_cs_client     = @@character_set_client */;
/*!50503 SET character_set_client = utf8mb4 */;
CREATE TABLE `posts` (
  `id` int unsigned NOT NULL AUTO_INCREMENT,
  `from_user_id` int unsigned NOT NULL,
  `body` text CHARACTER SET utf8mb4 COLLATE utf8mb4_unicode_ci NOT NULL,
  `media_id` int unsigned DEFAULT NULL,
  `created_at` datetime DEFAULT CURRENT_TIMESTAMP,
  `updated_at` datetime DEFAULT CURRENT_TIMESTAMP ON UPDATE CURRENT_TIMESTAMP,
  PRIMARY KEY (`id`)
) ENGINE=InnoDB AUTO_INCREMENT=101 DEFAULT CHARSET=utf8mb4 COLLATE=utf8mb4_unicode_ci;
/*!40101 SET character_set_client = @saved_cs_client */;

--
-- Dumping data for table `posts`
--

LOCK TABLES `posts` WRITE;
/*!40000 ALTER TABLE `posts` DISABLE KEYS */;
INSERT INTO `posts` VALUES (1,35,'Et et perferendis impedit non pariatur deserunt aut. Non asperiores odio doloribus delectus. Omnis harum est corporis ducimus quia necessitatibus.',42,'2013-03-04 00:32:45','2021-03-08 14:47:40'),(2,2,'Qui voluptatem accusantium veritatis aperiam omnis iusto magnam dolor. Rerum voluptatum et animi est et nostrum. Architecto accusamus eaque consequatur est doloremque id.',0,'2019-09-17 05:28:45','2021-06-26 22:11:36'),(3,94,'Vel odio soluta blanditiis libero repellendus modi ullam. Velit quo aut aperiam nihil et repellendus aut est. Ut nulla non molestias voluptates qui rerum eos.',0,'2012-06-25 12:31:41','2014-05-02 10:57:03'),(4,90,'Voluptate quas est accusantium consequatur dolorem. Voluptatem qui quaerat et aut at sint nulla. Culpa itaque fuga quia quisquam cum.',0,'2018-01-19 08:40:24','2021-06-26 22:11:36'),(5,63,'Maxime qui asperiores molestiae autem. Quod et voluptas molestias velit provident eum. Perspiciatis et adipisci mollitia numquam qui saepe.',0,'2020-04-06 02:53:49','2021-06-26 22:11:36'),(6,58,'Eligendi dolores est placeat tempora. Officiis et nemo doloribus. Eaque magni quis rerum ut qui.',78,'2020-12-20 22:48:51','2021-06-26 22:11:36'),(7,1,'Soluta laudantium eaque nobis voluptates tempora ratione. Perspiciatis et quasi maxime aliquam dolorem sunt nisi necessitatibus. Et sit quam culpa assumenda cumque.',0,'2019-12-29 14:03:47','2021-06-26 22:11:36'),(8,93,'Non nihil consequatur similique ut autem deserunt. Dolorum vel ea tempore. Et fuga odio ut voluptatibus deleniti id.',68,'2014-06-08 05:52:18','2021-06-26 22:11:36'),(9,66,'Doloribus quas occaecati quia non laborum illo deserunt exercitationem. Voluptatem et laudantium adipisci iure a sit. Illum id et beatae ratione nihil laborum. Odio voluptatem quo similique ea asperiores impedit rerum.',46,'2016-09-30 22:21:40','2017-03-01 00:50:42'),(10,61,'Debitis quos optio sed et ducimus asperiores mollitia. Qui ipsam expedita sapiente. Tempore mollitia ut sed provident ut vel. Placeat odio placeat facere voluptatem consequatur facere esse quos.',48,'2014-08-30 19:00:13','2020-07-04 03:11:13'),(11,37,'Reiciendis ducimus nihil vel omnis atque dicta ullam. Ut rem similique odio placeat voluptatibus enim possimus. Eum est iure voluptas repudiandae voluptatem veniam. Non sint adipisci rem est perferendis omnis.',0,'2012-01-29 03:52:34','2015-11-24 06:35:43'),(12,43,'Sunt sequi numquam sapiente soluta. Provident sit quo doloremque repellat. Qui incidunt nihil laboriosam sunt quo itaque tempora. Soluta repellendus sit aut odit voluptates.',54,'2021-06-07 18:56:23','2021-06-26 22:11:36'),(13,13,'Libero est voluptatem et deserunt rerum voluptatum. Rerum ut quod vitae sed voluptatem. Qui est iste quod sequi reiciendis. Provident quae quas officiis sit et. Sint culpa pariatur deleniti aut omnis minima.',0,'2020-10-28 03:16:00','2021-06-26 22:11:36'),(14,95,'Perferendis qui ex maxime quia qui aut. Fugit dolores autem sunt necessitatibus ad. Dicta sed ut hic ut neque.',0,'2018-07-22 22:56:19','2021-06-26 22:11:36'),(15,13,'Id soluta minima maxime explicabo illum recusandae. Doloribus quasi ut ut repudiandae consequatur. Sit veniam accusamus animi iusto quas.',28,'2021-03-24 06:13:54','2021-06-26 22:11:36'),(16,19,'Deserunt expedita aut consequuntur est est aut. Molestias autem quis facere sint earum suscipit excepturi. Sit sapiente quia veniam occaecati voluptas animi dolore quo. Maiores itaque eum incidunt deserunt ullam.',0,'2017-05-22 21:11:55','2018-08-21 07:40:53'),(17,17,'Culpa asperiores quis autem aliquam aut vel. Pariatur accusamus aut in ea necessitatibus. Impedit esse saepe voluptatum labore debitis exercitationem. Tempora officia suscipit voluptate veritatis.',59,'2020-06-14 17:04:51','2021-06-26 22:11:36'),(18,78,'Est a sed laudantium aut consequatur rerum. Incidunt eum in atque sunt qui sunt.',0,'2021-05-02 23:02:15','2021-06-26 22:11:36'),(19,17,'Est culpa in perferendis illum accusamus ut debitis. Aut expedita qui quas commodi velit. Quaerat rerum odio qui est quia eligendi.',56,'2012-02-07 23:58:31','2016-04-16 17:48:06'),(20,10,'Laborum aut illum voluptatem qui. Libero enim labore amet exercitationem doloremque. Eos a consequatur quo doloremque quos.',0,'2013-08-25 08:40:06','2016-03-03 18:23:58'),(21,18,'Dolorem et molestias est impedit. Qui quae et ex quibusdam sequi cumque et. Suscipit aspernatur ipsa nisi ut velit porro. Recusandae aut sint rerum dicta.',0,'2012-05-25 19:04:40','2012-09-10 10:24:40'),(22,89,'Debitis non id veritatis autem reiciendis consectetur et. Ad perspiciatis et quis. Dolorum sequi ad perspiciatis iusto quis.',0,'2020-03-01 02:30:20','2021-06-26 22:11:36'),(23,2,'Officiis aut culpa alias dignissimos est deserunt. Eligendi aut ducimus enim nam. Iusto laudantium nobis aut explicabo. Fuga voluptatum quasi tempora sit officia aut.',9,'2014-01-03 23:35:59','2014-06-15 22:07:05'),(24,93,'Vel accusantium sit alias dolor inventore. Consequatur dolores omnis cupiditate quos. Qui exercitationem et atque.',0,'2017-09-13 07:13:00','2020-08-10 20:21:50'),(25,83,'In quo omnis aut qui. Veritatis iste rerum dicta dolor laudantium rerum. Eius aliquam quaerat aut voluptas excepturi recusandae rerum. Voluptatem debitis officia veritatis sed molestiae.',0,'2019-06-09 22:26:24','2021-06-26 22:11:36'),(26,31,'Consequatur voluptates nisi quas aliquam qui nemo quaerat. In quo est nihil. Voluptates rem eius officia dignissimos alias. Aut possimus natus unde officiis. Numquam aut est eum adipisci voluptatibus sapiente.',0,'2019-10-24 13:42:51','2021-06-26 22:11:36'),(27,95,'Omnis aut mollitia quasi quo dolorum modi unde consequuntur. Quia quia voluptatem id aliquid accusamus sunt sit sunt. Id et quam eos. Voluptas id reiciendis sint doloribus at sapiente.',0,'2012-05-30 14:07:19','2020-10-30 12:10:14'),(28,72,'Sed sunt dicta sit quam. Unde aliquam et doloribus nemo. Harum dolorum laudantium animi quia error nam perspiciatis. Error sit dolorem optio quas.',80,'2012-09-05 23:11:23','2021-06-26 22:11:36'),(29,35,'Aut ullam a sapiente sit. Possimus consequatur non dolorem ad. Et quidem velit in dolore. Et voluptatem ut perspiciatis ea ipsum.',0,'2020-04-19 05:15:44','2021-06-26 22:11:36'),(30,92,'Fugiat cupiditate quia eum et. Maxime occaecati est facere error. Sint qui voluptatem ipsum id ea.',13,'2013-07-07 19:16:19','2018-02-19 16:59:19'),(31,92,'Quo et quas aliquid ut. Nemo ut tenetur ullam quam. Qui voluptatem hic vero. Tempora ea similique quo. Eius quia qui dolorem ut.',0,'2021-03-28 21:28:27','2021-06-26 22:11:36'),(32,69,'Est ut eum magnam voluptatem mollitia. Odio sit aliquam accusantium in rerum veniam distinctio. Quam et veniam dolore.',28,'2017-12-07 02:20:25','2021-06-26 22:11:36'),(33,93,'Enim sit corporis distinctio distinctio. Dolor deserunt tempora aut et. Debitis est ut voluptate officia.',0,'2015-06-22 17:55:58','2018-12-12 00:44:26'),(34,86,'Ad in ea quisquam et. Qui totam maiores natus qui et magnam voluptas. Consequatur dignissimos in aut in.',0,'2012-08-06 15:25:20','2018-03-08 01:32:23'),(35,59,'Quisquam voluptatibus facilis fugiat voluptatum quaerat natus dolore exercitationem. Beatae error quos et iusto. Tempora laboriosam ea necessitatibus placeat et quis.',74,'2015-01-16 07:51:25','2018-01-04 07:22:25'),(36,56,'Quam voluptas perferendis velit. Rerum molestiae sequi optio dolorem reprehenderit. Occaecati consequatur aut atque dolor in. Accusantium optio ducimus corporis magnam in accusamus ut.',90,'2013-11-28 01:44:06','2019-01-03 18:39:59'),(37,43,'Aut quo enim a nisi quia a. Laudantium et consequatur amet a sapiente est aut eos. Culpa odio quos facilis ratione ab eum sit cumque. Qui consequatur facere quas facilis ut ex nihil. Perferendis eum ut quos.',32,'2020-12-02 20:34:30','2021-06-26 22:11:36'),(38,59,'Ut et sed aut quis. Maiores dolores illum ad et voluptatem autem earum. Possimus nemo minus dicta sed deserunt. Quo quos ipsa nisi est.',0,'2015-09-19 03:35:38','2021-06-26 22:11:36'),(39,48,'Dolor tenetur ipsa dolorum dolores aliquid sed. Cum quisquam maxime nihil perferendis possimus et dolore. Aut sequi sapiente voluptas et.',15,'2017-12-27 14:25:26','2021-06-26 22:11:36'),(40,9,'Tempore qui omnis consequatur laboriosam vel. Dolores ad quasi facere dolor debitis accusamus magnam. Autem laborum enim et eos optio eos. Aut ut vero eos fugiat voluptas illum mollitia est.',0,'2018-03-19 01:07:45','2021-06-26 22:11:36'),(41,19,'Sint dolor totam voluptatem hic unde. Officiis velit quasi atque rerum sed. Ipsum aperiam dignissimos numquam voluptatem voluptatem. Nihil corrupti quas ipsa perferendis.',6,'2015-08-19 13:17:08','2018-04-08 06:27:20'),(42,84,'Accusamus beatae rerum sed molestiae cupiditate. Minus deleniti ipsum dolorem optio illo. Quis blanditiis adipisci minima quia est excepturi. In aut amet nisi nihil totam quasi.',24,'2016-05-10 13:06:58','2021-06-26 22:11:36'),(43,51,'Veritatis error nihil quia aut accusantium quis magni. Expedita sequi voluptate beatae inventore. Nulla consectetur dolores similique hic distinctio sit molestiae. Debitis soluta consequatur aliquid officiis qui repellendus et. Et magnam minima vitae expedita omnis aspernatur libero.',54,'2018-10-31 05:59:42','2020-08-22 11:13:52'),(44,32,'Libero molestias qui a. Velit dolores sit corrupti consectetur. Iusto temporibus sequi aut.',91,'2011-08-10 16:56:26','2015-03-09 03:46:21'),(45,79,'Rerum beatae eum est qui. Non consequuntur recusandae ex sed. Nobis neque enim autem pariatur sunt ut ut.',68,'2017-09-08 11:19:24','2018-12-31 16:43:01'),(46,63,'Rem est cupiditate aspernatur consequuntur est maiores. Et officiis officiis rerum minima eius et officia. Ea asperiores eos modi harum totam. Dolores quas laboriosam aut quia.',0,'2015-10-28 14:25:08','2019-08-03 15:50:48'),(47,51,'Voluptatum dolor delectus quae fugit laudantium. Ducimus est tempora unde inventore et laboriosam. Eius ut facilis veniam est. Impedit accusantium placeat quo et beatae nihil.',0,'2015-03-24 15:17:19','2018-12-30 11:43:33'),(48,95,'Et architecto ab enim. Ut distinctio odit vel aperiam voluptatibus. Rem molestiae sequi explicabo minus.',30,'2015-03-10 04:40:28','2021-06-26 22:11:36'),(49,41,'Nobis facere est dicta reiciendis ut. Nulla qui porro eaque qui molestias facere excepturi dignissimos. Sit in hic voluptas. Et fuga corporis aut recusandae rerum et officia.',75,'2017-03-10 04:19:38','2021-06-26 22:11:36'),(50,68,'Numquam ipsum veritatis voluptas quia quis excepturi dolores. Rerum similique dolor velit sed assumenda. Unde recusandae voluptatem et.',0,'2018-06-24 01:17:18','2019-08-02 08:05:27'),(51,5,'Magni optio amet rem delectus. Cum ratione dolorum dolorem molestiae. Magni natus porro occaecati beatae voluptatem.',0,'2016-07-20 10:29:07','2021-06-26 22:11:36'),(52,58,'Soluta aliquam eos ab consequatur. Ipsum ipsam quidem qui quis hic pariatur. Dolore consectetur dicta exercitationem rerum hic.',46,'2018-11-21 02:55:35','2019-08-31 07:37:08'),(53,56,'Architecto voluptates aliquam dolores commodi. Quia ut quo nesciunt. Eligendi quas quam tenetur itaque alias.',0,'2011-08-13 20:50:22','2014-08-11 17:45:20'),(54,6,'Voluptas dolorem sit consequuntur sed velit. Nostrum placeat sed sint eius aperiam. Ullam ad quidem molestiae est vero quos officiis.',96,'2020-09-11 19:31:38','2021-06-26 22:11:36'),(55,50,'Quia unde totam a placeat tempora. Quo perferendis quaerat voluptatem praesentium maxime odit. Fuga laborum dolorem eum aut harum animi unde. Dolorem minima et ut minima accusamus.',0,'2016-05-15 07:21:07','2017-04-26 10:34:06'),(56,39,'Consequatur accusantium doloribus sed fugiat quas reprehenderit dolore. Porro delectus nam rerum qui impedit. Debitis omnis ipsum est neque at magni non porro. Quia consequatur voluptas vitae nisi. Error esse voluptas at pariatur.',90,'2015-06-27 05:02:31','2018-06-21 23:16:41'),(57,37,'Quisquam dolorem quidem iste pariatur accusamus qui quia. Expedita sequi dicta aut enim. Deleniti qui iste et molestiae libero. Modi iure distinctio explicabo dolorem voluptas.',0,'2021-06-18 09:52:43','2021-06-26 22:11:36'),(58,45,'Et magnam porro consequatur pariatur ut. Sed est sapiente neque odit dolores est voluptas.',59,'2012-08-04 21:49:36','2018-11-14 09:23:28'),(59,10,'Laudantium ut rem cum assumenda exercitationem. Ipsam eveniet ipsum esse ipsa. Id repellat nemo perferendis sapiente temporibus debitis. Numquam eos quia at velit autem.',0,'2012-12-11 17:58:01','2017-07-27 08:51:58'),(60,71,'Harum temporibus voluptatem quia non. Qui vitae qui fuga maiores. Enim alias id veniam qui sit id qui.',10,'2013-02-20 20:48:12','2018-01-09 03:59:12'),(61,36,'Ut et dignissimos saepe sit labore ut debitis. Modi fugit quia molestiae eum reiciendis et quis.',23,'2012-11-05 03:06:35','2018-04-27 14:36:47'),(62,1,'Veritatis libero quos enim esse rerum aut. Odit sapiente quae et et autem. Ut et sint odio vero sint.',0,'2014-03-20 14:22:56','2021-06-26 22:11:36'),(63,40,'Enim in natus ut recusandae fuga molestiae dolorem. Officia ut voluptas nihil excepturi eius facilis facilis. Debitis dolorem aut dolores voluptas omnis.',0,'2015-02-14 08:16:50','2017-08-14 00:26:04'),(64,29,'Doloremque consequatur nemo cupiditate architecto ut quasi voluptas. Aut quia cumque consequatur excepturi ex. Vel fugit velit deserunt tenetur ut.',3,'2015-11-19 20:32:16','2016-01-12 16:25:54'),(65,86,'Incidunt totam quia voluptas facilis. Consequatur magnam deserunt nostrum molestiae quia. Unde id molestias iste nam. Perspiciatis quibusdam est pariatur voluptas.',98,'2013-01-31 05:34:56','2017-11-13 18:51:44'),(66,98,'Possimus sit sint eos reiciendis. At ipsa ea enim eum ut. Est impedit et quam rerum.',79,'2020-09-17 19:03:46','2021-06-26 22:11:36'),(67,84,'Quos aut sed omnis sed accusantium. Nobis adipisci dicta aut molestiae voluptates laborum sed.',0,'2017-07-27 17:35:07','2019-02-15 18:40:17'),(68,29,'Qui sint facilis illum ut quos sit. Dolores nemo aut et unde labore numquam nihil. Et distinctio qui consequuntur magni libero repudiandae aperiam. Nam natus sed sit laboriosam et commodi.',0,'2018-07-27 09:40:31','2019-06-05 02:14:53'),(69,57,'Voluptatem autem ut ea illum ut rerum tempora deserunt. Voluptate est aut animi cum. Ea fugiat qui beatae sint consequatur molestiae facilis. Reiciendis officiis perferendis facilis est at.',0,'2016-05-30 22:19:09','2017-03-04 12:18:47'),(70,32,'Assumenda architecto rem in. Labore maxime dolor accusantium ducimus. Ab dolor reprehenderit maxime consequatur. Incidunt vitae et alias quo enim incidunt itaque.',0,'2019-04-09 19:56:31','2021-04-10 10:28:09'),(71,37,'Et reiciendis eaque quidem numquam. Amet saepe et distinctio accusamus minima omnis dignissimos. Distinctio eos dolores qui neque accusantium eligendi illum. Autem aut dolores debitis voluptas.',0,'2018-07-22 07:45:47','2021-06-26 22:11:36'),(72,76,'Necessitatibus magni sint et doloremque. Cupiditate ducimus id quia sint. Et deleniti officiis facere repudiandae autem.',54,'2015-01-25 11:33:01','2015-07-15 20:00:31'),(73,16,'Non nihil soluta quod molestiae. Dignissimos magnam aut voluptatibus sed.',80,'2020-11-18 17:31:38','2021-06-26 22:11:36'),(74,87,'Qui architecto quisquam est enim nesciunt consequatur. Voluptas velit qui delectus sunt corporis reiciendis aliquid. Est aut laboriosam eveniet eveniet vitae perspiciatis voluptatem ut. Sit atque minus doloremque necessitatibus et. Hic totam accusantium doloribus nobis.',32,'2012-01-30 12:42:40','2013-10-20 05:33:40'),(75,8,'Ea quis rerum labore quos molestiae vel. Iure dolores ducimus nihil non alias dolore suscipit. Nihil tempore et aut ut velit accusantium dolorem. Vel et ut voluptas officia. Est quia doloremque totam.',80,'2020-12-16 07:05:33','2021-06-26 22:11:36'),(76,94,'Odio nostrum praesentium ipsum. Aspernatur nostrum corporis sunt ut rerum culpa repellendus.',0,'2017-04-21 22:02:58','2021-06-26 22:11:36'),(77,50,'Dolores vitae sint eveniet incidunt iste vitae. Est quia quas ducimus. Perferendis eveniet expedita magnam.',0,'2018-05-05 18:53:32','2021-06-26 22:11:36'),(78,58,'Nesciunt vitae sequi vel distinctio deleniti amet fuga. Amet et officiis aliquam. Occaecati occaecati autem exercitationem eos molestiae vero sed. Voluptatem iste odio qui. Sint qui laboriosam mollitia sed in et consequuntur.',39,'2016-01-07 00:54:29','2020-03-09 20:44:41'),(79,89,'Repellat itaque aut vero nisi recusandae ea inventore. Qui ratione dicta fuga architecto aut. Nisi quod odio mollitia sed sit sed. Ut excepturi repellat aut quod commodi.',0,'2015-04-16 17:46:14','2021-06-26 22:11:36'),(80,91,'Quis error ipsum dolorem expedita inventore voluptatum et nemo. Odit distinctio et architecto unde vitae repellendus temporibus. Labore rem quidem optio dolorem facere. Voluptas est voluptate voluptates neque eum sequi.',76,'2016-12-16 10:05:08','2017-01-26 07:03:37'),(81,26,'Est quo facere qui autem perspiciatis. Id reprehenderit ut velit dolore non consequuntur nihil eos. Minima enim quia corrupti vitae. Porro et nemo consectetur minima voluptatem inventore.',0,'2021-06-16 23:23:24','2021-06-26 22:11:36'),(82,93,'Nam esse architecto ut harum. Eos voluptas voluptas non consequatur sint voluptatum maxime. Pariatur voluptatem distinctio nemo aut magni labore sed. Aut sint sit et corrupti ab unde quaerat.',3,'2019-07-02 10:48:55','2021-06-26 22:11:36'),(83,48,'Saepe numquam qui minus omnis. Ut et porro quo et veniam. Molestiae ipsam libero in et. Deleniti sapiente ut sit explicabo.',0,'2013-08-08 20:20:56','2015-11-27 19:03:13'),(84,81,'Molestiae sint occaecati quo doloribus perspiciatis. Voluptatem et consequatur quaerat reprehenderit aut qui ut molestiae. At sit omnis voluptatibus eligendi harum est. Repellat ut laboriosam eos ut. Facilis at voluptatibus suscipit occaecati ad autem voluptas.',0,'2018-12-13 07:43:51','2021-03-04 07:37:10'),(85,99,'Dolorum magnam eius consequuntur nobis. Facilis voluptatem dolorum eveniet quasi. Eligendi sequi ut rem vel cum pariatur amet. Quaerat omnis repudiandae unde sed nihil totam ipsam. Distinctio voluptate architecto non unde similique.',0,'2014-07-22 03:55:48','2021-06-26 22:11:36'),(86,98,'Ut repudiandae at accusantium est. Accusamus in nam non autem ea a. Perspiciatis minima eum veniam nihil aliquam quaerat ut.',0,'2011-07-31 16:52:26','2012-02-12 00:17:57'),(87,19,'Laudantium et ut dolores expedita et. Quae voluptas beatae magni ut sed laborum et in. Ab vel dicta in dignissimos aut ea. Quis quas nihil id temporibus illum iusto suscipit.',0,'2015-08-26 22:41:37','2016-05-14 17:31:36'),(88,35,'Ab delectus qui illo consectetur sequi illum. Nisi maiores ut mollitia ea. Blanditiis et nam natus fuga in rerum quos.',3,'2014-11-05 19:08:50','2019-10-16 16:29:30'),(89,43,'Quod vitae et esse ut ea eaque incidunt. Enim et placeat culpa et error ratione.',96,'2017-08-06 04:12:18','2021-06-26 22:11:36'),(90,28,'Nulla dolorem id eos ad ea voluptatem. Doloribus non ea minus minima omnis temporibus. Perspiciatis voluptatem eum aut aliquid repellendus eius iure. Quisquam ut dolores facere officiis id.',8,'2021-03-27 07:27:26','2021-06-26 22:11:36'),(91,6,'Molestias a sequi ut dolor officia consequatur autem. Ducimus nemo sit quia non dolor quia neque. Sit aliquid voluptatum perspiciatis fugit.',0,'2015-12-20 07:19:59','2020-12-15 07:53:45'),(92,78,'Nam aut repellendus quibusdam impedit et. Voluptatem eius rerum temporibus nostrum vel consequatur. Velit est id impedit nam. In earum pariatur molestiae repellat ut velit.',82,'2015-03-11 16:59:49','2021-06-26 22:11:36'),(93,29,'Quo sit ducimus sint fugit nostrum quod. Voluptas voluptatum ut adipisci deleniti quam commodi. Ut corporis earum deleniti labore.',53,'2014-10-10 21:00:47','2016-01-27 14:17:05'),(94,45,'Eos rem facere sit. Sequi neque ex debitis magnam ut ut eum placeat. Dolorum quam vero repellat ad ea dolorum molestiae.',3,'2012-05-16 16:48:02','2015-03-31 18:09:57'),(95,6,'Velit molestias qui porro sit qui. Cupiditate aspernatur aut sunt similique qui quia eligendi quia. Voluptatem ducimus quia nobis numquam.',0,'2011-11-03 08:23:21','2011-12-30 07:52:43'),(96,15,'Minus voluptas consequuntur facilis voluptas. Corrupti et harum quia distinctio ea aut aut. Qui accusamus voluptatibus eveniet animi. Inventore ut consectetur accusamus qui eos rerum.',95,'2018-12-17 03:50:40','2021-06-26 22:11:36'),(97,43,'Omnis molestiae facilis enim exercitationem quia. Unde sit sint id. Odio minima sed accusantium labore sequi consequuntur fugit.',11,'2018-09-02 03:29:06','2021-06-26 22:11:36'),(98,90,'Eos earum enim cupiditate impedit praesentium qui aut. Dolores animi ipsam hic quos alias et. Magni totam maxime occaecati sequi. Sapiente eius saepe assumenda non animi iste.',0,'2017-04-30 03:57:46','2020-04-11 17:42:38'),(99,43,'Sit cumque sequi dolores dolorem laudantium. Vero expedita voluptatem nisi. Reiciendis voluptatem consequatur fugit iure. Assumenda nihil porro odit placeat.',80,'2012-05-13 22:49:16','2017-01-18 00:37:05'),(100,99,'Neque nulla non et recusandae. Quibusdam odit qui excepturi voluptates. Omnis consequuntur vitae aut voluptatem sunt quibusdam ut. Corporis nihil rerum dolores maiores qui ut. Debitis non consequatur at atque velit.',11,'2011-07-03 21:44:06','2018-06-12 07:56:25');
/*!40000 ALTER TABLE `posts` ENABLE KEYS */;
UNLOCK TABLES;

--
-- Table structure for table `profiles`
--

DROP TABLE IF EXISTS `profiles`;
/*!40101 SET @saved_cs_client     = @@character_set_client */;
/*!50503 SET character_set_client = utf8mb4 */;
CREATE TABLE `profiles` (
  `user_id` int unsigned NOT NULL,
  `gender` char(1) CHARACTER SET utf8mb4 COLLATE utf8mb4_unicode_ci NOT NULL,
  `birthday` date DEFAULT NULL,
  `media_id` int unsigned DEFAULT NULL,
  `status_id` int unsigned DEFAULT NULL,
  `city_id` int unsigned DEFAULT NULL,
  `country_id` int unsigned DEFAULT NULL,
  `created_at` datetime DEFAULT CURRENT_TIMESTAMP,
  `updated_at` datetime DEFAULT CURRENT_TIMESTAMP ON UPDATE CURRENT_TIMESTAMP,
  PRIMARY KEY (`user_id`)
) ENGINE=InnoDB DEFAULT CHARSET=utf8mb4 COLLATE=utf8mb4_unicode_ci;
/*!40101 SET character_set_client = @saved_cs_client */;

--
-- Dumping data for table `profiles`
--

LOCK TABLES `profiles` WRITE;
/*!40000 ALTER TABLE `profiles` DISABLE KEYS */;
INSERT INTO `profiles` VALUES (1,'f','1983-01-31',6,2,31,42,'2016-03-17 18:36:01','2021-06-26 16:06:50'),(2,'m','1980-01-27',180,1,77,36,'2018-05-18 23:49:59','2021-06-26 16:06:50'),(3,'m','1977-08-24',20,2,89,64,'2016-01-25 09:07:28','2021-06-26 16:06:50'),(4,'f','1989-04-01',70,2,87,67,'2021-02-07 13:22:48','2021-06-26 16:06:50'),(5,'m','1974-05-30',146,2,4,31,'2012-01-02 04:37:49','2021-06-26 16:06:50'),(6,'m','2003-10-20',142,1,92,78,'2015-09-28 21:08:27','2021-06-26 16:06:50'),(7,'m','2019-09-22',77,2,43,96,'2018-04-27 17:27:44','2021-06-26 16:06:50'),(8,'m','2011-05-29',175,2,13,71,'2019-06-16 03:23:20','2021-06-26 16:06:50'),(9,'m','2017-09-24',166,2,52,41,'2016-05-24 22:22:29','2021-06-26 16:06:50'),(10,'f','1970-01-06',117,2,36,7,'2021-04-06 11:15:13','2021-06-26 16:06:50'),(11,'m','1970-04-06',199,2,73,90,'2012-02-01 19:41:57','2021-06-26 16:06:50'),(12,'m','1972-12-05',23,1,20,80,'2013-08-04 10:02:06','2021-06-26 16:06:50'),(13,'m','1999-05-28',97,2,5,41,'2015-12-03 21:14:30','2021-06-26 16:06:50'),(14,'m','1990-01-24',180,1,41,92,'2016-07-30 07:48:47','2021-06-26 16:06:50'),(15,'m','2001-03-09',189,2,29,92,'2015-01-16 10:12:30','2021-06-26 16:06:50'),(16,'m','1982-07-27',178,1,50,87,'2013-09-03 16:02:30','2021-06-26 16:06:50'),(17,'f','2002-10-03',76,2,13,11,'2018-03-19 11:20:00','2021-06-26 16:06:50'),(18,'f','1990-07-03',120,1,20,98,'2013-01-12 20:41:15','2021-06-26 16:06:50'),(19,'f','2006-04-30',85,1,91,35,'2014-04-14 06:19:32','2021-06-26 16:06:50'),(20,'m','1989-05-13',74,2,43,57,'2021-01-25 21:30:24','2021-06-26 16:06:50'),(21,'m','1979-11-15',161,2,51,86,'2015-06-29 03:00:58','2021-06-26 16:06:50'),(22,'m','1972-03-22',158,2,46,49,'2018-12-10 19:57:04','2021-06-26 16:06:50'),(23,'f','1981-03-04',43,1,53,60,'2014-03-30 01:50:43','2021-06-26 16:06:50'),(24,'m','2000-10-01',72,1,48,34,'2017-11-06 09:23:40','2021-06-26 16:06:50'),(25,'f','1979-02-06',110,1,11,44,'2018-03-29 11:38:22','2021-06-26 16:06:50'),(26,'f','2010-02-14',98,1,10,87,'2018-08-22 06:23:42','2021-06-26 16:06:50'),(27,'f','2006-09-03',127,1,58,2,'2015-12-23 16:52:20','2021-06-26 16:06:50'),(28,'f','1988-09-17',54,1,37,51,'2018-01-09 20:05:34','2021-06-26 16:06:50'),(29,'f','1988-04-21',165,1,12,81,'2014-10-22 07:20:15','2021-06-26 16:06:50'),(30,'m','1971-10-02',40,2,33,64,'2018-10-31 16:46:07','2021-06-26 16:06:50'),(31,'f','1993-05-03',8,1,63,23,'2014-08-01 08:25:13','2021-06-26 16:06:50'),(32,'f','1988-12-25',12,2,32,2,'2013-08-12 03:08:01','2021-06-26 16:06:50'),(33,'m','1993-10-09',90,1,10,86,'2019-05-18 16:02:45','2021-06-26 16:06:50'),(34,'f','1974-10-29',93,1,98,90,'2017-11-12 00:24:58','2021-06-26 16:06:50'),(35,'m','1974-06-26',174,1,84,34,'2013-10-10 13:26:36','2021-06-26 16:06:50'),(36,'m','2013-09-05',186,2,50,99,'2020-07-24 10:19:00','2021-06-26 16:06:50'),(37,'f','1992-10-06',100,2,19,23,'2018-08-07 05:47:28','2021-06-26 16:06:50'),(38,'f','1980-06-05',105,1,97,81,'2019-04-15 19:23:07','2021-06-26 16:06:50'),(39,'f','2001-04-04',48,2,53,23,'2012-04-24 04:31:42','2021-06-26 16:06:50'),(40,'f','2019-06-24',141,2,4,95,'2011-07-13 00:49:17','2021-06-26 16:06:50'),(41,'f','2004-05-06',159,2,34,91,'2013-04-04 03:44:16','2021-06-26 16:06:50'),(42,'m','1989-03-28',157,2,73,72,'2012-06-21 10:14:57','2021-06-26 16:06:50'),(43,'f','1990-10-15',43,2,71,64,'2014-09-23 02:45:28','2021-06-26 16:06:50'),(44,'f','1984-05-04',62,1,23,48,'2020-05-18 03:14:12','2021-06-26 16:06:50'),(45,'f','1970-05-27',100,2,49,65,'2018-03-20 09:53:17','2021-06-26 16:06:50'),(46,'m','1997-02-18',167,2,47,16,'2020-08-22 20:03:18','2021-06-26 16:06:50'),(47,'f','1989-02-02',148,1,17,70,'2019-01-05 11:13:11','2021-06-26 16:06:50'),(48,'f','1988-01-05',176,2,74,88,'2012-12-27 12:17:00','2021-06-26 16:06:50'),(49,'f','1990-07-30',117,2,58,13,'2012-06-14 02:17:20','2021-06-26 16:06:50'),(50,'f','1999-09-05',96,2,63,31,'2013-12-10 07:26:59','2021-06-26 16:06:50'),(51,'f','1971-09-19',67,1,63,71,'2013-03-13 03:29:23','2021-06-26 16:06:50'),(52,'m','2006-04-13',87,2,81,97,'2018-12-31 03:49:12','2021-06-26 16:06:50'),(53,'f','1998-04-15',71,2,29,97,'2015-12-03 09:14:30','2021-06-26 16:06:50'),(54,'m','2007-08-06',20,1,58,55,'2020-11-29 05:00:55','2021-06-26 16:06:50'),(55,'m','2012-01-07',89,2,7,47,'2019-12-24 14:47:12','2021-06-26 16:06:50'),(56,'f','2002-01-12',127,2,79,11,'2015-05-01 00:10:32','2021-06-26 16:06:50'),(57,'f','1983-07-23',80,2,5,87,'2018-04-10 07:51:09','2021-06-26 16:06:50'),(58,'m','1971-01-10',133,2,87,79,'2018-11-26 08:28:37','2021-06-26 16:06:50'),(59,'f','2012-01-22',86,1,9,45,'2013-01-10 03:48:03','2021-06-26 16:06:50'),(60,'f','1973-06-17',10,1,92,19,'2019-10-09 17:17:54','2021-06-26 16:06:50'),(61,'m','2007-06-29',120,1,68,5,'2019-06-01 16:04:24','2021-06-26 16:06:50'),(62,'f','2019-09-23',59,1,30,16,'2019-09-06 14:15:43','2021-06-26 16:06:50'),(63,'f','2007-04-09',38,2,27,35,'2011-11-28 02:58:33','2021-06-26 16:06:50'),(64,'f','1973-12-11',89,2,98,82,'2016-11-21 03:55:57','2021-06-26 16:06:50'),(65,'f','2000-12-28',5,2,33,90,'2018-12-18 08:10:37','2021-06-26 16:06:50'),(66,'m','1978-08-03',45,1,75,40,'2019-07-14 16:22:32','2021-06-26 16:06:50'),(67,'m','2019-08-09',153,2,31,41,'2018-08-31 17:09:15','2021-06-26 16:06:50'),(68,'m','2011-03-07',54,1,54,76,'2018-08-23 21:50:37','2021-06-26 16:06:50'),(69,'m','1978-08-19',122,1,24,48,'2011-10-12 04:02:56','2021-06-26 16:06:50'),(70,'m','1980-05-16',29,2,20,93,'2014-04-09 19:31:33','2021-06-26 16:06:50'),(71,'f','2017-01-29',30,2,54,82,'2016-09-25 10:38:14','2021-06-26 16:06:50'),(72,'m','1998-08-30',74,2,71,65,'2015-02-22 11:46:24','2021-06-26 16:06:50'),(73,'m','2005-10-29',24,1,90,24,'2015-02-19 02:19:15','2021-06-26 16:06:50'),(74,'m','1987-07-25',4,1,82,22,'2018-10-09 19:56:18','2021-06-26 16:06:50'),(75,'m','1971-02-17',108,1,68,65,'2021-03-29 05:56:57','2021-06-26 16:06:50'),(76,'m','2004-06-23',101,1,83,23,'2015-08-12 18:30:05','2021-06-26 16:06:50'),(77,'m','2005-06-03',13,2,60,32,'2017-12-24 14:10:37','2021-06-26 16:06:50'),(78,'m','2011-09-02',153,2,90,49,'2016-06-27 16:24:46','2021-06-26 16:06:50'),(79,'m','1988-01-14',188,2,10,5,'2015-06-05 09:22:05','2021-06-26 16:06:50'),(80,'f','2003-03-15',89,1,35,39,'2017-01-22 08:05:18','2021-06-26 16:06:50'),(81,'m','2002-05-28',2,2,45,94,'2018-10-12 12:01:20','2021-06-26 16:06:50'),(82,'m','2012-10-18',91,2,12,26,'2018-06-06 06:01:25','2021-06-26 16:06:50'),(83,'m','1975-10-21',197,2,66,64,'2016-07-31 01:06:26','2021-06-26 16:06:50'),(84,'m','2018-08-06',77,2,96,50,'2018-10-01 09:19:55','2021-06-26 16:06:50'),(85,'m','1977-02-16',41,1,60,78,'2018-08-21 11:45:07','2021-06-26 16:06:50'),(86,'m','2003-07-01',82,2,19,78,'2011-10-21 22:42:22','2021-06-26 16:06:50'),(87,'m','2001-12-30',164,2,60,29,'2020-12-17 17:43:55','2021-06-26 16:06:50'),(88,'f','1972-04-01',100,2,30,71,'2014-08-25 23:39:59','2021-06-26 16:06:50'),(89,'m','1994-06-15',191,2,17,79,'2018-12-10 05:34:46','2021-06-26 16:06:50'),(90,'m','1991-04-16',197,1,6,16,'2019-03-14 11:04:01','2021-06-26 16:06:50'),(91,'m','1983-08-10',149,1,8,39,'2011-06-28 17:53:42','2021-06-26 16:06:50'),(92,'m','2008-08-18',174,2,82,24,'2021-06-05 00:24:55','2021-06-26 16:06:50'),(93,'f','1991-03-09',191,1,58,19,'2017-04-16 12:49:30','2021-06-26 16:06:50'),(94,'f','2007-03-21',168,1,66,84,'2018-12-29 19:11:12','2021-06-26 16:06:50'),(95,'m','2006-08-15',9,1,52,80,'2018-05-18 00:12:41','2021-06-26 16:06:50'),(96,'f','2016-04-03',48,2,10,38,'2015-10-09 19:32:55','2021-06-26 16:06:50'),(97,'m','1976-05-21',186,1,85,16,'2021-02-21 13:06:06','2021-06-26 16:06:50'),(98,'m','1992-12-28',112,2,79,54,'2016-05-25 19:12:41','2021-06-26 16:06:50'),(99,'m','2007-08-17',24,1,98,69,'2013-06-27 11:28:05','2021-06-26 16:06:50'),(100,'f','2014-08-07',34,2,9,64,'2016-06-18 08:47:52','2021-06-26 16:06:50');
/*!40000 ALTER TABLE `profiles` ENABLE KEYS */;
UNLOCK TABLES;

--
-- Table structure for table `user_statuses`
--

DROP TABLE IF EXISTS `user_statuses`;
/*!40101 SET @saved_cs_client     = @@character_set_client */;
/*!50503 SET character_set_client = utf8mb4 */;
CREATE TABLE `user_statuses` (
  `id` int unsigned NOT NULL AUTO_INCREMENT COMMENT ' ',
  `name` varchar(100) NOT NULL COMMENT '  ()',
  `created_at` datetime NOT NULL DEFAULT CURRENT_TIMESTAMP COMMENT '  ',
  `updated_at` datetime DEFAULT CURRENT_TIMESTAMP ON UPDATE CURRENT_TIMESTAMP COMMENT '  ',
  PRIMARY KEY (`id`)
) ENGINE=InnoDB AUTO_INCREMENT=3 DEFAULT CHARSET=utf8mb4 COLLATE=utf8mb4_0900_ai_ci COMMENT='  ';
/*!40101 SET character_set_client = @saved_cs_client */;

--
-- Dumping data for table `user_statuses`
--

LOCK TABLES `user_statuses` WRITE;
/*!40000 ALTER TABLE `user_statuses` DISABLE KEYS */;
INSERT INTO `user_statuses` VALUES (1,'single','2021-06-26 14:30:40','2021-06-26 14:30:40'),(2,'married','2021-06-26 14:30:40','2021-06-26 14:30:40');
/*!40000 ALTER TABLE `user_statuses` ENABLE KEYS */;
UNLOCK TABLES;

--
-- Table structure for table `users`
--

DROP TABLE IF EXISTS `users`;
/*!40101 SET @saved_cs_client     = @@character_set_client */;
/*!50503 SET character_set_client = utf8mb4 */;
CREATE TABLE `users` (
  `id` int unsigned NOT NULL AUTO_INCREMENT,
  `first_name` varchar(100) CHARACTER SET utf8mb4 COLLATE utf8mb4_unicode_ci NOT NULL,
  `last_name` varchar(100) CHARACTER SET utf8mb4 COLLATE utf8mb4_unicode_ci NOT NULL,
  `email` varchar(100) CHARACTER SET utf8mb4 COLLATE utf8mb4_unicode_ci NOT NULL,
  `phone` varchar(100) CHARACTER SET utf8mb4 COLLATE utf8mb4_unicode_ci NOT NULL,
  `created_at` datetime DEFAULT CURRENT_TIMESTAMP,
  `updated_at` datetime DEFAULT CURRENT_TIMESTAMP ON UPDATE CURRENT_TIMESTAMP,
  PRIMARY KEY (`id`),
  UNIQUE KEY `email` (`email`),
  UNIQUE KEY `phone` (`phone`)
) ENGINE=InnoDB AUTO_INCREMENT=101 DEFAULT CHARSET=utf8mb4 COLLATE=utf8mb4_unicode_ci;
/*!40101 SET character_set_client = @saved_cs_client */;

--
-- Dumping data for table `users`
--

LOCK TABLES `users` WRITE;
/*!40000 ALTER TABLE `users` DISABLE KEYS */;
INSERT INTO `users` VALUES (1,'Andres','Bernhard','bergstrom.kari@example.net','578.648.8597x97518','2018-08-30 14:43:48','2021-06-26 11:52:50'),(2,'Waldo','Kunde','fritsch.omer@example.org','380-950-2912x872','2011-12-22 05:08:06','2021-06-26 11:52:50'),(3,'Rosalyn','Littel','mwyman@example.org','435-519-5801','2015-01-13 09:07:09','2016-02-18 05:05:55'),(4,'Andreanne','Kautzer','douglas04@example.com','1-305-333-5231','2016-07-06 03:21:25','2021-06-26 11:52:50'),(5,'Alysa','Hagenes','shanahan.jannie@example.com','+23(8)6094886750','2016-12-06 21:37:43','2020-05-18 04:18:15'),(6,'Agnes','Langworth','lisette.schamberger@example.net','827.789.8560','2015-10-16 00:08:52','2017-03-12 10:28:29'),(7,'Madge','Hermiston','tianna88@example.com','1-290-382-6176x046','2016-11-23 22:26:46','2021-06-26 11:52:50'),(8,'Andre','Kozey','danielle19@example.net','1-671-074-3805','2019-04-30 13:27:16','2021-06-26 11:52:50'),(9,'Glenda','Howell','dhermiston@example.net','538-855-7200','2021-02-10 20:04:11','2021-06-26 11:52:50'),(10,'Magnolia','Kerluke','block.natalie@example.org','379-582-8498x2429','2016-01-17 03:36:22','2016-10-09 06:50:16'),(11,'Judd','Hermann','velva77@example.org','1-197-574-5600','2013-09-13 20:33:28','2020-10-28 04:32:54'),(12,'Sandrine','Leffler','dorian.breitenberg@example.net','06936143029','2013-01-23 18:35:29','2014-09-11 13:49:52'),(13,'Gerry','Ernser','kdaugherty@example.com','1-961-453-2136','2020-11-23 10:25:19','2021-06-26 11:52:50'),(14,'Georgianna','Borer','kreichert@example.net','032.106.6093x7816','2020-07-03 04:38:24','2021-06-26 11:52:50'),(15,'Beaulah','Schuster','cgulgowski@example.org','1-762-263-5164x16321','2020-12-20 01:43:07','2021-06-26 11:52:50'),(16,'Lloyd','Schamberger','archibald37@example.net','489.375.7569x20839','2020-06-21 07:45:14','2021-06-02 14:10:09'),(17,'Justina','Nienow','kwillms@example.net','1-040-632-8032x00420','2015-02-01 10:16:32','2021-06-26 11:52:50'),(18,'Dell','Terry','javonte69@example.net','06691452273','2016-12-09 15:15:15','2017-01-07 10:06:16'),(19,'Gayle','Watsica','koepp.melyna@example.com','1-572-008-2131','2019-09-17 10:24:19','2021-06-26 11:52:50'),(20,'Laurel','Orn','buford.christiansen@example.com','1-229-192-2656x0075','2016-05-25 08:18:10','2017-06-07 17:01:49'),(21,'Jamarcus','Tillman','paucek.elliot@example.org','(308)602-2359x3774','2021-01-16 05:10:46','2021-06-26 11:52:50'),(22,'Jazmin','Medhurst','emard.alford@example.org','777-977-7123','2014-05-21 07:19:26','2016-08-03 16:25:56'),(23,'Alisha','Breitenberg','boyer.mireya@example.com','(159)996-1198x141','2014-05-29 18:40:47','2020-03-02 11:00:08'),(24,'Doris','Gusikowski','block.tania@example.com','679.005.7875x2832','2013-11-08 03:06:16','2021-01-12 04:58:35'),(25,'Haley','Crona','daugherty.ben@example.com','947-241-1457','2021-03-13 14:08:18','2021-06-26 11:52:50'),(26,'Emiliano','Stehr','felton23@example.org','(464)383-4338x37549','2012-06-12 18:38:02','2017-05-21 07:59:24'),(27,'Abel','Maggio','jordy88@example.org','1-748-093-1531x11181','2016-04-23 16:21:47','2021-06-26 11:52:50'),(28,'Thad','Bahringer','wolff.susanna@example.com','+34(4)6545510395','2015-02-19 19:41:11','2016-05-08 02:20:12'),(29,'Jannie','Gutmann','crystel.dickinson@example.net','602.943.5904x07912','2016-05-31 00:04:34','2021-06-26 11:52:50'),(30,'Roger','Marks','axel30@example.org','500-853-7706x3839','2019-06-16 02:35:12','2021-06-26 11:52:50'),(31,'Caroline','Homenick','nakia.farrell@example.org','933.340.6647','2013-11-12 15:16:32','2017-01-13 13:07:37'),(32,'Erling','Smitham','goldner.reyes@example.net','934.775.0969','2012-12-12 01:55:50','2021-06-26 11:52:50'),(33,'Rhea','Luettgen','jacinto.paucek@example.net','00614119145','2018-03-05 08:06:46','2021-06-26 11:52:50'),(34,'Maida','Olson','wilderman.jeremie@example.com','963.771.2071','2014-04-05 10:55:18','2017-03-19 01:54:16'),(35,'Waylon','Dietrich','maynard.koepp@example.net','530-437-9235x1896','2019-11-18 06:28:04','2021-06-26 11:52:50'),(36,'Anya','Grady','dritchie@example.org','+91(2)7788502648','2020-08-14 16:50:56','2020-10-14 04:45:07'),(37,'Alfreda','Okuneva','ludie.leuschke@example.org','980.478.6444','2013-12-02 19:48:07','2015-10-09 09:10:37'),(38,'Tess','Schaefer','zabshire@example.net','165-629-2366x55241','2016-02-05 13:40:57','2017-07-25 23:15:30'),(39,'Chelsie','Bergnaum','ally.streich@example.net','(441)735-0836','2020-04-03 18:25:30','2021-06-26 11:52:50'),(40,'Antonette','Ebert','kattie11@example.net','1-096-884-9786x38912','2011-08-10 13:23:59','2018-04-13 05:02:52'),(41,'Tommie','Pacocha','isabella.blanda@example.net','09686269337','2013-12-15 22:56:31','2021-06-26 11:52:50'),(42,'Margarette','McDermott','wiegand.esther@example.com','237.254.2145x98063','2013-10-09 23:20:56','2019-05-08 19:45:08'),(43,'Augustine','Aufderhar','maximillia88@example.com','745.340.4297','2014-09-28 06:22:52','2020-09-07 10:43:47'),(44,'Llewellyn','Hudson','heaney.tyrell@example.org','+06(2)2262711948','2019-08-07 01:56:48','2021-06-26 11:52:50'),(45,'Name','Muller','hugh43@example.org','590.993.7755x317','2021-06-21 12:49:44','2021-06-26 11:52:50'),(46,'Sonia','Rodriguez','ashly27@example.org','644-033-1036','2014-03-30 17:03:10','2015-02-05 04:08:05'),(47,'Theresia','Wintheiser','ybruen@example.com','963.175.0585x748','2016-12-18 22:53:40','2019-01-08 08:02:51'),(48,'Donna','Weimann','pschulist@example.net','1-965-311-1801x983','2011-12-27 22:36:03','2012-09-14 17:23:36'),(49,'Mustafa','Baumbach','jett62@example.net','778.428.2209x918','2015-04-13 18:19:50','2020-05-01 20:07:32'),(50,'Hillard','Bernhard','windler.jillian@example.com','(110)937-7613x3207','2015-10-10 00:52:54','2021-06-26 11:52:50'),(51,'Rozella','Rohan','klakin@example.com','07386986369','2013-03-23 14:07:36','2015-11-07 10:27:58'),(52,'Jayda','Greenholt','koch.onie@example.net','08926793652','2019-08-14 06:33:57','2021-06-26 11:52:50'),(53,'Kathryne','Wolf','louie.treutel@example.org','00846294912','2018-01-21 05:36:16','2021-06-26 11:52:50'),(54,'Rosalee','Zieme','abbie86@example.com','049.315.1916','2016-12-16 00:01:15','2021-06-26 11:52:50'),(55,'Keith','Aufderhar','mcclure.garett@example.com','1-656-341-6812x1182','2013-06-29 05:52:18','2015-10-21 00:49:42'),(56,'Philip','Yost','trice@example.net','08333099060','2012-08-18 17:42:57','2018-11-30 01:24:45'),(57,'Tina','Feest','zhermiston@example.net','489-745-5023x89003','2019-04-30 11:05:05','2021-06-26 11:52:50'),(58,'Jackeline','Ward','denesik.maeve@example.org','1-468-609-3687x9272','2014-11-14 09:06:13','2017-09-11 03:34:34'),(59,'Oleta','Harris','jeffrey47@example.com','(148)753-7846x9610','2013-01-26 07:08:57','2016-08-11 09:42:25'),(60,'Cali','Hahn','ivon@example.net','(723)654-1290','2016-09-12 15:21:05','2018-04-16 04:42:25'),(61,'Marilie','Morissette','roob.rafaela@example.com','+09(2)1291902448','2016-05-08 11:01:13','2018-01-27 02:37:42'),(62,'Graciela','Pfannerstill','giles.davis@example.net','005.451.6358','2014-09-18 16:33:36','2015-11-08 00:25:55'),(63,'Allene','Lesch','gerard.jast@example.net','06780627840','2015-04-09 08:18:11','2021-06-26 11:52:50'),(64,'Beryl','Raynor','meredith.rempel@example.com','710-439-5644x6132','2019-04-08 18:50:59','2021-06-26 11:52:50'),(65,'Myrtie','Boehm','zmayert@example.net','(902)044-4449x008','2018-03-15 18:52:00','2021-06-26 11:52:50'),(66,'Hosea','Huel','rosario21@example.net','1-185-911-8412x2339','2014-02-28 05:50:54','2017-12-23 11:28:41'),(67,'Margot','Heidenreich','lafayette.considine@example.com','645-447-7921x19326','2020-05-25 12:20:49','2021-06-26 11:52:50'),(68,'Violette','Oberbrunner','vnienow@example.org','180.906.6376','2020-03-03 13:09:45','2021-06-26 11:52:50'),(69,'Elbert','Hartmann','suzanne41@example.net','498-204-5680','2019-09-28 13:06:29','2021-06-26 11:52:50'),(70,'Halle','Bartoletti','botsford.shyann@example.net','181-329-3059','2016-11-14 15:28:53','2018-08-02 16:54:56'),(71,'Laurel','Von','conor.mcdermott@example.net','05760300528','2013-04-13 10:52:16','2021-06-26 11:52:50'),(72,'Taylor','Crist','giovanny.lubowitz@example.net','156.671.3322','2020-11-19 10:50:38','2021-06-26 11:52:50'),(73,'Jordi','Hilll','holly.cassin@example.net','661.310.3331','2021-03-05 12:32:54','2021-06-26 11:52:50'),(74,'Elise','Osinski','ezekiel.jacobi@example.org','(306)206-0238','2016-07-24 09:06:26','2017-04-19 03:24:25'),(75,'Laney','Armstrong','howell.rupert@example.net','131-213-1436x0916','2017-11-03 09:23:11','2021-06-26 11:52:50'),(76,'Brisa','Botsford','reichert.kristy@example.com','1-225-624-4201x74782','2019-10-11 00:29:36','2019-11-07 08:44:24'),(77,'Anna','Breitenberg','flatley.morgan@example.org','(050)122-9503x5623','2015-12-30 15:29:49','2021-06-26 11:52:50'),(78,'Ashlynn','Gorczany','maida.sipes@example.net','02228349764','2013-03-06 02:08:06','2016-06-22 22:41:18'),(79,'Jacky','Schiller','xpfeffer@example.net','1-123-472-8506','2017-11-27 02:40:09','2021-06-26 11:52:50'),(80,'Ally','Brakus','alexandrine30@example.com','(998)008-9606x8814','2018-01-12 21:14:38','2021-02-27 21:31:17'),(81,'Christophe','Bogan','damian58@example.com','(571)327-0995x26877','2014-03-25 01:17:10','2014-10-16 00:28:34'),(82,'Rebekah','Jacobi','frice@example.org','(478)765-1743x714','2011-10-09 03:10:54','2021-06-26 11:52:50'),(83,'Misty','Block','sstark@example.com','1-786-074-8428','2021-02-09 20:31:32','2021-06-26 11:52:50'),(84,'Audie','Cronin','eloise44@example.org','1-145-660-8398','2020-04-14 23:45:16','2021-06-26 11:52:50'),(85,'Mikel','Kirlin','kenna44@example.com','(756)121-0943x581','2017-12-11 11:55:36','2021-06-26 11:52:50'),(86,'Kiana','Abbott','naomi.becker@example.com','(401)202-3316x678','2018-08-06 13:03:23','2021-06-26 11:52:50'),(87,'Naomi','Kulas','patsy36@example.net','+86(1)1493282376','2014-04-26 16:35:30','2021-05-15 00:20:29'),(88,'Sincere','Bergstrom','ffadel@example.net','(059)654-3343x8753','2011-08-04 21:50:56','2021-01-07 21:46:02'),(89,'Irving','Stokes','grady.ruben@example.org','(939)128-2121','2012-04-20 02:37:21','2018-01-11 12:30:02'),(90,'Jewell','Botsford','satterfield.edgar@example.org','1-625-581-9493','2011-12-29 09:46:47','2012-10-26 20:01:23'),(91,'Bianka','McCullough','ngerlach@example.org','08230677754','2020-03-22 23:16:17','2021-06-26 11:52:50'),(92,'Clark','Ledner','qveum@example.com','156.575.9162x9813','2014-06-30 00:29:50','2021-02-24 04:14:22'),(93,'Roxanne','Bosco','alan25@example.org','+61(1)2850682439','2016-12-08 08:02:48','2019-11-06 20:42:18'),(94,'Viola','Schumm','murphy.marisol@example.org','(302)718-5982','2012-04-27 18:09:23','2014-08-01 18:11:21'),(95,'Jordan','Wilderman','ugreenholt@example.org','(532)171-9374x1267','2015-05-29 21:36:06','2020-06-06 20:18:43'),(96,'Zion','Feil','charity.funk@example.com','143.151.7788x38976','2017-07-30 21:15:33','2021-06-26 11:52:50'),(97,'Mustafa','Hammes','stefanie.senger@example.net','811.142.5412x22579','2014-08-30 13:00:25','2017-07-06 02:16:42'),(98,'Cleta','Hettinger','dosinski@example.org','224.581.3366','2019-08-22 17:58:01','2021-06-26 11:52:50'),(99,'Vena','Bailey','arlene.lang@example.com','1-046-282-4738x69050','2018-10-02 07:17:46','2020-07-31 06:05:21'),(100,'Madison','Lang','gertrude58@example.org','(339)321-3527','2020-06-29 19:32:19','2021-06-26 11:52:50');
/*!40000 ALTER TABLE `users` ENABLE KEYS */;
UNLOCK TABLES;
/*!40103 SET TIME_ZONE=@OLD_TIME_ZONE */;

/*!40101 SET SQL_MODE=@OLD_SQL_MODE */;
/*!40014 SET FOREIGN_KEY_CHECKS=@OLD_FOREIGN_KEY_CHECKS */;
/*!40014 SET UNIQUE_CHECKS=@OLD_UNIQUE_CHECKS */;
/*!40101 SET CHARACTER_SET_CLIENT=@OLD_CHARACTER_SET_CLIENT */;
/*!40101 SET CHARACTER_SET_RESULTS=@OLD_CHARACTER_SET_RESULTS */;
/*!40101 SET COLLATION_CONNECTION=@OLD_COLLATION_CONNECTION */;
/*!40111 SET SQL_NOTES=@OLD_SQL_NOTES */;

-- Dump completed on 2021-06-26 22:38:18
