-- MariaDB dump 10.19  Distrib 10.5.11-MariaDB, for debian-linux-gnu (x86_64)
--
-- Host: localhost    Database: ads_board
-- ------------------------------------------------------
-- Server version	10.5.11-MariaDB-1

/*!40101 SET @OLD_CHARACTER_SET_CLIENT=@@CHARACTER_SET_CLIENT */;
/*!40101 SET @OLD_CHARACTER_SET_RESULTS=@@CHARACTER_SET_RESULTS */;
/*!40101 SET @OLD_COLLATION_CONNECTION=@@COLLATION_CONNECTION */;
/*!40101 SET NAMES utf8mb4 */;
/*!40103 SET @OLD_TIME_ZONE=@@TIME_ZONE */;
/*!40103 SET TIME_ZONE='+00:00' */;
/*!40014 SET @OLD_UNIQUE_CHECKS=@@UNIQUE_CHECKS, UNIQUE_CHECKS=0 */;
/*!40014 SET @OLD_FOREIGN_KEY_CHECKS=@@FOREIGN_KEY_CHECKS, FOREIGN_KEY_CHECKS=0 */;
/*!40101 SET @OLD_SQL_MODE=@@SQL_MODE, SQL_MODE='NO_AUTO_VALUE_ON_ZERO' */;
/*!40111 SET @OLD_SQL_NOTES=@@SQL_NOTES, SQL_NOTES=0 */;

--
-- Table structure for table `advertisement_param`
--

DROP TABLE IF EXISTS `advertisement_param`;
/*!40101 SET @saved_cs_client     = @@character_set_client */;
/*!40101 SET character_set_client = utf8 */;
CREATE TABLE `advertisement_param` (
  `advertisement_id` int(10) unsigned NOT NULL,
  `real_estate_type_id` int(10) unsigned NOT NULL,
  `total_area` float unsigned NOT NULL,
  `living_area` float unsigned NOT NULL,
  `kitchen_area` float unsigned NOT NULL,
  `number_of_rooms` int(10) unsigned NOT NULL,
  `number_of_floors` int(10) unsigned NOT NULL,
  `apartment_floor` int(10) unsigned DEFAULT NULL,
  `created_at` datetime DEFAULT current_timestamp(),
  `updated_at` datetime DEFAULT current_timestamp() ON UPDATE current_timestamp(),
  PRIMARY KEY (`advertisement_id`),
  KEY `advertisement_param_real_estate_type_id_fk` (`real_estate_type_id`),
  CONSTRAINT `advertisement_param_advertisement_id_fk` FOREIGN KEY (`advertisement_id`) REFERENCES `advertisements` (`id`) ON DELETE CASCADE,
  CONSTRAINT `advertisement_param_real_estate_type_id_fk` FOREIGN KEY (`real_estate_type_id`) REFERENCES `real_estate_types` (`id`)
) ENGINE=InnoDB DEFAULT CHARSET=utf8mb4 COLLATE=utf8mb4_unicode_ci;
/*!40101 SET character_set_client = @saved_cs_client */;

--
-- Dumping data for table `advertisement_param`
--

LOCK TABLES `advertisement_param` WRITE;
/*!40000 ALTER TABLE `advertisement_param` DISABLE KEYS */;
INSERT INTO `advertisement_param` VALUES (1,2,252,186,47,4,37,NULL,'2017-08-19 03:39:14','2021-08-23 17:42:43'),(2,1,220,162,41,4,55,19,'2012-10-12 02:44:30','2021-08-23 17:31:44'),(3,1,382,282,71,7,85,35,'2015-10-03 17:44:15','2021-08-23 17:31:44'),(4,1,299,221,55,5,75,55,'2019-07-06 01:58:41','2021-08-23 17:31:44'),(5,2,256,189,47,4,89,NULL,'2019-12-27 10:35:21','2021-08-23 17:42:43'),(6,1,91,67,17,1,70,70,'2016-01-27 04:36:05','2021-08-23 17:37:12'),(7,2,200,148,37,3,8,NULL,'2020-11-19 20:12:29','2021-08-23 17:42:43'),(8,1,162,120,30,3,26,26,'2013-06-20 00:17:26','2021-08-23 17:37:12'),(9,1,341,252,63,6,85,82,'2013-04-09 07:55:12','2021-08-23 17:31:44'),(10,2,26,19,5,0,50,NULL,'2021-02-26 04:55:42','2021-08-23 17:42:43'),(11,2,307,227,57,5,2,NULL,'2020-07-13 11:29:16','2021-08-23 17:42:43'),(12,1,82,60,15,1,100,87,'2012-06-23 17:40:20','2021-08-23 17:31:44'),(13,1,324,240,60,6,12,12,'2012-11-10 22:18:28','2021-08-23 17:37:12'),(14,1,116,85,22,2,27,27,'2014-11-01 17:08:41','2021-08-23 17:37:12'),(15,2,132,97,25,2,1,NULL,'2014-09-16 03:41:15','2021-08-23 17:42:43'),(16,1,87,64,16,1,31,31,'2015-08-16 10:56:28','2021-08-23 17:37:12'),(17,1,177,131,32,3,7,7,'2018-11-10 20:48:59','2021-08-23 17:37:12'),(18,2,306,226,57,5,47,NULL,'2012-02-02 02:44:08','2021-08-23 17:42:43'),(19,1,165,122,30,3,24,24,'2016-02-16 00:57:13','2021-08-23 17:37:12'),(20,1,286,211,53,5,90,18,'2012-10-24 14:57:08','2021-08-23 17:31:44'),(21,2,206,152,38,3,84,NULL,'2020-12-09 10:47:22','2021-08-23 17:42:43'),(22,2,39,28,7,0,58,NULL,'2011-08-26 22:55:07','2021-08-23 17:42:43'),(23,2,333,246,62,6,1,NULL,'2019-01-31 15:13:10','2021-08-23 17:42:43'),(24,2,163,120,30,3,55,NULL,'2013-12-06 07:49:30','2021-08-23 17:42:43'),(25,1,209,154,39,3,67,67,'2020-08-12 13:33:46','2021-08-23 17:37:12'),(26,2,49,36,9,0,60,NULL,'2019-03-27 17:36:13','2021-08-23 17:42:43'),(27,1,102,75,19,1,89,59,'2012-03-07 01:00:35','2021-08-23 17:31:44'),(28,1,135,100,25,2,89,57,'2016-08-21 00:12:47','2021-08-23 17:26:25'),(29,2,164,121,30,3,77,NULL,'2016-05-11 20:32:43','2021-08-23 17:42:43'),(30,1,386,285,72,7,76,3,'2014-12-10 08:52:10','2021-08-23 17:31:44'),(31,2,173,128,32,3,94,NULL,'2016-01-21 01:09:40','2021-08-23 17:42:43'),(32,2,381,282,70,7,28,NULL,'2017-03-23 22:34:54','2021-08-23 17:42:43'),(33,2,208,154,38,3,43,NULL,'2017-12-31 12:04:33','2021-08-23 17:42:43'),(34,2,109,80,20,2,46,NULL,'2013-04-08 19:19:04','2021-08-23 17:42:43'),(35,2,15,11,2,0,53,NULL,'2014-08-06 00:33:09','2021-08-23 17:42:43'),(36,2,49,36,9,0,26,NULL,'2013-10-09 05:04:43','2021-08-23 17:42:43'),(37,1,355,262,66,6,52,52,'2013-07-25 00:20:18','2021-08-23 17:37:12'),(38,2,37,27,7,0,45,NULL,'2019-11-25 23:59:09','2021-08-23 17:42:43'),(39,1,193,142,36,3,30,30,'2012-10-11 02:10:54','2021-08-23 17:37:12'),(40,2,260,192,48,4,92,NULL,'2018-06-10 16:57:15','2021-08-23 17:42:43'),(41,2,151,111,28,2,24,NULL,'2020-01-25 07:32:29','2021-08-23 17:42:43'),(42,1,110,81,20,2,41,4,'2018-05-07 16:47:03','2021-08-23 17:31:44'),(43,1,120,88,22,2,68,41,'2013-05-17 23:05:03','2021-08-23 17:31:44'),(44,1,362,268,67,6,68,62,'2018-04-05 11:17:30','2021-08-23 17:31:44'),(45,2,386,285,72,7,43,NULL,'2012-10-26 06:36:44','2021-08-23 17:42:43'),(46,2,141,104,26,2,1,NULL,'2015-03-06 04:13:44','2021-08-23 17:42:43'),(47,2,325,240,60,6,82,NULL,'2014-10-11 18:21:32','2021-08-23 17:42:43'),(48,1,329,243,61,6,61,61,'2018-08-19 07:06:29','2021-08-23 17:37:12'),(49,1,357,264,66,6,55,11,'2015-10-15 16:56:12','2021-08-23 17:26:25'),(50,1,195,144,36,3,22,3,'2020-05-16 14:38:14','2021-08-23 17:31:44'),(51,1,289,214,53,5,55,21,'2020-12-12 21:22:35','2021-08-23 17:31:44'),(52,1,210,155,39,3,65,65,'2011-11-26 08:51:17','2021-08-23 17:37:12'),(53,2,169,125,31,3,24,NULL,'2015-02-02 00:23:22','2021-08-23 17:42:43'),(54,1,214,158,40,3,28,28,'2020-05-17 03:32:29','2021-08-23 17:37:12'),(55,2,337,249,62,6,63,NULL,'2014-06-03 13:27:47','2021-08-23 17:42:43'),(56,2,317,234,59,5,91,NULL,'2013-12-11 10:54:05','2021-08-23 17:42:43'),(57,2,84,62,15,1,91,NULL,'2020-12-05 07:14:14','2021-08-23 17:42:43'),(58,1,63,46,12,1,29,29,'2013-09-19 20:42:16','2021-08-23 17:37:12'),(59,1,362,268,67,6,60,60,'2021-04-16 11:26:01','2021-08-23 17:37:12'),(60,1,267,197,50,4,71,63,'2013-07-09 09:39:31','2021-08-23 17:31:44'),(61,2,288,213,53,5,93,NULL,'2016-09-05 02:52:09','2021-08-23 17:42:43'),(62,2,71,52,13,1,69,NULL,'2018-05-05 14:40:57','2021-08-23 17:42:43'),(63,1,243,180,45,4,75,75,'2020-09-01 05:32:37','2021-08-23 17:37:12'),(64,1,327,242,60,6,73,69,'2016-08-05 19:05:00','2021-08-23 17:31:44'),(65,2,347,257,64,6,47,NULL,'2014-10-04 06:48:50','2021-08-23 17:42:43'),(66,1,159,117,30,2,92,41,'2017-03-09 02:48:33','2021-08-23 17:31:44'),(67,1,93,68,17,1,15,15,'2015-10-25 05:11:45','2021-08-23 17:37:12'),(68,2,342,253,63,6,13,NULL,'2012-01-21 14:40:07','2021-08-23 17:42:43'),(69,1,86,63,16,1,32,2,'2014-04-09 16:48:35','2021-08-23 17:31:44'),(70,1,76,56,14,1,40,40,'2017-03-10 23:12:39','2021-08-23 17:37:12'),(71,1,266,197,49,4,80,80,'2011-12-29 10:51:04','2021-08-23 17:37:12'),(72,2,67,49,12,1,99,NULL,'2016-11-17 09:36:24','2021-08-23 17:42:43'),(73,2,341,252,63,6,45,NULL,'2016-08-06 19:52:24','2021-08-23 17:42:43'),(74,1,386,285,72,7,32,32,'2011-09-21 11:26:33','2021-08-23 17:37:12'),(75,2,373,276,69,6,41,NULL,'2019-09-05 05:07:20','2021-08-23 17:42:43'),(76,1,269,199,50,4,53,53,'2019-09-04 05:39:47','2021-08-23 17:37:12'),(77,1,15,11,2,0,61,4,'2012-02-13 13:09:07','2021-08-23 17:31:44'),(78,1,336,248,62,6,31,31,'2015-06-28 20:32:53','2021-08-23 17:37:12'),(79,2,183,135,34,3,77,NULL,'2012-09-03 04:15:53','2021-08-23 17:42:43'),(80,2,81,60,15,1,13,NULL,'2015-08-21 14:32:42','2021-08-23 17:42:43'),(81,2,392,290,72,7,45,NULL,'2015-08-12 08:41:11','2021-08-23 17:42:43'),(82,1,379,280,70,7,82,17,'2014-03-28 00:35:05','2021-08-23 17:26:25'),(83,1,338,250,62,6,99,72,'2018-07-15 04:22:42','2021-08-23 17:31:44'),(84,1,243,180,45,4,17,17,'2018-05-22 10:01:10','2021-08-23 17:37:12'),(85,2,242,179,45,4,77,NULL,'2016-02-14 20:03:51','2021-08-23 17:42:43'),(86,1,85,62,16,1,47,24,'2019-10-29 03:53:52','2021-08-23 17:31:44'),(87,2,33,24,6,0,84,NULL,'2014-12-24 19:57:41','2021-08-23 17:42:43'),(88,1,57,42,10,1,69,24,'2014-06-12 13:25:28','2021-08-23 17:31:44'),(89,1,303,224,56,5,83,9,'2021-02-08 16:14:13','2021-08-23 17:31:44'),(90,1,135,100,25,2,87,87,'2020-04-27 05:55:17','2021-08-23 17:37:12'),(91,1,288,213,53,5,22,22,'2015-11-15 02:12:00','2021-08-23 17:37:12'),(92,2,399,295,74,7,15,NULL,'2012-12-02 03:28:27','2021-08-23 17:42:43'),(93,2,396,293,73,7,21,NULL,'2017-11-05 17:17:01','2021-08-23 17:42:43'),(94,1,28,20,5,0,58,50,'2017-07-13 16:20:21','2021-08-23 17:31:44'),(95,2,51,37,10,0,84,NULL,'2021-05-19 15:26:22','2021-08-23 17:42:43'),(96,2,374,277,69,6,96,NULL,'2018-11-29 18:05:50','2021-08-23 17:42:43'),(97,2,172,127,32,3,71,NULL,'2012-06-24 08:49:09','2021-08-23 17:42:43'),(98,1,38,28,7,0,94,21,'2011-10-29 13:16:51','2021-08-23 17:31:44'),(99,1,385,285,71,7,87,61,'2014-04-11 11:32:22','2021-08-23 17:31:44'),(100,1,221,163,41,4,70,9,'2012-09-04 13:01:19','2021-08-23 17:31:44'),(101,1,371,274,69,6,100,1,'2015-01-04 12:39:55','2021-08-23 17:31:44'),(102,1,96,71,17,1,83,70,'2014-04-14 20:11:16','2021-08-23 17:31:44'),(103,1,250,185,46,4,11,11,'2021-05-07 08:45:02','2021-08-23 17:37:12'),(104,1,296,219,55,5,70,16,'2017-07-17 12:01:36','2021-08-23 17:31:44'),(105,1,194,143,36,3,79,79,'2019-08-03 05:23:22','2021-08-23 17:37:12'),(106,1,215,159,40,3,53,53,'2013-02-21 10:18:23','2021-08-23 17:37:12'),(107,2,85,62,16,1,14,NULL,'2018-04-24 18:08:26','2021-08-23 17:42:43'),(108,2,186,137,35,3,20,NULL,'2019-12-04 09:10:53','2021-08-23 17:42:43'),(109,1,89,65,17,1,43,7,'2012-10-14 05:01:49','2021-08-23 17:31:44'),(110,1,324,240,60,6,74,17,'2021-03-06 13:45:11','2021-08-23 17:31:44'),(111,1,189,140,35,3,39,33,'2014-09-20 11:25:56','2021-08-23 17:31:44'),(112,1,169,125,31,3,76,73,'2018-07-16 00:44:29','2021-08-23 17:31:44'),(113,1,82,60,15,1,17,17,'2013-12-28 22:03:12','2021-08-23 17:37:12'),(114,2,142,105,26,2,51,NULL,'2016-12-11 07:14:52','2021-08-23 17:42:43'),(115,2,282,208,52,5,29,NULL,'2018-10-20 02:37:07','2021-08-23 17:42:43'),(116,1,117,86,22,2,65,65,'2017-09-28 16:04:53','2021-08-23 17:37:12'),(117,1,354,262,65,6,94,12,'2013-09-25 22:30:58','2021-08-23 17:31:44'),(118,2,155,114,29,2,83,NULL,'2014-11-18 08:24:46','2021-08-23 17:42:43'),(119,2,167,123,31,3,21,NULL,'2018-11-23 17:47:24','2021-08-23 17:42:43'),(120,2,125,92,23,2,16,NULL,'2018-11-08 12:36:28','2021-08-23 17:42:43'),(121,2,265,196,49,4,41,NULL,'2011-12-16 11:17:01','2021-08-23 17:42:43'),(122,1,134,99,25,2,39,6,'2019-05-18 21:19:06','2021-08-23 17:26:25'),(123,1,111,82,20,2,79,29,'2015-12-12 18:22:06','2021-08-23 17:31:44'),(124,2,240,177,45,4,10,NULL,'2011-12-13 07:37:01','2021-08-23 17:42:43'),(125,2,58,42,11,1,31,NULL,'2016-04-24 06:42:34','2021-08-23 17:42:43'),(126,2,280,207,52,5,3,NULL,'2016-05-30 16:50:32','2021-08-23 17:42:43'),(127,1,256,189,47,4,76,75,'2020-03-03 14:47:10','2021-08-23 17:31:44'),(128,2,207,153,38,3,100,NULL,'2021-07-11 19:14:52','2021-08-23 17:42:43'),(129,1,318,235,59,5,88,88,'2019-03-31 23:48:51','2021-08-23 17:37:12'),(130,1,48,35,9,0,77,75,'2015-04-23 00:55:37','2021-08-23 17:31:44'),(131,1,284,210,52,5,17,17,'2017-02-04 02:44:57','2021-08-23 17:37:12'),(132,1,183,135,34,3,37,37,'2015-07-31 12:38:38','2021-08-23 17:37:12'),(133,2,151,111,28,2,56,NULL,'2019-01-20 05:54:29','2021-08-23 17:42:43'),(134,2,210,155,39,3,42,NULL,'2019-01-31 01:21:56','2021-08-23 17:42:43'),(135,2,127,94,23,2,12,NULL,'2013-05-20 05:35:59','2021-08-23 17:42:43'),(136,1,371,274,69,6,3,3,'2020-05-08 08:10:16','2021-08-23 17:31:44'),(137,1,171,126,32,3,79,79,'2019-10-12 04:19:51','2021-08-23 17:37:12'),(138,2,350,259,65,6,26,NULL,'2021-01-19 21:58:08','2021-08-23 17:42:43'),(139,2,289,214,53,5,91,NULL,'2012-03-30 00:26:00','2021-08-23 17:42:43'),(140,1,56,41,10,1,33,33,'2014-11-29 22:41:29','2021-08-23 17:37:12'),(141,1,392,290,72,7,36,36,'2021-07-16 04:55:42','2021-08-23 17:37:12'),(142,1,245,181,45,4,81,23,'2017-04-08 02:03:12','2021-08-23 17:31:44'),(143,1,252,186,47,4,73,55,'2016-10-16 21:57:48','2021-08-23 17:31:44'),(144,2,376,278,70,6,85,NULL,'2018-08-11 04:48:02','2021-08-23 17:42:43'),(145,2,282,208,52,5,57,NULL,'2012-12-06 14:39:58','2021-08-23 17:42:43'),(146,1,318,235,59,5,35,35,'2013-11-07 10:59:58','2021-08-23 17:37:12'),(147,2,345,255,64,6,22,NULL,'2015-11-24 16:50:00','2021-08-23 17:42:43'),(148,1,268,198,50,4,50,29,'2014-05-07 17:25:27','2021-08-23 17:26:25'),(149,2,128,94,24,2,9,NULL,'2019-09-10 22:57:51','2021-08-23 17:42:43'),(150,2,332,245,62,6,94,NULL,'2013-12-10 12:13:22','2021-08-23 17:42:43'),(151,1,82,60,15,1,90,1,'2014-10-25 18:00:57','2021-08-23 17:31:44'),(152,2,373,276,69,6,72,NULL,'2018-05-17 20:04:33','2021-08-23 17:42:43'),(153,2,82,60,15,1,58,NULL,'2019-07-21 08:10:00','2021-08-23 17:42:43'),(154,1,138,102,25,2,45,34,'2019-01-05 23:00:16','2021-08-23 17:31:44'),(155,2,275,203,51,5,59,NULL,'2019-02-01 01:41:01','2021-08-23 17:42:43'),(156,2,325,240,60,6,96,NULL,'2021-03-01 15:04:31','2021-08-23 17:42:43'),(157,2,301,222,56,5,82,NULL,'2015-08-23 00:41:38','2021-08-23 17:42:43'),(158,1,111,82,20,2,61,53,'2021-06-17 15:56:51','2021-08-23 17:31:44'),(159,2,380,281,70,7,95,NULL,'2011-10-26 21:00:28','2021-08-23 17:42:43'),(160,2,253,187,47,4,6,NULL,'2015-02-21 13:50:59','2021-08-23 17:42:43'),(161,1,116,85,22,2,10,10,'2017-01-16 20:49:41','2021-08-23 17:37:12'),(162,2,304,225,56,5,5,NULL,'2020-02-14 12:16:59','2021-08-23 17:42:43'),(163,2,191,141,35,3,97,NULL,'2018-08-21 19:20:43','2021-08-23 17:42:43'),(164,1,84,62,15,1,32,32,'2014-07-04 13:55:53','2021-08-23 17:37:12'),(165,2,85,62,16,1,30,NULL,'2012-01-08 14:02:34','2021-08-23 17:42:43'),(166,2,227,168,42,4,86,NULL,'2018-12-18 04:15:02','2021-08-23 17:42:43'),(167,2,33,24,6,0,36,NULL,'2017-06-11 07:40:26','2021-08-23 17:42:43'),(168,2,206,152,38,3,34,NULL,'2012-07-27 10:16:08','2021-08-23 17:42:43'),(169,2,133,98,25,2,71,NULL,'2018-03-31 06:51:53','2021-08-23 17:42:43'),(170,2,82,60,15,1,43,NULL,'2017-07-15 13:57:05','2021-08-23 17:42:43'),(171,1,81,60,15,1,49,9,'2015-10-03 10:53:11','2021-08-23 17:31:44'),(172,1,289,214,53,5,80,80,'2015-05-12 14:50:16','2021-08-23 17:37:12'),(173,1,48,35,9,0,88,50,'2020-10-03 03:00:54','2021-08-23 17:31:44'),(174,1,358,265,66,6,40,40,'2019-10-12 17:58:24','2021-08-23 17:37:12'),(175,2,198,146,37,3,49,NULL,'2018-09-07 11:49:29','2021-08-23 17:42:43'),(176,1,212,157,39,3,31,31,'2011-11-24 21:20:36','2021-08-23 17:37:12'),(177,2,50,37,9,0,29,NULL,'2017-02-15 14:39:00','2021-08-23 17:42:43'),(178,1,363,268,67,6,34,34,'2016-08-31 04:51:14','2021-08-23 17:37:12'),(179,1,386,285,72,7,89,70,'2017-12-27 19:06:15','2021-08-23 17:31:44'),(180,2,390,288,72,7,3,NULL,'2016-07-23 16:45:24','2021-08-23 17:42:43'),(181,1,317,234,59,5,31,31,'2015-07-07 18:36:41','2021-08-23 17:37:12'),(182,1,215,159,40,3,32,32,'2017-02-16 00:43:13','2021-08-23 17:37:12'),(183,1,26,19,5,0,30,30,'2012-12-24 22:45:22','2021-08-23 17:37:12'),(184,1,339,251,62,6,30,30,'2018-01-05 21:46:45','2021-08-23 17:37:12'),(185,2,28,20,5,0,66,NULL,'2011-12-24 15:47:35','2021-08-23 17:42:43'),(186,1,85,62,16,1,62,28,'2018-04-25 17:41:06','2021-08-23 17:31:44'),(187,2,256,189,47,4,1,NULL,'2019-09-13 07:47:22','2021-08-23 17:42:43'),(188,1,108,80,20,2,59,9,'2018-08-17 01:30:35','2021-08-23 17:31:44'),(189,1,91,67,17,1,4,4,'2017-05-14 09:48:12','2021-08-23 17:37:12'),(190,1,254,188,47,4,58,58,'2018-10-15 17:06:41','2021-08-23 17:37:12'),(191,2,338,250,62,6,91,NULL,'2015-05-20 22:24:19','2021-08-23 17:42:43'),(192,2,73,54,13,1,34,NULL,'2020-10-08 12:07:10','2021-08-23 17:42:43'),(193,1,31,22,6,0,24,24,'2017-08-28 22:58:34','2021-08-23 17:37:12'),(194,2,377,279,70,6,100,NULL,'2012-03-11 12:36:29','2021-08-23 17:42:43'),(195,2,305,225,57,5,79,NULL,'2016-10-19 11:56:35','2021-08-23 17:42:43'),(196,2,353,261,65,6,85,NULL,'2016-11-01 08:43:57','2021-08-23 17:42:43'),(197,1,238,176,44,4,35,7,'2012-05-07 20:19:03','2021-08-23 17:31:44'),(198,1,118,87,22,2,41,9,'2015-09-13 21:34:30','2021-08-23 17:31:44'),(199,1,182,134,34,3,77,34,'2014-02-25 16:08:49','2021-08-23 17:31:44'),(200,1,137,101,25,2,91,77,'2017-01-07 13:22:01','2021-08-23 17:31:44'),(201,2,44,32,8,0,20,NULL,'2020-12-06 20:51:32','2021-08-23 17:42:43'),(202,2,381,282,70,7,58,NULL,'2014-06-29 08:03:03','2021-08-23 17:42:43'),(203,2,297,220,55,5,42,NULL,'2017-05-04 18:54:42','2021-08-23 17:42:43'),(204,1,352,260,65,6,1,1,'2017-08-27 18:41:58','2021-08-23 17:37:12'),(205,1,374,277,69,6,57,41,'2016-10-07 02:52:15','2021-08-23 17:31:44'),(206,2,49,36,9,0,6,NULL,'2012-06-09 02:35:56','2021-08-23 17:42:43'),(207,2,231,171,42,4,63,NULL,'2021-08-07 10:15:26','2021-08-23 17:42:43'),(208,2,147,108,27,2,100,NULL,'2013-01-18 07:52:36','2021-08-23 17:42:43'),(209,2,79,58,15,1,49,NULL,'2020-09-29 12:43:41','2021-08-23 17:42:43'),(210,2,208,154,38,3,34,NULL,'2015-07-30 09:38:55','2021-08-23 17:42:43'),(211,2,91,67,17,1,48,NULL,'2012-11-17 18:52:52','2021-08-23 17:42:43'),(212,1,323,239,60,5,72,20,'2016-05-19 09:21:30','2021-08-23 17:31:44'),(213,1,312,231,57,5,44,11,'2017-09-04 12:59:33','2021-08-23 17:31:44'),(214,2,52,38,10,0,91,NULL,'2016-08-06 11:02:16','2021-08-23 17:42:43'),(215,2,89,65,17,1,33,NULL,'2020-11-12 03:15:51','2021-08-23 17:42:43'),(216,1,192,142,35,3,56,3,'2016-01-12 11:21:09','2021-08-23 17:31:44'),(217,1,150,111,27,2,84,84,'2012-05-12 06:03:36','2021-08-23 17:31:44'),(218,2,278,205,52,5,4,NULL,'2012-04-24 15:36:09','2021-08-23 17:42:43'),(219,1,172,127,32,3,3,3,'2018-04-13 21:47:18','2021-08-23 17:37:12'),(220,2,235,174,43,4,6,NULL,'2019-09-01 07:57:06','2021-08-23 17:42:43'),(221,1,221,163,41,4,96,23,'2013-03-16 08:49:28','2021-08-23 17:31:44'),(222,1,43,31,8,0,14,14,'2014-11-26 19:17:30','2021-08-23 17:37:12'),(223,1,223,165,41,4,16,16,'2013-03-04 08:50:45','2021-08-23 17:37:12'),(224,2,174,128,32,3,6,NULL,'2016-01-12 21:14:40','2021-08-23 17:42:43'),(225,1,207,153,38,3,15,15,'2013-08-07 21:46:11','2021-08-23 17:37:12'),(226,2,86,63,16,1,88,NULL,'2019-06-03 10:10:59','2021-08-23 17:42:43'),(227,1,116,85,22,2,27,27,'2020-04-26 06:24:14','2021-08-23 17:37:12'),(228,2,107,79,20,1,60,NULL,'2012-09-20 09:48:39','2021-08-23 17:42:43'),(229,1,396,293,73,7,13,13,'2011-11-16 21:33:06','2021-08-23 17:37:12'),(230,1,340,251,63,6,37,37,'2016-10-10 01:45:57','2021-08-23 17:37:12'),(231,2,222,164,41,4,17,NULL,'2016-07-21 13:29:16','2021-08-23 17:42:43'),(232,1,173,128,32,3,6,6,'2012-04-01 06:34:49','2021-08-23 17:37:12'),(233,1,277,205,51,5,16,16,'2019-11-14 19:27:31','2021-08-23 17:37:12'),(234,2,198,146,37,3,9,NULL,'2014-01-22 06:00:19','2021-08-23 17:42:43'),(235,2,111,82,20,2,81,NULL,'2012-12-30 07:12:23','2021-08-23 17:42:43'),(236,1,394,291,73,7,8,8,'2012-04-13 22:09:35','2021-08-23 17:37:12'),(237,1,121,89,22,2,46,46,'2012-05-14 19:14:09','2021-08-23 17:37:12'),(238,1,17,12,3,0,42,5,'2017-10-16 19:24:47','2021-08-23 17:31:44'),(239,1,228,168,42,4,9,9,'2015-12-31 22:32:09','2021-08-23 17:37:12'),(240,2,181,134,33,3,99,NULL,'2013-03-06 12:01:30','2021-08-23 17:42:43'),(241,2,295,218,55,5,91,NULL,'2019-09-23 18:43:10','2021-08-23 17:42:43'),(242,1,89,65,17,1,36,36,'2020-03-20 13:39:08','2021-08-23 17:37:12'),(243,1,400,296,74,7,50,50,'2013-09-11 18:56:02','2021-08-23 17:37:12'),(244,1,267,197,50,4,23,23,'2018-10-04 13:25:43','2021-08-23 17:37:12'),(245,2,289,214,53,5,68,NULL,'2015-03-09 12:28:41','2021-08-23 17:42:43'),(246,2,62,45,12,1,22,NULL,'2016-07-14 13:32:14','2021-08-23 17:42:43'),(247,1,344,254,64,6,50,50,'2018-06-29 17:13:24','2021-08-23 17:37:12'),(248,2,227,168,42,4,69,NULL,'2011-12-26 04:23:06','2021-08-23 17:42:43'),(249,2,305,225,57,5,51,NULL,'2020-01-02 19:17:47','2021-08-23 17:42:43'),(250,2,384,284,71,7,90,NULL,'2015-11-04 14:31:50','2021-08-23 17:42:43'),(251,2,121,89,22,2,60,NULL,'2017-04-04 17:59:35','2021-08-23 17:42:43'),(252,2,371,274,69,6,18,NULL,'2012-10-13 16:11:52','2021-08-23 17:42:43'),(253,2,292,216,54,5,74,NULL,'2014-11-20 17:58:59','2021-08-23 17:42:43'),(254,1,266,197,49,4,50,50,'2020-10-11 16:36:04','2021-08-23 17:37:12'),(255,2,369,273,68,6,99,NULL,'2013-09-24 05:04:52','2021-08-23 17:42:43'),(256,2,347,257,64,6,88,NULL,'2016-06-28 15:12:09','2021-08-23 17:42:43'),(257,1,268,198,50,4,66,40,'2021-01-26 14:27:31','2021-08-23 17:26:25'),(258,1,63,46,12,1,47,47,'2019-04-17 21:30:23','2021-08-23 17:37:12'),(259,1,56,41,10,1,3,3,'2015-11-10 10:35:24','2021-08-23 17:37:12'),(260,2,177,131,32,3,95,NULL,'2014-06-07 10:34:38','2021-08-23 17:42:43'),(261,2,357,264,66,6,24,NULL,'2014-08-25 06:15:56','2021-08-23 17:42:43'),(262,2,120,88,22,2,67,NULL,'2014-08-02 23:00:22','2021-08-23 17:42:43'),(263,1,291,215,54,5,47,36,'2017-09-20 23:43:05','2021-08-23 17:31:44'),(264,1,75,55,14,1,89,24,'2020-12-06 13:16:29','2021-08-23 17:31:44'),(265,1,198,146,37,3,82,6,'2012-07-01 06:39:17','2021-08-23 17:31:44'),(266,2,311,230,57,5,22,NULL,'2017-03-18 18:54:36','2021-08-23 17:42:43'),(267,2,312,231,57,5,96,NULL,'2020-08-24 18:07:59','2021-08-23 17:42:43'),(268,1,220,162,41,4,3,3,'2014-03-16 03:36:44','2021-08-23 17:37:12'),(269,1,77,57,14,1,77,77,'2019-04-13 15:33:39','2021-08-23 17:37:12'),(270,1,201,148,37,3,97,2,'2014-11-17 20:26:23','2021-08-23 17:31:44'),(271,2,239,177,44,4,94,NULL,'2017-05-25 05:26:53','2021-08-23 17:42:43'),(272,1,282,208,52,5,34,34,'2011-11-23 02:25:19','2021-08-23 17:37:12'),(273,2,225,166,42,4,84,NULL,'2013-04-08 22:19:17','2021-08-23 17:42:43'),(274,1,99,73,18,1,31,31,'2019-12-09 11:56:53','2021-08-23 17:37:12'),(275,1,62,45,12,1,88,21,'2016-09-05 18:28:31','2021-08-23 17:31:44'),(276,1,101,74,19,1,21,21,'2017-01-20 05:23:04','2021-08-23 17:37:12'),(277,1,194,143,36,3,20,20,'2015-03-13 09:47:19','2021-08-23 17:37:12'),(278,2,397,294,73,7,3,NULL,'2019-10-07 16:26:30','2021-08-23 17:42:43'),(279,1,230,170,42,4,26,8,'2012-03-02 09:00:23','2021-08-23 17:31:44'),(280,1,35,25,7,0,1,1,'2012-09-01 14:35:55','2021-08-23 17:37:12'),(281,1,167,123,31,3,48,17,'2017-10-27 08:45:17','2021-08-23 17:31:44'),(282,1,397,294,73,7,83,23,'2016-01-19 03:37:36','2021-08-23 17:31:44'),(283,2,353,261,65,6,5,NULL,'2021-06-09 00:19:34','2021-08-23 17:42:43'),(284,1,91,67,17,1,31,31,'2018-02-26 04:42:04','2021-08-23 17:37:12'),(285,1,353,261,65,6,65,7,'2017-12-04 07:41:33','2021-08-23 17:31:44'),(286,1,266,197,49,4,56,8,'2012-03-21 04:12:24','2021-08-23 17:31:44'),(287,2,381,282,70,7,38,NULL,'2014-11-21 16:36:42','2021-08-23 17:42:43'),(288,1,31,22,6,0,5,5,'2012-03-25 00:36:28','2021-08-23 17:37:12'),(289,2,147,108,27,2,18,NULL,'2019-08-26 18:41:54','2021-08-23 17:42:43'),(290,2,141,104,26,2,6,NULL,'2017-01-22 23:52:54','2021-08-23 17:42:43'),(291,2,91,67,17,1,79,NULL,'2012-12-11 19:04:52','2021-08-23 17:42:43'),(292,2,227,168,42,4,98,NULL,'2012-01-18 04:03:12','2021-08-23 17:42:43'),(293,2,156,115,29,2,63,NULL,'2016-01-31 02:11:31','2021-08-23 17:42:43'),(294,1,119,88,22,2,67,33,'2013-08-14 00:02:01','2021-08-23 17:31:44'),(295,2,350,259,65,6,59,NULL,'2015-06-01 22:17:41','2021-08-23 17:42:43'),(296,2,247,182,46,4,28,NULL,'2016-10-21 06:43:36','2021-08-23 17:42:43'),(297,2,239,177,44,4,98,NULL,'2018-02-17 12:10:07','2021-08-23 17:42:43'),(298,1,141,104,26,2,37,24,'2013-06-22 20:02:51','2021-08-23 17:31:44'),(299,2,160,118,30,2,11,NULL,'2017-08-07 05:28:59','2021-08-23 17:42:43'),(300,1,145,107,27,2,47,14,'2018-05-15 19:35:13','2021-08-23 17:31:44');
/*!40000 ALTER TABLE `advertisement_param` ENABLE KEYS */;
UNLOCK TABLES;

--
-- Table structure for table `advertisements`
--

DROP TABLE IF EXISTS `advertisements`;
/*!40101 SET @saved_cs_client     = @@character_set_client */;
/*!40101 SET character_set_client = utf8 */;
CREATE TABLE `advertisements` (
  `id` int(10) unsigned NOT NULL AUTO_INCREMENT,
  `title` varchar(255) COLLATE utf8mb4_unicode_ci NOT NULL,
  `price` decimal(11,2) DEFAULT NULL,
  `user_id` int(10) unsigned NOT NULL,
  `address` varchar(255) COLLATE utf8mb4_unicode_ci NOT NULL,
  `description` text COLLATE utf8mb4_unicode_ci DEFAULT NULL,
  `is_published` tinyint(1) DEFAULT 1,
  `is_archieved` tinyint(1) DEFAULT 0,
  `created_at` datetime DEFAULT current_timestamp(),
  `updated_at` datetime DEFAULT current_timestamp() ON UPDATE current_timestamp(),
  `country_id` int(10) unsigned DEFAULT NULL,
  `city_id` int(10) unsigned DEFAULT NULL,
  PRIMARY KEY (`id`),
  UNIQUE KEY `address` (`address`),
  KEY `advertisements_user_id_fk` (`user_id`),
  KEY `adverticsements_country_id_fk` (`country_id`),
  KEY `adverticements_city_id_fk` (`city_id`),
  CONSTRAINT `adverticements_city_id_fk` FOREIGN KEY (`city_id`) REFERENCES `cities` (`id`) ON DELETE SET NULL,
  CONSTRAINT `adverticsements_country_id_fk` FOREIGN KEY (`country_id`) REFERENCES `countries` (`id`) ON DELETE SET NULL,
  CONSTRAINT `advertisements_user_id_fk` FOREIGN KEY (`user_id`) REFERENCES `users` (`id`) ON DELETE CASCADE
) ENGINE=InnoDB AUTO_INCREMENT=301 DEFAULT CHARSET=utf8mb4 COLLATE=utf8mb4_unicode_ci;
/*!40101 SET character_set_client = @saved_cs_client */;

--
-- Dumping data for table `advertisements`
--

LOCK TABLES `advertisements` WRITE;
/*!40000 ALTER TABLE `advertisements` DISABLE KEYS */;
INSERT INTO `advertisements` VALUES (1,'Deserunt est atque nemo qui quia aliquid quia.',91271.16,70,'7338 Dooley Fall Suite 931\nWest Turnerborough, IL 25332','Autem nulla voluptas ad aliquam. Et illo nihil voluptatem non ipsa repudiandae. Dolor nemo quisquam et.',0,1,'2013-06-18 09:34:51','2021-09-01 09:30:28',6,17),(2,'Molestiae fuga atque amet dignissimos aut.',15000.00,40,'55313 Bruen Landing\nNew Ayana, MN 47929-0803','Non doloremque quibusdam alias voluptatem eos. Inventore maxime facilis omnis reprehenderit porro. Maxime aliquid ut facere iure rerum. Cum a at qui fugiat sed.',0,1,'2011-09-18 20:38:21','2021-09-01 09:30:28',6,50),(3,'Vero voluptate similique officia ut quis neque eos ut.',360897889.41,84,'171 Konopelski Loop Apt. 772\nStarkchester, MA 37972','Nesciunt ex maiores provident est eaque. Nam quia tenetur eveniet molestiae illum non et. Commodi quia non sequi nihil suscipit.',1,0,'2020-02-06 00:13:28','2021-09-01 09:30:28',10,100),(4,'Et suscipit consequatur accusamus eos accusantium dolor.',115799.78,7,'4282 Mante Springs Suite 020\nLake Rebekah, RI 53569','Cupiditate ducimus dolor quo quia. Qui expedita dolor fugit nobis labore quo quibusdam ut. Consequatur ipsam voluptatem deleniti placeat quod. Ipsum suscipit earum ullam qui rerum.',1,0,'2021-04-15 10:27:03','2021-09-01 09:30:28',31,47),(5,'Perferendis nam sapiente qui harum alias nobis qui.',15000.00,35,'30418 Iva Neck Suite 104\nFadelside, UT 84912-8762','Voluptas ea quis molestiae quia. Magni sint occaecati debitis autem nemo reiciendis. Id odit soluta voluptas voluptatibus sequi odio numquam. Et quis consequatur cum eaque alias veritatis facilis.',1,0,'2021-07-16 11:27:10','2021-09-01 09:30:28',26,35),(6,'Et nesciunt sequi quo aliquam culpa rerum.',15000.00,70,'91887 Pagac Locks\nMariannamouth, KY 51739','Quia dolor totam explicabo dolor quis. Rerum sed eos facilis explicabo et ullam. Molestiae adipisci deleniti ut corrupti consequatur ut consectetur. Eos odit dolor minus autem nihil voluptatem quidem.',1,0,'2017-10-25 15:53:49','2021-09-01 09:30:28',38,33),(7,'Expedita maxime ab ut nam voluptates.',15000.00,87,'36556 Jace Corners Apt. 959\nBarrowschester, WA 30958-4503','Distinctio sit numquam aut corporis est ab beatae. Accusamus nobis illum molestiae facere voluptatem consequatur nihil. Dignissimos ducimus cupiditate inventore facilis quisquam.',1,0,'2016-01-16 14:01:14','2021-09-01 09:30:28',9,62),(8,'Perferendis harum aperiam iusto quod sint laborum nisi incidunt.',48140.98,25,'48924 Ayana Cliff\nSchummberg, MA 70808','Qui vel quasi adipisci qui veniam molestiae. Repudiandae aut quia vero pariatur qui. Consequatur ab sit optio eos.',1,0,'2016-08-31 22:02:11','2021-09-01 09:30:28',33,7),(9,'Aliquam mollitia quo vero veniam.',15148.72,49,'99125 Deanna Circles\nArmstrongshire, AR 69332-1984','Velit culpa et consequatur dolore optio ex. Inventore et eum ab consequatur.',0,1,'2020-05-21 12:21:24','2021-09-01 09:30:28',37,52),(10,'Molestias id sequi inventore vero at.',46259.72,7,'02458 Maiya Roads\nNorth Orin, SD 94015','Explicabo qui eum nihil dolor dolorum nihil repellendus. Tempora dolores reprehenderit dicta placeat. Aliquid qui beatae velit sed. Doloremque dignissimos qui animi sit quas.',0,1,'2013-12-04 22:48:12','2021-09-01 09:30:28',86,37),(11,'Quod amet excepturi voluptas harum architecto praesentium molestias.',15015.86,85,'8930 Corene Groves\nGibsonmouth, HI 53876-5410','Eligendi vel aut quam quasi sit. Unde dignissimos quibusdam suscipit quia autem. Rerum est nihil ut unde provident. Numquam vero reprehenderit sint id sapiente perferendis laudantium.',1,0,'2016-08-04 00:51:58','2021-09-01 09:30:28',19,27),(12,'Unde praesentium ut nobis maxime.',15004.83,3,'461 Klocko Squares Suite 438\nLake Cristobalhaven, TN 27265-3382','Vero quaerat consequuntur adipisci dolorem possimus. Eaque aliquam quos totam et aliquam repudiandae. Enim iure consequatur reprehenderit atque sit excepturi.',1,0,'2017-10-23 15:54:19','2021-09-01 09:30:28',36,24),(13,'Voluptatem voluptatem odio labore nobis perspiciatis.',15016.05,65,'301 Kendall Well\nLehnerton, NY 81993','Magnam totam rerum est voluptatem sint nam aliquid. Nihil dolor quisquam provident autem corporis aspernatur. Dolor dolorem reprehenderit est error ut consequuntur.',1,0,'2019-07-25 02:33:27','2021-09-01 09:30:28',21,37),(14,'Est adipisci nihil cupiditate magni aut incidunt non.',15000.00,1,'15927 VonRueden Trace Suite 633\nEast Demond, AL 36686-0028','Officiis beatae praesentium modi est at harum. Quaerat odit omnis rerum a ut accusamus ut et.',1,0,'2018-10-22 02:24:47','2021-09-01 09:30:28',99,14),(15,'Exercitationem ut enim distinctio deleniti.',137736081.00,8,'202 Zelda Circles Suite 762\nEffertzmouth, NE 14688-8618','Consequatur laboriosam repudiandae at harum dolorum numquam. Sed atque aliquid neque neque explicabo. Fuga nemo rerum aut ipsam. Quia atque explicabo qui asperiores omnis et.',1,0,'2016-11-25 22:17:34','2021-09-01 09:30:28',31,59),(16,'Ab velit voluptatem eos.',862188.08,92,'145 Emie Key\nToneyview, NM 55385','Sed tempore voluptatum placeat tenetur et omnis necessitatibus. Dolores aut autem vitae perspiciatis ut.',1,0,'2015-05-22 19:32:58','2021-09-01 09:30:28',58,53),(17,'Minima omnis aperiam dolor doloribus consequatur voluptatem atque ut.',15600.39,29,'51688 Josiane Corners Apt. 241\nPort Katlynnmouth, NE 99864','Sunt veniam blanditiis ut est. Sequi quo quisquam aut qui esse cum et. Et ut alias nesciunt cumque suscipit itaque optio harum. Veniam expedita repellendus provident sit.',1,0,'2018-09-17 04:55:49','2021-09-01 09:30:28',94,85),(18,'Nobis sed beatae et ut sunt maiores architecto maiores.',14286.23,25,'99028 Kris Port Apt. 898\nLake Stan, MN 91366','Error eius voluptas incidunt consectetur quibusdam ratione perferendis. Vitae nam repudiandae ut adipisci nulla autem vitae. Ducimus perferendis possimus expedita corporis qui rerum velit. Doloribus reprehenderit ipsum odit rerum tempore optio.',0,1,'2018-11-20 11:39:25','2021-09-01 09:30:28',98,69),(19,'Modi debitis in ipsum distinctio repudiandae id minima reprehenderit.',10386.54,81,'6953 Mann Plains Apt. 588\nGoyetteport, CA 83787-2682','Similique et iure impedit ab eos et. Repudiandae aut animi tenetur quis.',0,1,'2020-04-24 04:19:37','2021-09-01 09:30:28',7,87),(20,'Commodi recusandae laborum optio possimus.',793145.62,57,'408 Josefa Alley\nWest Chelsea, FL 08690-4540','Corrupti ut explicabo voluptatem aperiam et. Est autem laborum accusamus tempora qui dolorem voluptatem placeat. Omnis quis consequatur eaque voluptates numquam. Aut sit at eaque excepturi.',0,1,'2016-01-26 12:47:56','2021-09-01 09:30:28',39,30),(21,'Deserunt itaque unde accusamus iure necessitatibus quibusdam.',57766420.92,10,'966 Mante Ford\nKovacekberg, IA 02160-8320','Nostrum dignissimos consectetur voluptatem nihil distinctio. Vitae atque eaque expedita expedita dolor. Incidunt aut ea odio et qui aut quia. Quia rerum sed sed maxime voluptatem et dolorum.',1,0,'2011-12-26 05:40:04','2021-09-01 09:30:28',73,88),(22,'Sit labore harum quia cumque.',2954542.37,32,'6819 Patricia Orchard Suite 352\nWest Maribel, IL 08078','Porro officia ratione nobis incidunt ducimus. Ipsum voluptatem molestiae tenetur vel ea. Et non iste rem id ut.',0,1,'2016-12-30 21:04:30','2021-09-01 09:30:28',48,48),(23,'Ut sit qui quibusdam ratione sint.',62911035.02,18,'49135 Sandrine Isle Apt. 011\nSouth Rolando, OR 91660','Provident voluptatum maiores fuga nobis omnis. Aut iure doloribus laborum sapiente repellat totam voluptas at. Corrupti vel nemo consequatur eligendi odit. Tempore voluptas sapiente eum ut impedit.',1,0,'2014-06-30 17:57:59','2021-09-01 09:30:28',19,78),(24,'Doloremque odit dicta est sit temporibus nobis.',1677299.08,11,'665 Connelly Cape Suite 274\nConnellystad, AR 19559','Enim ut accusantium in. In consectetur ipsa eos asperiores consequatur accusamus quasi et. Qui omnis et enim omnis.',0,1,'2021-02-08 02:08:42','2021-09-01 09:30:28',50,44),(25,'Nulla nisi animi quae.',271161.35,100,'003 Cormier Common\nFadelport, CO 16580-1294','Accusantium sunt id ducimus eum consequuntur maiores consequatur. Ab natus numquam ut iusto consequatur sequi alias. Non odit asperiores qui ut sit culpa.',1,0,'2012-01-15 09:39:17','2021-09-01 09:30:28',96,85),(26,'Qui repellendus quibusdam quis.',3044719.93,38,'31281 Skiles Haven\nGiovannaton, WY 59708','Dolor ipsam unde rerum velit. Et laborum aut suscipit et laudantium debitis quis. Quisquam eveniet sint quisquam fugit.',1,0,'2011-09-29 05:59:32','2021-09-01 09:30:28',26,93),(27,'Inventore et et animi natus.',286628.73,82,'8447 Stanton Fall Apt. 866\nLondonshire, NY 79970','Facilis est animi dolor ab quia sint consectetur. Modi aut nulla minus. Voluptatum exercitationem quasi doloremque. Veniam repellat maiores aut ad aut velit. Iste est enim corporis numquam sed natus quod.',1,0,'2017-10-22 03:53:19','2021-09-01 09:30:28',42,11),(28,'Quo atque eius dolores cumque nihil ullam.',353525459.38,3,'64944 Swaniawski Alley\nKenyattaview, WA 70838-8465','Quis aperiam magni vitae numquam voluptates sunt odio nobis. Et sed tempore veniam nisi sint maiores cum. Quia ut doloribus rerum omnis nihil ad velit ad. Quam velit qui voluptatem nostrum dolorem numquam sapiente.',1,0,'2017-01-04 00:27:43','2021-09-01 09:30:28',34,74),(29,'Rerum consectetur id rerum.',107224518.18,93,'8144 Carter Landing Suite 932\nLake Toney, ME 03625','Non eligendi cupiditate voluptas repellat enim quo. Iusto voluptas voluptatem quia rerum quisquam. Rerum harum iusto et nihil iusto et. Magni quia enim maxime veniam non distinctio cumque. Doloribus odit ut itaque aut sed ipsam ut.',1,0,'2013-07-11 04:06:03','2021-09-01 09:30:28',42,35),(30,'Ut consequatur est quo velit neque ut.',15019.86,20,'9166 Cronin Flats\nWest Dejafort, GA 88867','Rerum optio culpa omnis. Numquam id aut magnam. Harum nemo ea non sint. Quia rerum at aspernatur non.',1,0,'2017-02-25 07:08:48','2021-09-01 09:30:28',7,52),(31,'Sunt dignissimos quae cumque alias ut debitis.',15000.43,40,'09313 Koss Pike\nBrycenland, OK 19597-5032','Nihil vel esse fugit hic. Autem sit repudiandae sunt natus earum eos. Sapiente optio est nobis ratione dolore.',0,1,'2018-02-11 11:37:18','2021-09-01 09:30:28',11,57),(32,'Sequi accusantium qui inventore ut consequuntur sit.',15001.95,62,'23766 Larson Skyway Suite 415\nShaniaview, ID 18076','Repellat ut nisi voluptatem. Distinctio dolorem hic quasi mollitia voluptatibus eius. Velit ratione ut mollitia deserunt ipsa ut rem. Consequuntur fuga quis eligendi accusamus impedit qui et.',0,1,'2016-06-08 13:25:49','2021-09-01 09:30:28',31,27),(33,'Aperiam et et quo maiores ut.',15000.71,23,'64659 Mable Meadow\nCassinshire, VT 70265','Et quia consequatur quia voluptate autem aspernatur quibusdam illo. Ut nihil laborum consectetur excepturi debitis excepturi. Necessitatibus quam quo quas officia vel voluptatum ea.',0,1,'2018-06-15 04:54:42','2021-09-01 09:30:28',22,63),(34,'Quis consectetur cumque et pariatur iusto ut et.',1134421.06,9,'6168 Abbey Oval\nNorth Pierre, NV 60161','Est autem ea sequi molestias rem. Voluptatem non et rerum optio quia.',0,1,'2021-01-16 09:36:40','2021-09-01 09:30:28',18,36),(35,'Exercitationem quasi nesciunt eaque odit molestias unde.',24304060.91,99,'568 Jones Center Apt. 654\nNew Ivamouth, MN 39149-2281','Rem harum non molestiae nisi nulla. Est voluptatibus dignissimos veritatis officia enim quisquam id. Accusantium tempore enim ut tenetur quia.',1,0,'2017-06-20 05:25:59','2021-09-01 09:30:28',21,89),(36,'Aspernatur distinctio quos omnis eius commodi ducimus unde.',15000.00,87,'9097 Coleman Manors Apt. 849\nPort Roxaneland, CT 37770-6378','Dolorum ratione aperiam quia tempora ipsam architecto. Non numquam ab consequatur laboriosam iure. Autem repellendus cumque dignissimos magnam velit ut nisi. Nam necessitatibus et numquam quidem voluptatem aspernatur et.',0,1,'2012-05-30 07:26:53','2021-09-01 09:30:28',53,38),(37,'Quis ut temporibus fuga minima sunt velit architecto.',15276.00,26,'1744 Powlowski Burg\nEast Cyrusville, SC 63466','Quam fugiat in cumque repellendus. Aut qui quia non et non. Consequatur expedita accusamus exercitationem qui nobis maiores. Quas vel unde ex delectus nihil.',0,1,'2019-08-21 18:29:22','2021-09-01 09:30:28',1,23),(38,'Et quas tempora sit debitis modi consequuntur esse.',69231.62,3,'7058 Koelpin Isle\nNew Dinotown, OK 07445','Dolorem porro natus non rerum qui voluptatem autem. Adipisci et culpa quasi dolorum labore ipsa dolorem. Consectetur recusandae voluptatum rerum eos sint. Dolorem asperiores error commodi quae nemo.',1,0,'2018-07-13 13:40:30','2021-09-01 09:30:28',46,1),(39,'Hic id incidunt exercitationem quos.',91546515.70,97,'233 Ortiz Camp Apt. 780\nNickolasborough, TN 75134','Facilis corporis illum quaerat quis omnis. Quasi cum ut laudantium velit quaerat. Sit voluptatem suscipit itaque omnis sit non placeat et. Eum eum corrupti exercitationem esse et quas aut.',0,1,'2016-01-11 14:08:39','2021-09-01 09:30:28',27,33),(40,'Quia sit enim magnam est.',15179.02,10,'3284 Tavares Shores\nPort Bernice, IN 53808-3650','Voluptas suscipit saepe adipisci commodi consequatur blanditiis et. Aliquid nam officia ea voluptatem incidunt totam voluptas. Quos voluptatum sit aut qui inventore. Itaque et repellat et ducimus sunt. Porro nisi et debitis et blanditiis.',1,0,'2015-03-07 18:55:43','2021-09-01 09:30:28',97,61),(41,'Debitis sed culpa neque ullam eaque et assumenda.',56647.50,7,'9956 Grant Inlet\nSouth Carybury, ND 69814-1720','Neque maxime aliquid natus quia. Molestiae ut fugit est aperiam est. Voluptas accusantium qui possimus eum quam totam rerum. Cum ratione eaque quia ratione debitis cupiditate voluptatem aliquid.',1,0,'2013-02-20 20:02:09','2021-09-01 09:30:28',2,5),(42,'Placeat quia ipsam fugit autem eligendi.',15266.00,4,'3764 Abernathy Mountains Suite 475\nEast Otis, MO 85618','Magni aut dignissimos dignissimos repellat fugiat in. Quis nihil ab deserunt culpa culpa. Quis ex est error dolorem autem totam veritatis. Iure dicta quos dolor hic omnis maiores.',0,1,'2017-04-13 20:01:18','2021-09-01 09:30:28',17,41),(43,'Voluptatibus occaecati atque id error commodi ea.',654061.52,20,'36417 Johnson Hill Apt. 074\nLake Colten, AZ 72427-8977','Et modi deleniti cumque sed. Ut quia quia voluptatibus est enim odio. Placeat quo eveniet et dolore officiis.',0,1,'2015-10-17 01:08:00','2021-09-01 09:30:28',81,92),(44,'Et quo ut distinctio minus fugiat.',609575489.75,79,'59848 Hilpert Unions Suite 036\nPurdystad, GA 52731-0680','Voluptatem perspiciatis corporis est dolorem. Sunt sed eos molestias sint accusantium. Beatae distinctio velit tempore dolorum qui dolores.',1,0,'2015-11-01 11:07:26','2021-09-01 09:30:28',53,36),(45,'Voluptas quisquam et deleniti impedit.',44211007.01,97,'59412 Nolan Rapid\nRitchiefort, TN 66883-9792','Qui tenetur eveniet est illo rerum molestiae quo. Quia excepturi et sint at. Qui necessitatibus ipsam minima ut repellat nemo ut.',1,0,'2015-02-03 09:56:20','2021-09-01 09:30:28',22,4),(46,'Cum voluptatibus commodi reiciendis aut ab sed modi.',15073.70,32,'50730 Barrett Ramp\nNew Lorenz, MS 41753','Rerum ipsam atque in et pariatur. Ut dolorem aut quas est laboriosam quae sed. Enim modi ut vel facere placeat. Magni sapiente animi impedit quasi quis omnis.',1,0,'2013-07-14 11:58:14','2021-09-01 09:30:28',49,9),(47,'Et sit similique dolores optio et optio.',15000.00,87,'19584 Werner Creek\nEast Tania, MT 67493','Mollitia amet at doloribus minus dolorum. Labore ut dolorem facilis aut voluptates quia. Earum qui eveniet tempora.',0,1,'2016-08-31 01:42:28','2021-09-01 09:30:28',78,35),(48,'Saepe totam fugit consequatur.',4748209.40,11,'722 Fausto Lane Apt. 857\nWest Malindamouth, KS 78979','Id assumenda atque qui consequatur corrupti inventore nihil. Facilis odio numquam ut ut ea dolorem quod. Ea repudiandae molestiae est in qui.',1,0,'2019-01-04 18:09:54','2021-09-01 09:30:28',42,46),(49,'Doloremque aut quia cupiditate illo.',24170.00,64,'727 Giovanna Pines Suite 306\nShemarmouth, WV 40062','Ducimus aut possimus et quia quis. Et iusto ratione hic recusandae sit voluptas esse aut. Alias modi hic facere et consequatur hic. At ut ipsam quis.',1,0,'2012-12-21 18:48:23','2021-09-01 09:30:28',78,25),(50,'Distinctio nemo eum itaque distinctio aut similique autem.',15490.89,41,'646 Enrico Way Suite 433\nLake Patriciashire, PA 62002-3907','Eos in et sit voluptatem quia enim. Est nam eaque dolorum iure et doloribus. Rem in unde impedit est modi.',1,0,'2014-11-13 22:41:13','2021-09-01 09:30:28',62,88),(51,'Numquam provident architecto consectetur aut placeat.',132649.09,78,'2521 Melyssa Circles Apt. 371\nLurlinetown, GA 00362','Laborum velit quod quos eum. Vel ducimus ducimus id non qui omnis. Accusamus facilis doloremque sit.',0,1,'2012-04-20 16:21:28','2021-09-01 09:30:28',76,62),(52,'Enim qui magni modi qui.',15000.00,92,'83288 Cortney Crossing\nFunkview, MN 37717','Earum at ipsa distinctio vel corrupti quos repellendus. Quia reiciendis aliquam vel placeat. Qui est et quia et aliquam consequatur omnis. Consequatur facere ex vitae accusamus odit beatae nemo. Exercitationem ad magnam nesciunt aut qui ut officia amet.',0,1,'2015-09-07 12:00:53','2021-09-01 09:30:28',93,46),(53,'A in iure ducimus rerum voluptas.',15514.20,95,'44050 Lavinia Lock\nOberbrunnerchester, CT 28936','Non sapiente omnis adipisci mollitia. Illo quia ullam amet et dolor alias labore numquam. Libero hic officiis inventore modi. Odio quisquam rerum aut dolorem voluptas voluptates consequatur.',0,1,'2014-08-04 02:47:18','2021-09-01 09:30:28',36,44),(54,'Quas delectus voluptatem recusandae sequi fugiat.',28440.77,37,'042 Granville River Suite 081\nSouth Stone, CT 84047','Autem iusto odit provident quo omnis. Vel ipsa nihil impedit sed quibusdam necessitatibus sapiente. Culpa magnam aut ipsam perspiciatis ratione. Aut ducimus laudantium cumque nesciunt quis in.',1,0,'2019-01-01 17:16:48','2021-09-01 09:30:28',1,80),(55,'Illum velit et doloribus qui.',15000.00,99,'6497 Deion Light Apt. 307\nSouth Rahsaan, ND 75223','Et sed tempore et dolores cum provident. Velit voluptas sed praesentium qui quae eveniet qui. Quaerat doloribus et et.',0,1,'2017-01-20 13:49:40','2021-09-01 09:30:28',97,69),(56,'Vitae ut autem eos reprehenderit neque exercitationem illo.',15000.00,99,'4893 Greenholt Burg Apt. 373\nNew Erna, CO 86422-4990','Praesentium amet in voluptas et sit maiores repellat. Voluptas tempore aut nesciunt delectus dolorem porro tempora autem. Asperiores dolorem nobis dignissimos sed voluptates id. Blanditiis omnis sit voluptatem molestiae soluta dolorem placeat.',1,0,'2017-11-20 17:30:48','2021-09-01 09:30:28',81,3),(57,'Impedit facilis sit repellat impedit ut aut.',15065.80,2,'052 Bernardo Overpass\nKyleville, MA 87496-0255','Porro magnam aliquid hic animi. Et consequatur ipsa alias corporis nisi distinctio minima voluptates. Facere a nihil pariatur autem recusandae molestias dolore. Laboriosam praesentium veniam eum autem qui eveniet ipsa aut.',0,1,'2020-09-15 21:13:56','2021-09-01 09:30:28',15,6),(58,'Nobis veniam autem est aperiam asperiores quisquam magni.',15001.97,14,'667 Chester Isle Apt. 861\nRusstown, IN 67898','Rerum sint quisquam libero consequatur assumenda. Animi qui tempore sapiente eum. Quia repudiandae necessitatibus quis. Saepe id asperiores qui quaerat quia repellendus. Voluptatum ex odio quisquam.',0,1,'2014-03-06 22:38:42','2021-09-01 09:30:28',32,24),(59,'Tempore ipsum voluptatum dignissimos officia optio voluptas esse.',15004.91,84,'4656 Stoltenberg Brooks Apt. 430\nTyriquefort, HI 60323-2314','Voluptatem nam veniam soluta perferendis. Est voluptatem eum dolores sit ut. Voluptas labore eveniet possimus optio doloribus.',0,1,'2016-02-19 04:29:39','2021-09-01 09:30:28',12,98),(60,'Ab modi saepe reprehenderit ut dolor reprehenderit quae.',60844183.30,6,'042 Kerluke Mill Apt. 054\nRauville, MI 06600-8021','Quia fugit sit molestiae quam eaque deleniti ipsum. Libero nesciunt aut reiciendis eum nihil. Sunt ad voluptas assumenda consectetur distinctio. Nihil aut velit magni distinctio rerum consequuntur.',1,0,'2017-06-23 08:57:35','2021-09-01 09:30:28',66,20),(61,'Quod accusantium magni unde molestiae excepturi eius voluptatem.',28613222.00,45,'805 Quigley Court Suite 588\nLake Alphonso, NJ 39838','Non dicta illum necessitatibus eligendi. Fuga culpa et aut eos id magni. Ipsam est tenetur et ut hic atque. Dolore aut vel velit esse voluptatem tempore.',0,1,'2015-03-09 21:22:53','2021-09-01 09:30:28',92,4),(62,'Eius nesciunt ut vero illo est similique et.',15827.89,55,'60259 Gaylord Stream\nRockyside, UT 33243-9737','Qui unde quidem accusamus est et est et. A nostrum dolores dolores voluptatem cum est. Qui voluptatem et aliquid est molestias incidunt harum ea. Reiciendis voluptatem est magni vero earum repellat.',0,1,'2014-07-20 23:11:26','2021-09-01 09:30:28',61,59),(63,'Unde a consequatur rem labore modi excepturi aut.',18129.90,31,'250 Williamson Vista Suite 410\nNew Trevionborough, SC 73404','Sunt distinctio molestiae cum quis. Eaque consectetur occaecati enim sapiente quibusdam incidunt dolorum.',0,1,'2014-12-23 04:48:54','2021-09-01 09:30:28',29,82),(64,'Est corrupti expedita officia nihil velit dolor magnam accusantium.',15511.01,3,'2684 Enola Extension\nSouth Martintown, VA 92399','Magnam ut similique pariatur odit ut. Ipsum voluptatem iste ex magnam. Sint aut eligendi commodi iste laborum.',1,0,'2012-06-08 15:43:50','2021-09-01 09:30:28',63,34),(65,'Adipisci officiis consequatur consequuntur consequatur modi.',15000.25,77,'182 Wiegand Plains Apt. 803\nEast Kendrickchester, VT 53147','Voluptatem esse nam eum maxime. Sit consequuntur ea ab iusto omnis. Consectetur dolores quia qui sunt.',0,1,'2014-02-10 15:51:00','2021-09-01 09:30:28',25,24),(66,'Dolore repellendus sed accusantium corrupti.',386035.00,41,'41427 Stracke Locks\nChristopborough, NE 79486-1468','Reprehenderit architecto omnis et laborum illum. Ut deserunt aut autem autem modi aut minus. Repellendus cupiditate ut illo reiciendis distinctio veniam sapiente. Facilis fuga tenetur et eos odio aut.',1,0,'2016-06-04 12:41:05','2021-09-01 09:30:28',38,19),(67,'Non aut animi recusandae et reprehenderit qui.',15001.23,98,'92457 Pfannerstill Vista\nHagenesbury, WY 38512','Consectetur voluptates eum voluptate perspiciatis. Et totam autem qui aliquid officia. Qui distinctio aut necessitatibus illum qui.',1,0,'2015-01-10 05:36:19','2021-09-01 09:30:28',11,20),(68,'Et et distinctio consequatur dolor illum.',15000.00,92,'174 Arthur Gateway Apt. 968\nMarilynetown, AL 51598','Et in natus iure quam atque corrupti. Et minima tempore tempora nam maiores qui. Earum eos omnis odio aut. Qui quod sit rerum harum error necessitatibus. Accusantium dolores voluptate facere itaque veritatis.',0,1,'2017-04-08 08:30:12','2021-09-01 09:30:28',44,42),(69,'Voluptate fuga et illo et ut et neque ut.',15962.22,56,'48469 Mills Isle\nNew Jeffery, ND 43876-2000','Ipsa et asperiores atque reprehenderit eius. Distinctio ea nisi sit amet dignissimos. Pariatur nihil eius laudantium rerum eligendi. Quae aperiam repudiandae ipsum sint quia voluptas doloremque.',1,0,'2013-11-15 11:35:26','2021-09-01 09:30:28',86,50),(70,'Dolorem unde rem et.',15001.00,61,'766 Ken Radial Apt. 925\nPort Trystanside, HI 79102','Debitis vel magnam possimus ut est. Sint deserunt sunt inventore laudantium. Velit similique libero non qui ut. Voluptatem fuga rem magni nam.',0,1,'2014-10-30 12:05:43','2021-09-01 09:30:28',97,23),(71,'Ad molestiae sunt nemo placeat et quo.',15003.58,45,'062 Ariel Square\nEast Asha, IL 94936','Cumque harum officiis recusandae molestiae. Expedita eius sed dolore sunt ea. Eius mollitia error voluptas voluptas nam. Dignissimos et sed sed optio impedit ex.',0,1,'2021-05-14 18:21:23','2021-09-01 09:30:28',27,66),(72,'Quas et qui beatae dolorem.',1343324.90,99,'40697 Myrtie Viaduct Apt. 340\nAlessandroville, WI 28230-7938','Incidunt qui aut ipsa saepe ipsum dolorem est. Ab doloremque odit facere laudantium dolorem sunt est. Dicta amet velit voluptatem magni suscipit. Sed similique dolores ut dolores animi nesciunt.',1,0,'2014-08-13 21:44:49','2021-09-01 09:30:28',45,61),(73,'Recusandae similique quo asperiores quibusdam.',15002.00,25,'402 Armstrong Freeway Apt. 664\nBrakuschester, CO 26910','Sed exercitationem sunt reprehenderit et. Non omnis asperiores cupiditate et. Quo beatae dolorum quia voluptatum nulla.',1,0,'2012-03-08 09:23:50','2021-09-01 09:30:28',42,5),(74,'Quo itaque non distinctio sit distinctio.',19232.40,54,'0640 Andreanne Orchard Suite 363\nHanehaven, MI 46439','Odio quia inventore est molestiae quidem ducimus. Quam eum quam animi libero sit et. Maiores laudantium est maiores dignissimos fugit tempora labore totam.',0,1,'2021-02-13 09:58:02','2021-09-01 09:30:28',76,43),(75,'Ipsum earum porro quam nihil aut.',15000.00,79,'8578 Kessler Mountain\nWest Jaydon, MO 71781','Dicta et sit non et atque qui. Amet cupiditate modi vero ad aut et saepe ex. Explicabo consequatur eum similique cumque est incidunt id. Est perferendis molestiae quo consequuntur nam deserunt.',1,0,'2018-05-30 06:57:50','2021-09-01 09:30:28',52,97),(76,'Sit magnam architecto consectetur rerum.',15002.83,16,'2187 Kaya Squares Apt. 643\nEast Austynborough, MD 19204','Dolore necessitatibus culpa totam ut voluptatem. Veritatis fugiat exercitationem ab facere. Aliquid aperiam pariatur aut ea non repellat.',0,1,'2018-07-27 13:10:57','2021-09-01 09:30:28',32,56),(77,'Vitae voluptatem quo aliquam iste quisquam voluptatem consequatur.',85645.60,13,'5812 Kristina Landing\nSouth Zack, NC 18469','Possimus explicabo tenetur sapiente. Earum corrupti laboriosam et sint. Sed perspiciatis quis praesentium quis non.',1,0,'2012-09-10 06:48:30','2021-09-01 09:30:28',6,87),(78,'Dignissimos quia esse omnis aperiam nam laboriosam.',15032.21,14,'03627 Cicero Mill\nEast Keaganport, SD 64816-0125','In corporis consequuntur dicta ea animi. Qui quis dignissimos esse ratione quod id iusto. Corporis deserunt adipisci iure nobis et.',0,1,'2012-07-07 03:51:55','2021-09-01 09:30:28',30,69),(79,'Suscipit eius omnis velit dignissimos et.',83422109.48,29,'24418 Clifford Shoal Apt. 872\nAnnabelfurt, AK 02688-7492','Ut sed error harum praesentium nostrum. Deserunt autem incidunt error ad. Quibusdam consequatur odio dolore. Fugiat omnis est earum.',1,0,'2018-08-21 16:19:47','2021-09-01 09:30:28',31,81),(80,'Et fugit sapiente sint et est fugit quia.',16369.00,41,'0175 Grimes Rest Suite 699\nMedaville, IN 53931','Sapiente blanditiis sit quae praesentium aperiam fuga omnis. Qui facilis ratione consequatur distinctio quia.',1,0,'2013-04-15 17:49:32','2021-09-01 09:30:28',67,100),(81,'Minima quidem ipsa quis sint in vel.',6929332.75,54,'8813 Hirthe Estate Suite 788\nManuelafort, IL 51973-8422','Id et exercitationem perspiciatis harum veritatis molestias sapiente. Tenetur aut numquam quia enim rerum. Quia nam vel rerum harum quas non. Esse autem ipsam enim quos quibusdam qui sapiente suscipit.',0,1,'2013-02-25 19:23:11','2021-09-01 09:30:28',42,54),(82,'Ipsam cumque asperiores tenetur quia itaque voluptates ipsa numquam.',15627.54,50,'4021 Balistreri Extensions Apt. 452\nColeview, DE 39597-1833','Vel est aliquam excepturi quos enim quae enim. Ipsam doloremque omnis atque eius. Maxime quod dolorum voluptatibus.',1,0,'2012-06-04 16:15:26','2021-09-01 09:30:28',6,73),(83,'Sequi quo eius distinctio et ipsum quo est tempore.',15005.00,57,'807 Lizeth Turnpike\nEast Desiree, ND 04756-9645','Quibusdam nisi non reiciendis explicabo molestiae corporis rerum. Tenetur voluptas enim rerum ea eveniet dicta doloremque dolorem. Rerum est odio ipsam error repellat. Molestiae et dolores voluptatibus. Quidem dolor ut veniam eius adipisci.',1,0,'2017-05-07 08:09:55','2021-09-01 09:30:28',6,100),(84,'Sit doloremque autem sint rerum quia.',250411744.22,20,'476 Giovanna Turnpike\nEliasberg, KY 34941','Molestias quas aut sed ipsam mollitia. Optio et ipsa occaecati molestiae reiciendis. Quas natus debitis facere est unde. Eum reiciendis quibusdam voluptas culpa sapiente veritatis consequatur.',0,1,'2012-11-29 05:37:10','2021-09-01 09:30:28',12,79),(85,'Fugiat inventore nihil nulla quidem neque sapiente a.',15000.80,90,'52511 Kozey Motorway Suite 018\nLake Ludwig, IA 34297','Culpa doloribus quae doloribus vero vero asperiores et. Non deleniti iure hic iste voluptatem quisquam.',1,0,'2018-03-22 06:48:10','2021-09-01 09:30:28',40,97),(86,'Quo sit illo et est.',1065564.65,31,'97579 Mraz Port\nBoscomouth, KY 79513-1236','Facilis non consequatur omnis ut qui perspiciatis distinctio. Omnis non quisquam enim adipisci molestias. Atque magnam et ut ea sed.',0,1,'2015-06-09 18:40:42','2021-09-01 09:30:28',64,47),(87,'Sunt nostrum sint exercitationem voluptas reprehenderit ut fugit.',5910337.80,14,'4237 Meta Garden Apt. 251\nNorth Alba, CO 47383-6588','Aut quia nihil architecto magni accusamus. Et quis possimus quo sequi quia modi itaque. Quidem molestiae sint eum iste non. Perferendis autem quia aut qui.',0,1,'2012-01-27 00:40:52','2021-09-01 09:30:28',98,43),(88,'Quod est quas sit omnis quos ratione.',1140801.38,87,'9371 Spinka Center\nLake Maryjaneland, SC 74178','In nostrum quam quo aut temporibus. Et et maiores et rerum.',1,0,'2019-05-09 18:47:07','2021-09-01 09:30:28',97,74),(89,'Aspernatur maiores veritatis nam quo asperiores dicta iusto.',15004.00,68,'8480 Drake Ville\nMorissetteborough, CO 17756','Et aut nam nihil ad explicabo fuga. Doloribus ullam aut excepturi nobis illo est. Iure libero dolorem soluta quam. Blanditiis eum nulla id odit beatae necessitatibus accusantium totam. Ipsam itaque quisquam vel.',0,1,'2018-01-12 19:17:22','2021-09-01 09:30:28',92,41),(90,'Ut quo illo quam similique vel harum ea.',44652200.82,51,'889 Austin Prairie Suite 769\nWest Iva, NJ 39013-4365','Error voluptatem atque sed deserunt. Ab soluta et sed ut temporibus molestiae. Explicabo cumque qui itaque aperiam molestiae occaecati. Amet facilis amet est dolores nemo corporis molestias velit.',1,0,'2015-04-14 09:30:50','2021-09-01 09:30:28',66,80),(91,'Odio dolorem quia facere ex.',432374.40,14,'212 Guy Fork\nMontyhaven, DC 36577-5801','Sunt et magnam iste ea temporibus. Illo et aut necessitatibus nihil earum. Aut velit non voluptatem et vel dolorem optio.',1,0,'2020-04-12 22:22:26','2021-09-01 09:30:28',56,78),(92,'Saepe qui ad sed odit aut.',15000.00,89,'958 Spencer Mall\nNorth Audreyshire, ND 55136-3200','Dignissimos laudantium omnis quo sint facere nobis iste iusto. Aut fugiat quibusdam quidem fugit inventore suscipit. Quo ab sequi aut qui ullam et voluptate. Magnam neque quod atque hic velit tenetur.',1,0,'2011-10-27 03:29:52','2021-09-01 09:30:28',81,48),(93,'Earum dolor quia molestias voluptatem.',15000.00,74,'2485 Amira Cove\nWilburnborough, WI 61401-9144','Fugit quo esse amet est est iusto sit. Sed est nihil autem labore. Et quis vero amet voluptatibus magni et in.',0,1,'2021-02-25 10:12:50','2021-09-01 09:30:28',36,8),(94,'Id numquam est et ut distinctio.',15843.00,79,'2145 Sophia Spurs Suite 058\nDarrylbury, IL 58810-0412','Aliquam natus maxime veniam labore quis libero voluptatem. Ratione omnis aut quia. Aperiam aut porro dolorem neque excepturi vel vel.',1,0,'2017-09-12 00:20:05','2021-09-01 09:30:28',35,94),(95,'Cumque tempore quam illum non iusto eum magni.',30568.03,29,'42952 Ward Cliff\nCronaport, RI 02944-4585','Eum molestiae accusamus magnam maxime distinctio culpa exercitationem. Voluptas eaque et a quaerat facere pariatur sed. Nobis expedita reprehenderit voluptas occaecati et et cupiditate. Distinctio eaque tempore sit mollitia magnam eius.',0,1,'2021-05-05 04:43:21','2021-09-01 09:30:28',66,46),(96,'Assumenda aut ipsum nam rerum suscipit.',15003.25,81,'60880 Dimitri Roads\nAuerberg, NH 29759-1133','Aliquam repellat atque non. Illum nihil et et cumque qui rerum. Ut autem earum architecto qui.',1,0,'2016-05-05 09:56:20','2021-09-01 09:30:28',28,47),(97,'Nam eaque qui placeat.',451971.85,85,'71516 Angelo Mews Apt. 305\nHectorland, NE 73154-9678','Aut voluptas at nemo quis. Dignissimos veniam sint quia non neque. Nihil dolores corrupti aut voluptatibus dicta.',1,0,'2016-01-12 19:52:31','2021-09-01 09:30:28',38,98),(98,'Sit qui fugit eum.',15282.40,9,'2838 Mayer Radial\nLittletown, PA 78049','Doloremque ex voluptates facilis in magni. Placeat dicta est in sed. Quae rerum nam voluptas consectetur. Officiis fugit et et ut.',0,1,'2013-01-27 07:09:27','2021-09-01 09:30:28',7,46),(99,'Quibusdam omnis ab ipsam dolores minus dolor totam.',60897.60,49,'5836 Willow Turnpike\nLake Gailmouth, NE 56207-2913','Earum expedita id soluta deleniti eum. Quis fugit maiores qui quisquam commodi dolore architecto. Nulla at id voluptas saepe. Nesciunt ex ut hic repudiandae natus id reprehenderit.',1,0,'2020-09-18 11:50:48','2021-09-01 09:30:28',22,35),(100,'Eum sit totam et quam placeat voluptatum ut.',12874497.95,88,'1931 Reilly Walks Suite 283\nChanelberg, NE 89634','Aut ea non totam aliquam rem. Nobis quod quaerat consequatur vitae dolores enim magnam vero. Omnis repellat vel nihil voluptatem fuga natus omnis.',0,1,'2014-06-07 11:53:07','2021-09-01 09:30:28',86,38),(101,'Pariatur excepturi alias eos non impedit consequatur qui.',3508212.94,11,'5735 Kessler Lane\nMohrton, RI 37912','In architecto dolore doloribus magnam similique sequi nihil. Recusandae nihil est maiores quod omnis asperiores expedita. Quasi doloribus dolorum tenetur ex. Aut ut ipsum debitis quae qui vel nemo.',0,1,'2016-05-10 01:40:16','2021-09-01 09:30:28',63,83),(102,'Eos ex ea quibusdam aut vel et laborum debitis.',91150.79,42,'2408 Maggie Keys\nHoegerview, AR 18551','Ea corrupti rerum est dolorum labore magnam dolores. Consequatur ex rerum illo. Doloremque rerum placeat consectetur sed qui velit voluptatem. Unde voluptatibus architecto aut.',1,0,'2013-08-30 14:19:05','2021-09-01 09:30:28',58,2),(103,'Debitis eius ipsum numquam inventore quo adipisci perspiciatis.',15000.00,86,'370 Bruce Overpass\nNicolasfort, KY 39925-9937','Asperiores similique molestiae quae impedit. Autem ducimus quod nam provident vel adipisci. Necessitatibus consectetur eum omnis ducimus velit fugiat mollitia.',0,1,'2020-05-14 10:04:47','2021-09-01 09:30:28',2,61),(104,'Non aperiam repellendus iste sit itaque itaque voluptate.',261871.90,31,'84726 Larson Trail\nLake Domenicoborough, HI 12138','Dolores corrupti voluptatem reprehenderit. Quia assumenda velit eius dolores.',0,1,'2017-03-08 12:09:06','2021-09-01 09:30:28',33,98),(105,'Nisi modi nostrum ipsam voluptatum commodi.',15002.33,70,'528 Koch Mountain\nPattieburgh, WI 30111','Eveniet quis omnis eum alias reprehenderit esse. Et necessitatibus sed rerum harum tempore suscipit aliquam. Temporibus cupiditate quos rerum perferendis quaerat. Ut laudantium et qui ab est.',1,0,'2017-04-23 04:25:01','2021-09-01 09:30:28',60,5),(106,'Consequatur neque et repellat voluptas voluptatem eveniet accusantium.',22268205.85,65,'476 Baumbach Center Suite 524\nLake Imeldashire, MD 30615','Ipsam sapiente omnis nihil quis quia. Molestiae harum aperiam dolores repellendus ullam non. Placeat et in omnis commodi et earum dolores.',0,1,'2013-11-22 13:29:00','2021-09-01 09:30:28',1,32),(107,'Ad odio distinctio maxime necessitatibus harum aut rerum.',16612.39,30,'6831 Carolina Route Suite 345\nCalliefurt, ME 55953','Quibusdam id ducimus iure ullam et ab. Asperiores suscipit aliquid voluptatibus rem repellat. Quam minus ut qui dolorem voluptatibus. Recusandae velit cupiditate nobis sed pariatur fugiat.',0,1,'2018-09-05 06:50:01','2021-09-01 09:30:28',26,46),(108,'Dolore quo qui sint natus suscipit et aliquam.',32881.00,28,'53424 Runolfsson Valley\nSchowalterborough, ME 93690-0393','Tempore quibusdam voluptas consequatur odio reprehenderit minus nemo. Possimus doloribus a exercitationem accusamus sed ut quisquam. Quis ut ipsam consequuntur eveniet vitae et.',1,0,'2012-09-01 16:27:07','2021-09-01 09:30:28',23,30),(109,'Quia iure totam dolorem et recusandae quo inventore.',15480.34,64,'25338 Beahan Wall\nSouth Pearlieland, PA 76297-8141','Dolor alias eaque molestiae dolore temporibus. Nemo repellat sed et possimus enim. Laborum laborum cumque magni officia. Fuga et quas commodi sint laboriosam.',0,1,'2020-12-05 18:43:31','2021-09-01 09:30:28',37,13),(110,'Dolores consequatur fugiat aut soluta omnis sunt.',15000.00,90,'808 Howe Fords\nMosciskiburgh, NC 63024-9206','Est possimus dolores aut voluptas neque ut. Et alias error voluptatem ad minus nemo. Aut quos possimus molestias aut et aut enim. Mollitia rerum dolor qui ea cum vel est. Eaque aut alias repellat vel.',0,1,'2015-10-18 13:52:04','2021-09-01 09:30:28',17,76),(111,'Non sapiente labore laborum ut sed atque.',15012.11,24,'2986 Aufderhar Isle Suite 668\nPort Jewel, AZ 33850-2559','Sed consequatur illum delectus iure similique iure labore consequuntur. Mollitia id et eligendi qui illum.',1,0,'2017-08-09 14:51:04','2021-09-01 09:30:28',74,40),(112,'Labore quidem iste velit numquam omnis eligendi facere necessitatibus.',18813.07,87,'04235 Bauch Green Suite 691\nHymanburgh, NV 80279-3382','Ut unde molestias harum accusamus labore natus optio. Suscipit exercitationem et quod ipsam qui. Harum veritatis deleniti repellat. Dolorem voluptatem voluptatem id ratione veritatis quis.',0,1,'2014-05-16 17:28:30','2021-09-01 09:30:28',16,73),(113,'Ipsum explicabo suscipit non beatae id tempora.',15000.00,87,'75320 Mollie Manors Suite 595\nNorth Kimberlyport, UT 80784','Dolore et quaerat ut magni eaque. Est totam dicta sunt ut aperiam modi. Quis consectetur non vitae nesciunt.',0,1,'2014-10-28 19:14:29','2021-09-01 09:30:28',61,42),(114,'Et doloremque temporibus autem fugiat aut quibusdam.',16602.50,16,'2076 Hassan Locks Suite 421\nLake Jane, WI 74248-4335','Modi sit voluptate et et omnis. Dolores natus est voluptatem reprehenderit. Delectus modi fugit minus voluptatum eos.',0,1,'2015-06-18 18:33:30','2021-09-01 09:30:28',53,91),(115,'Possimus et adipisci ab corrupti eligendi ea.',786303.74,42,'914 Wilkinson Estates Apt. 319\nWest Greta, SD 31803','A id id sint amet. Qui et repudiandae consequuntur. Necessitatibus quas omnis facere nemo non et odio et. Veritatis ea et consequatur et consequatur error et.',0,1,'2014-01-10 01:51:05','2021-09-01 09:30:28',85,30),(116,'Voluptate tenetur aspernatur earum in.',107120.03,1,'0612 Dustin Throughway Suite 151\nBriellechester, VA 14125-2427','Maxime suscipit dignissimos saepe illo et sunt labore quos. Ipsam nisi impedit iusto sit veniam perferendis. Aut omnis velit voluptas laboriosam molestiae non consequatur. Beatae laudantium atque voluptatem ipsa.',1,0,'2020-03-18 00:50:36','2021-09-01 09:30:28',62,77),(117,'Nobis expedita recusandae aliquid eligendi.',15001.14,8,'221 Lavina Common\nDanbury, CA 60097-5589','Eum et earum nostrum aut odio. Consequuntur dolore nihil qui quod non corrupti.',0,1,'2019-03-17 14:03:56','2021-09-01 09:30:28',57,95),(118,'Corrupti iure consequatur in perferendis est illum.',15000.00,46,'409 Hansen Ferry Suite 012\nLehnerstad, NJ 95678-9299','Consequatur possimus autem qui. Minima modi laborum reiciendis est. Dolorum eligendi doloribus illo reprehenderit vel.',1,0,'2018-08-24 16:17:57','2021-09-01 09:30:28',99,40),(119,'Ut asperiores odit sequi sint praesentium tenetur nihil possimus.',15164.07,1,'24900 Madeline Run Suite 841\nLake Hoyt, HI 71697-6779','Eum autem provident amet non commodi ut ad at. Consequuntur officia suscipit qui ea nulla iusto omnis ea. Et corrupti ipsum saepe quam blanditiis incidunt exercitationem.',1,0,'2021-02-14 23:46:01','2021-09-01 09:30:28',23,18),(120,'Iste atque incidunt quia repellendus.',2737285.00,27,'45495 Hills Inlet Apt. 938\nJosephbury, AK 86349-6605','Possimus fugiat placeat consequatur delectus. Necessitatibus accusamus natus minus id aliquam. Molestias eos quam vel ut temporibus velit.',1,0,'2015-04-27 02:29:18','2021-09-01 09:30:28',19,67),(121,'Fugit dolores earum voluptas qui.',15039.16,70,'114 Greenfelder Flats Suite 452\nCeasarside, AK 59830','Suscipit fugit aut commodi. Explicabo sit similique fugiat distinctio eaque. Ea ut voluptatem voluptas nemo qui nulla rerum.',1,0,'2015-05-01 11:16:59','2021-09-01 09:30:28',22,83),(122,'Pariatur sed sequi illo voluptatibus adipisci quis quibusdam.',233213.27,65,'442 Linda Gateway\nLake Gabrielshire, WY 10135-0089','Perferendis est dolores laboriosam eius. Consequatur explicabo et nemo quo ut.',1,0,'2011-12-25 04:28:07','2021-09-01 09:30:28',55,12),(123,'Perspiciatis nihil distinctio aut velit rem.',15030.47,99,'884 Anne Gateway Apt. 935\nPort Jazmyne, NE 35229','Enim qui numquam minus. Sit sapiente ex ad qui quisquam deserunt dolor.',1,0,'2018-08-16 11:25:59','2021-09-01 09:30:28',10,12),(124,'Eos fuga ipsam veritatis assumenda quia.',15146.10,7,'966 Ephraim Prairie Suite 299\nLeschfort, MT 40779-2234','Quia ut dolor vero expedita. Enim architecto quia tempore non illum voluptatem. Sunt eos perspiciatis praesentium autem quod. Molestiae est consequatur et dolorem nam praesentium similique.',0,1,'2012-11-26 01:07:07','2021-09-01 09:30:28',83,21),(125,'Consequatur ut et dignissimos fugiat.',15070.83,95,'2037 Daryl Falls Suite 243\nLindgrentown, MT 53693','Eius non et saepe. Aliquid recusandae voluptas quae voluptatibus molestiae debitis repellat.',0,1,'2016-03-01 17:43:42','2021-09-01 09:30:28',85,70),(126,'Officiis dolore numquam sunt iusto eaque dolor et.',192332.58,38,'994 Kuhic Fords Suite 074\nWest Haleighmouth, PA 66006-3622','Quia consequuntur excepturi tenetur voluptates facere magnam voluptatum dolor. Distinctio a aliquid et qui. Aut reprehenderit rerum eum earum quo a consequatur necessitatibus. Autem odit a laboriosam quas inventore sit.',1,0,'2013-08-14 10:03:41','2021-09-01 09:30:28',73,88),(127,'Atque eum est blanditiis.',15010.20,30,'05160 Lynn Shoals Apt. 223\nLangworthview, IA 61135','Ut tempora occaecati qui fugiat distinctio autem. Sit et cupiditate quis atque quo quos nam quia. Ea qui tenetur magnam et. Suscipit veritatis sed officia ipsum.',0,1,'2013-12-06 03:43:37','2021-09-01 09:30:28',13,28),(128,'Est voluptas praesentium sed voluptatem animi ipsam consequuntur eum.',43475866.60,36,'8619 Corwin Heights Apt. 335\nCormierburgh, HI 98872','Totam dolor ab nobis in. Voluptates impedit accusamus possimus et. Et voluptatem veniam ut incidunt. Ea doloremque fugiat voluptatibus laborum reprehenderit incidunt beatae iusto.',1,0,'2015-01-20 03:34:26','2021-09-01 09:30:28',45,75),(129,'Eaque quia nemo rem voluptatem molestiae et.',307216007.10,47,'804 Hagenes Springs Suite 929\nBridieburgh, OR 87915-2564','Eius sit dolores ut adipisci. Qui consectetur expedita est et. Minima quibusdam voluptate corporis ut veniam sed quia.',1,0,'2014-03-20 18:20:43','2021-09-01 09:30:28',83,93),(130,'Aperiam eum assumenda adipisci non.',15000.00,86,'35854 Maximus Valleys Suite 871\nHettingermouth, SD 61465','Quos voluptas blanditiis commodi vel ipsum. Aliquid deserunt fugiat aut debitis. Molestiae enim enim voluptas repudiandae. Id aut accusantium veritatis autem. Dignissimos ab aspernatur aut velit atque et.',1,0,'2012-10-31 11:43:16','2021-09-01 09:30:28',83,36),(131,'Impedit aut omnis expedita cupiditate molestias reprehenderit ullam corporis.',15023.54,95,'0236 Reichel Inlet\nNoeltown, IA 13975','Et aliquid dolore sapiente est maiores optio. Fugit maxime consequuntur necessitatibus ipsam ut doloribus sint. Voluptas non unde consequatur commodi sed dolores eaque. Fugiat mollitia rerum consectetur. Repellendus voluptates dolores quia tempore reiciendis culpa optio.',0,1,'2016-06-19 15:04:54','2021-09-01 09:30:28',63,2),(132,'Quisquam consequuntur perferendis non sed perferendis.',40937500.14,99,'740 Gay Summit Suite 123\nLake Libbiemouth, UT 66440','Est magni nulla qui non eligendi assumenda inventore. Voluptatem consectetur iusto occaecati illum reiciendis ut. Veniam minima sint cum quas.',1,0,'2012-06-01 09:57:24','2021-09-01 09:30:28',67,3),(133,'Veritatis rem suscipit eum porro.',15000.30,48,'23971 Ned Land\nMooreburgh, VA 70775-3198','Consequuntur neque eos eligendi soluta sint blanditiis voluptatum. Rerum velit animi alias vero. Numquam atque odit quasi sint sit dicta at. Error aut sed enim sed exercitationem aut quam ut.',1,0,'2019-10-11 19:23:10','2021-09-01 09:30:28',44,8),(134,'Occaecati fuga officiis ut quis ut numquam.',31200636.81,24,'27017 Brakus Meadow Suite 206\nWest Pascalemouth, AL 71002','Eos atque incidunt ullam eligendi. Id enim eligendi laboriosam ut nesciunt dicta dicta. Eligendi quis quas sint. Vel in eos beatae qui aut id omnis sapiente. Nesciunt quos voluptas qui.',1,0,'2018-04-12 05:18:30','2021-09-01 09:30:28',20,30),(135,'Dolorem aut impedit unde excepturi alias quo expedita.',422384.26,50,'378 Doyle Route\nGottliebville, MT 83670','Nihil et blanditiis est eligendi. Dolores eaque et dolorem deleniti omnis aut nemo voluptas. Quibusdam necessitatibus voluptas deserunt et molestiae unde voluptas. Commodi iusto autem consectetur ut.',0,1,'2015-08-24 03:34:29','2021-09-01 09:30:28',67,26),(136,'Id in soluta culpa iste.',15128.63,61,'04192 Hartmann Route\nEast Feliciastad, TN 31895-4926','Dolorum sint ad velit odit quod rerum pariatur est. Nam alias vel quis eveniet ullam sed. Magnam inventore non iste adipisci veniam ad.',1,0,'2018-01-29 23:57:49','2021-09-01 09:30:28',75,41),(137,'Soluta est et porro.',15465.58,75,'094 Alisa Path Suite 909\nNorth Kaden, MS 35109-6979','Accusamus pariatur quis autem. Quo voluptates non debitis est. Error est voluptatem eum ipsam repellendus quidem. Similique quisquam quo doloribus et.',0,1,'2017-03-18 06:09:17','2021-09-01 09:30:28',72,24),(138,'Eveniet voluptatem dolor doloremque ut incidunt qui.',15043.00,81,'294 Rhiannon Inlet Suite 819\nNew Daniella, ID 82838-2930','Ab at error architecto voluptas. Culpa voluptas quos voluptas occaecati doloremque. Consequatur inventore sint voluptate hic. Et recusandae asperiores reiciendis maxime qui dolore porro aut.',0,1,'2016-03-23 08:04:03','2021-09-01 09:30:28',37,98),(139,'Quia sint sit doloribus delectus enim dolore blanditiis.',15000.00,65,'6189 Kovacek Squares\nNew Keenanview, IL 20690-4105','Esse consequuntur nam culpa dolor veniam magni necessitatibus ipsa. Ab aperiam non ratione et. Saepe voluptas voluptatem in sed. Consequatur accusamus molestias similique quibusdam.',0,1,'2021-03-11 15:44:43','2021-09-01 09:30:28',67,16),(140,'Dolores cum illo aut sed est voluptates nemo ut.',6158596.56,37,'80045 Jaskolski Extensions Suite 175\nMcGlynnside, MD 34254','Libero facere beatae dicta laboriosam commodi. Error saepe consequatur architecto et odio. Consequatur adipisci et hic placeat. Harum ratione est consequuntur ea.',0,1,'2011-11-25 12:01:28','2021-09-01 09:30:28',22,87),(141,'Eaque et earum voluptas dolores voluptas omnis eos saepe.',2316939.64,67,'92856 Mellie Mill Suite 810\nVicenteside, KY 01946-3142','Placeat autem vitae quia provident. Reiciendis suscipit blanditiis blanditiis id sit sed aut. Autem dolorum nobis et corporis dolores dolor. Corrupti minima qui facere molestias rerum animi eveniet.',1,0,'2015-03-12 23:46:40','2021-09-01 09:30:28',9,84),(142,'Et aut inventore est delectus aperiam perspiciatis tempore.',15000.00,13,'5727 Tierra Point\nSouth Thaddeusmouth, TX 44081','Dolore voluptas non et in. Vero aut ducimus odio sunt. Libero aliquid qui eos vel consectetur. Qui quae pariatur ut et id eos quia dolore. Quod id eos veniam.',1,0,'2017-09-19 22:35:08','2021-09-01 09:30:28',80,59),(143,'Eligendi esse itaque nobis nulla doloremque ad.',15000.00,3,'5291 Hickle Falls Apt. 993\nPort Aniyahville, NY 66161','Quo nihil excepturi molestiae consequatur non. Sed placeat vero eum sint molestiae natus. Explicabo excepturi quisquam rerum molestiae minus quia. Exercitationem illum voluptatem iure exercitationem amet aut odio.',0,1,'2014-11-23 21:33:09','2021-09-01 09:30:28',72,44),(144,'Reprehenderit alias nisi nisi magnam praesentium.',15000.99,49,'0961 Bauch Crossroad Suite 543\nElisafurt, OH 46235','Saepe ad sint dolore voluptatem dolorum. Sed animi et repellendus enim vero quia ut. Quas iure est enim molestias id. Aut omnis magni voluptatem enim minus suscipit veritatis.',1,0,'2017-03-31 21:10:19','2021-09-01 09:30:28',17,44),(145,'Quod dolores qui quod non sed.',242351.78,79,'9000 Leonardo Harbor Suite 019\nEast Maybelleshire, IA 80143-5861','Ex fugit provident quam ut et omnis asperiores. Id non quis qui occaecati debitis consectetur magni. Architecto minima autem quisquam et pariatur. Et magni deserunt iste doloribus debitis earum.',1,0,'2015-09-02 11:09:02','2021-09-01 09:30:28',71,84),(146,'Reprehenderit porro consequatur dolores autem minus officiis qui.',15003.18,94,'7911 Ankunding Knolls Apt. 593\nLake Bettyberg, CT 75209','Libero dolorem quia sint molestiae consectetur. Provident est sed eum mollitia sequi. Provident et tempore ex numquam atque.',1,0,'2017-12-20 12:47:33','2021-09-01 09:30:28',4,90),(147,'Iure et ipsum natus tempora.',2875762.90,78,'67066 Yesenia Parkway\nWaelchihaven, TX 07317','Occaecati itaque ratione sunt sint est unde qui. Qui omnis beatae aut ab dolorem nesciunt.',1,0,'2015-09-09 09:45:22','2021-09-01 09:30:28',4,95),(148,'Est et sint harum qui.',15792.77,60,'07263 Champlin Points Suite 671\nLake Connor, OH 97289','Accusantium mollitia laborum et aliquid libero qui. Accusantium voluptas magnam quaerat. Voluptatem occaecati maxime dicta sed qui alias a. Tempore perferendis autem dolorem distinctio velit rem et a. Vel quaerat neque quia nam recusandae molestiae dolorem qui.',1,0,'2019-10-30 08:55:03','2021-09-01 09:30:28',10,8),(149,'Aspernatur nesciunt qui nam error.',15000.00,61,'4772 Bailey Mountain\nSouth Dawsonchester, NE 21763-0161','Delectus sunt est esse a quaerat sunt. Modi qui deserunt natus necessitatibus. Et eos voluptas perferendis velit sed. Atque inventore soluta neque laudantium fugiat dignissimos.',0,1,'2019-12-04 14:53:03','2021-09-01 09:30:28',35,51),(150,'Enim nemo porro ab et.',15002.41,20,'4468 Lillie Viaduct\nEdwardbury, MD 24941','Ut non nihil accusamus eaque facere. Veniam tempora officiis eligendi totam reprehenderit qui eum. Dolor cum animi rem omnis maiores consequuntur voluptas. Et mollitia voluptate sint quos.',1,0,'2013-10-19 14:12:06','2021-09-01 09:30:28',46,33),(151,'Voluptas ratione porro consequatur et vel.',15000.00,46,'0232 McGlynn Court\nDereckshire, ND 10908','Ex fugiat voluptas autem vel. Accusamus pariatur tempora quidem laboriosam ab ea veniam. Ut officiis omnis illo consectetur rerum quis. Sunt et aspernatur veritatis repudiandae tempora.',1,0,'2014-05-27 01:46:46','2021-09-01 09:30:28',22,10),(152,'Ab doloribus recusandae recusandae id aliquid necessitatibus.',174646298.47,65,'6606 Goldner Burgs\nGabeburgh, CO 57825-4619','Perferendis quas ex minus deleniti dignissimos blanditiis. Nostrum qui voluptatem accusantium sapiente eum quod libero.',1,0,'2013-11-25 03:37:45','2021-09-01 09:30:28',73,49),(153,'Quos expedita sed minima debitis ut eum magni.',15002.19,80,'75460 Consuelo Mission\nDarehaven, HI 12275-5756','Rerum voluptatem eum non sunt. Tempora enim architecto tempora optio ab. Possimus molestiae repellendus et eos. Totam expedita sunt nostrum quidem. Rerum inventore non illo temporibus libero harum ipsa iusto.',0,1,'2018-11-29 10:08:05','2021-09-01 09:30:28',1,16),(154,'Culpa et quo delectus unde.',1020132.64,75,'264 Jerry Extensions Apt. 390\nNew Kearaport, LA 02993','Aut ullam mollitia explicabo et soluta quasi commodi. Et itaque et numquam qui. Asperiores impedit est eaque autem. Ullam ea delectus optio quod aliquam maxime.',1,0,'2017-09-19 15:08:39','2021-09-01 09:30:28',82,31),(155,'Occaecati est fuga placeat in illo culpa.',18169.58,42,'451 Willms Knolls Suite 126\nEast Braeden, PA 72617-5685','Vel culpa impedit est consectetur labore sit. Rem tenetur doloribus et esse a eum iste. Quia autem tempore soluta architecto doloribus.',1,0,'2016-08-21 04:59:26','2021-09-01 09:30:28',6,9),(156,'Est dolorum sed dolorem.',15001.37,53,'265 Luettgen Cape Apt. 287\nSouth Nicola, MD 21233','Maiores laudantium ut dicta in. Sit aut rem minima consequatur consectetur corporis autem. Ea eos facere error voluptas saepe reiciendis et. Inventore et quibusdam rerum delectus vel tempore.',0,1,'2012-10-02 21:38:44','2021-09-01 09:30:28',86,51),(157,'Ea excepturi tempore modi at nulla nihil qui.',15000.00,49,'3337 Kerluke Island Apt. 218\nNorth Princess, VA 87019-2562','Error sit molestiae dolore nisi magnam consequatur voluptas magni. Esse sapiente molestias iusto et. Quibusdam modi cupiditate magni accusamus voluptatem pariatur. Perspiciatis blanditiis laudantium quod rerum eius aliquid quia.',0,1,'2013-04-22 08:17:48','2021-09-01 09:30:28',9,27),(158,'Omnis rerum saepe id aliquid facilis.',40637.00,62,'46315 Carter Springs\nPort Elseborough, SC 59474','Ea eos quod pariatur dolorum quidem. Nemo ut quia eius. Nobis facere sed et nobis itaque ut. Voluptas dolorum quod ea.',1,0,'2015-04-22 20:18:44','2021-09-01 09:30:28',89,81),(159,'Rerum est repellendus consequatur sunt et recusandae.',10131.65,5,'7701 Pagac Rapids\nElissaland, FL 32848','Provident vel et aspernatur voluptas aut vel. Enim et id debitis qui voluptatem hic quia adipisci.',0,1,'2020-12-29 23:12:27','2021-09-01 09:30:28',18,24),(160,'Ut quas ea ut vero.',16892.10,78,'79520 Rohan View\nOberbrunnerville, OH 94121-3684','Vero maxime fugiat odit excepturi qui inventore. Tempora expedita non blanditiis quia soluta nam aut iure. Aperiam veritatis eveniet et similique debitis et. Occaecati quod nisi provident sunt.',0,1,'2021-05-27 23:52:28','2021-09-01 09:30:28',23,78),(161,'Et cum eius corporis quis.',24852.70,78,'898 Gislason Way\nLake Douglas, MO 23772','Officia vel porro illum asperiores aut expedita voluptas temporibus. Et omnis iusto velit. Ut et perspiciatis ducimus ullam aliquid repudiandae et.',0,1,'2017-10-29 21:45:45','2021-09-01 09:30:28',60,17),(162,'Magni accusantium magni aut.',151595.31,92,'5435 Nora Mountains\nNorth Matteostad, OR 99312','Et blanditiis illum aspernatur quas dolor voluptatum quia. Deleniti aut cum omnis exercitationem dolores a officiis. Dolor et dolore praesentium provident. Excepturi suscipit et esse omnis qui facere.',1,0,'2018-06-08 02:11:11','2021-09-01 09:30:28',30,48),(163,'Eaque et ratione deleniti rerum aperiam qui.',15348.08,85,'17906 Mante Harbors\nRetaview, CT 92917','Et consequatur a explicabo impedit et reiciendis omnis. Culpa expedita qui et dignissimos inventore similique totam. Fuga et velit ut exercitationem.',1,0,'2014-04-06 22:30:17','2021-09-01 09:30:28',69,92),(164,'Et voluptates voluptatem rerum quos tenetur ipsum quasi.',15000.00,15,'6516 Hintz Cliff Apt. 174\nEast Ameliemouth, MN 19713-8828','Et ducimus laborum nihil excepturi. Aliquam alias laudantium neque placeat sit consequatur. Voluptate iste aut assumenda voluptate eius qui qui. Totam magnam perspiciatis maxime modi quo ea est.',1,0,'2018-06-11 06:27:22','2021-09-01 09:30:28',55,13),(165,'Laboriosam sint ut rerum et enim.',15005.37,100,'9168 Armstrong Inlet\nSipesfort, LA 01677','Est delectus repellendus illo molestiae distinctio. Sed maxime et maxime quia accusantium quam. Quia soluta deleniti molestiae rem occaecati sit veritatis dolore.',0,1,'2013-09-01 13:28:46','2021-09-01 09:30:28',67,88),(166,'Est nostrum earum et unde enim.',7799068.04,85,'911 Batz Lights Apt. 755\nSouth Santinaside, IL 23938','At ipsam itaque incidunt labore. Eos ex voluptatem quod quod.',0,1,'2013-04-08 23:14:44','2021-09-01 09:30:28',72,100),(167,'Deserunt voluptatem tempore molestiae voluptatem non et et.',10190.63,85,'55507 Jerde Loop\nFletafort, HI 42798-4298','Ipsam architecto eligendi beatae quos sunt. Ratione exercitationem rem quo quidem distinctio. Maiores minima aspernatur id velit magni hic. Voluptas minus eligendi aliquam maxime qui.',1,0,'2017-12-28 00:53:48','2021-09-01 09:30:28',56,37),(168,'Quae modi dolores nostrum omnis quia.',15284.66,32,'227 Spinka Mountain\nWest Kaycee, MA 32650','Ipsum quod in sit quasi at. Et asperiores nostrum omnis est aspernatur quis. Aut sed culpa odit fuga unde facere sit. Saepe est eos nisi et qui.',1,0,'2014-10-12 10:12:38','2021-09-01 09:30:28',65,83),(169,'Possimus blanditiis cum quisquam neque aut.',321949.00,55,'1700 Pagac Brooks\nJazlynberg, WV 43136-8555','Repellat pariatur dicta voluptatem quia. Sint quis minus aut voluptatem. Aut et quos asperiores quia suscipit necessitatibus qui officiis.',1,0,'2016-01-17 02:32:34','2021-09-01 09:30:28',54,3),(170,'Voluptate reprehenderit ducimus fugit nam dicta sed quisquam.',1748822.19,67,'08474 Camren Lodge Suite 193\nDuBuqueview, SD 63288-6741','Quia sint asperiores qui autem consequatur ut. Praesentium qui labore quam earum perferendis. Libero dolore adipisci assumenda consequatur id. Corrupti ut est quia.',1,0,'2013-02-26 11:49:00','2021-09-01 09:30:28',77,66),(171,'Sunt dignissimos amet pariatur.',17054.47,4,'4861 DuBuque Summit\nEast Yolandaview, DC 74123-3360','Optio recusandae totam sequi dolorem ut. Vel qui voluptatem ratione tenetur. Veritatis voluptas ea adipisci tempore sint et laboriosam. Quam commodi tempora est et ut eius.',1,0,'2016-05-22 22:07:59','2021-09-01 09:30:28',22,22),(172,'Architecto enim quia blanditiis est dolor beatae id.',4526449.40,36,'4397 Albertha Brooks\nSouth Salvadorland, ME 83574','Dicta corporis quae accusantium aut non. Et cum nam sit repellat facilis quod quibusdam. Eveniet dolores minima tempora.',0,1,'2015-08-07 21:28:06','2021-09-01 09:30:28',80,9),(173,'Quo soluta numquam esse eligendi culpa omnis sit.',15005.01,1,'44723 Felix Fords Apt. 964\nMcDermotthaven, ID 79754','Itaque debitis corrupti aliquam aut omnis nisi earum. Et rerum alias velit consectetur qui. Est sed tenetur esse assumenda officiis. Delectus sapiente accusamus mollitia non amet dolorum ea.',0,1,'2014-12-24 02:35:35','2021-09-01 09:30:28',33,81),(174,'Nam sunt nostrum ea cumque.',30522848.98,29,'9987 Bailey Center\nDietrichberg, IN 39328','Quidem est commodi ut rerum omnis perspiciatis. Debitis cum velit accusantium aliquam accusamus. Placeat blanditiis aliquid nulla aliquid ut perferendis dolores illum. Qui mollitia nihil provident saepe maiores voluptatem praesentium non.',1,0,'2020-07-30 11:35:20','2021-09-01 09:30:28',26,78),(175,'Cupiditate animi magni est mollitia eveniet.',994368.10,83,'2636 Bartell Branch\nLake Vida, DC 69532-2617','Eius non eaque veritatis dolor omnis eos eius totam. Aut vero fugiat provident et dolor dolores consectetur. Vel provident doloribus tempore quo.',0,1,'2015-11-10 10:44:36','2021-09-01 09:30:28',27,47),(176,'Nihil dolore quo eos nesciunt.',16681.53,67,'06509 Hilll Trafficway Apt. 192\nLake Erwin, AL 18192-7732','Saepe omnis earum sit quaerat eaque quam minus voluptatem. Qui velit inventore tempore maxime asperiores reiciendis ad. Ut voluptas nam quis sed esse. Qui eligendi explicabo iste totam autem.',0,1,'2016-08-03 04:01:32','2021-09-01 09:30:28',60,99),(177,'Sequi sequi quo similique esse maiores.',15000.00,46,'9684 Elias Wells Apt. 119\nNew Billyton, VT 36567-3248','Illum dolor quaerat veniam molestias odit. Dolorem sint sed voluptatem perferendis velit et quis voluptas. Odio quo et quia repudiandae esse qui et.',0,1,'2014-11-02 10:46:25','2021-09-01 09:30:28',18,55),(178,'Aut recusandae harum doloribus aut eos nulla dolorum.',14237437.95,90,'06734 Doris Station\nNew Allyland, WV 27220-6120','Nihil similique voluptas quasi molestias. Quae sed magni qui ut veritatis dolorum. Ut blanditiis vitae nisi aperiam aut voluptatem esse qui. Voluptatum consequatur in libero deleniti.',0,1,'2016-01-29 09:02:56','2021-09-01 09:30:28',7,75),(179,'Esse accusamus impedit ipsum eos autem ut.',15001.08,79,'28892 Octavia Heights\nWest Fredrick, IN 69359','Iusto debitis labore alias est id quo. Natus neque tempore ut ipsam. Perspiciatis sint nihil non.',1,0,'2020-08-27 02:35:54','2021-09-01 09:30:28',83,12),(180,'Nihil dolores magni eum accusantium sint eos.',137427.00,51,'7334 Little Motorway\nHayleeburgh, NM 87436-4087','Vel sed iste eos maiores sit soluta odio. Tenetur totam ducimus ullam placeat provident. Nobis dolor et deserunt nihil tempore et eos. Quos minus optio vel eum ratione.',0,1,'2013-05-30 22:25:47','2021-09-01 09:30:28',92,35),(181,'Ratione laborum quaerat consectetur reiciendis sapiente fuga.',15014.00,34,'353 Jake Mews\nWilkinsonchester, ME 74759','Ut eum et in aliquam maxime soluta. Aut sed qui magni quidem dolor quibusdam qui unde. Ut atque inventore possimus molestias amet. Dolores eius deleniti non. Ab corporis vitae tempore non.',1,0,'2013-10-31 19:26:14','2021-09-01 09:30:28',10,37),(182,'Aut repellat sapiente suscipit dolores.',18765.10,76,'73491 Janelle Hollow\nPort Lula, NV 22549-9961','Iste dolorem veniam tempore quo rerum impedit. Quisquam sed quo est consequuntur aut minima. Autem fuga ut nostrum vel adipisci labore corrupti. Natus blanditiis quae dicta ratione accusantium dolor distinctio.',0,1,'2018-05-14 18:44:02','2021-09-01 09:30:28',73,81),(183,'Est esse quia enim quasi est.',4573747.04,18,'40738 Sydney Isle\nDaughertystad, SD 26719-2695','Similique quis dolore dolor repellendus aut. Qui qui corrupti ab quam eveniet sed possimus iure. Rerum debitis officiis mollitia vel alias nostrum nihil officia. Asperiores possimus et aut incidunt tenetur dicta.',0,1,'2018-04-09 09:22:00','2021-09-01 09:30:28',36,93),(184,'Inventore exercitationem quaerat perspiciatis non eos ipsam pariatur.',71010942.48,40,'48468 Reinger Crescent Suite 511\nNew Andreannefurt, AK 67388-2758','Qui non praesentium architecto. Laudantium suscipit ut ratione vel. Et fugiat quisquam voluptates adipisci doloremque esse.',0,1,'2015-02-21 13:01:33','2021-09-01 09:30:28',60,20),(185,'Adipisci voluptas voluptatem inventore occaecati dolores repudiandae.',3236724.00,14,'4599 Greg Parkways\nVadastad, NM 41515','Quo dicta aspernatur culpa aut aliquam consequatur ut. Quibusdam eum maiores reprehenderit dolorem asperiores quas. In et velit voluptate sunt voluptas.',0,1,'2017-06-04 01:08:54','2021-09-01 09:30:28',90,21),(186,'Totam excepturi minus quae temporibus.',15002.54,90,'071 Deion Neck\nWestside, AZ 72811-4877','Natus aut voluptatem dolores qui odio non et. Quae tempora accusamus architecto hic. Sunt sequi ea nisi ut necessitatibus et dolorem soluta. Alias tempore in et quasi tempora.',0,1,'2013-02-25 08:22:26','2021-09-01 09:30:28',69,45),(187,'Repudiandae esse quasi deleniti consectetur.',23121.30,64,'8451 Johnston Key\nJosephville, WA 38765-3318','Ratione atque dolorem consequatur laboriosam. Exercitationem occaecati dolorem quasi doloremque debitis. Similique at commodi voluptates sunt doloremque. Voluptatem beatae quod quas et.',1,0,'2020-08-06 09:38:52','2021-09-01 09:30:28',74,62),(188,'Rerum aut consequuntur quam magni consectetur repellat numquam.',83815362.22,65,'1387 Clifford Cliffs\nSouth Guy, MT 51446','Nobis molestiae dolores dolorem voluptatem tempore inventore. Culpa inventore reprehenderit quas quas veritatis adipisci. Explicabo assumenda distinctio numquam. Vel voluptatem animi sit ut sequi.',0,1,'2012-03-08 20:28:52','2021-09-01 09:30:28',63,75),(189,'Sit debitis nobis sapiente aut enim.',481967859.50,22,'4253 Lilyan Vista Apt. 342\nNew Genevieveport, RI 78369-8165','Provident magnam molestias aut magnam dolores at ut. Dolor ea nam maxime odio alias commodi. Cupiditate fugiat dolores sint quaerat consequatur ea iure. Sequi autem maiores voluptatem cupiditate ut voluptates ut.',1,0,'2021-05-16 01:50:48','2021-09-01 09:30:28',93,87),(190,'Et corporis alias natus placeat voluptatibus a cupiditate.',15011.23,59,'5624 Heidenreich Orchard Suite 306\nEast Effie, IA 96297-3010','Debitis accusamus sed ipsa. Sunt unde minima fugiat fuga amet et amet. Magni necessitatibus deserunt quis dicta quis dolor dolores. Quia voluptatem qui aut atque harum omnis quo.',0,1,'2013-10-20 21:17:49','2021-09-01 09:30:28',78,12),(191,'Asperiores deleniti totam ea exercitationem fugiat eveniet voluptatum laborum.',31353681.67,82,'656 Ebert Isle Suite 879\nNew Maud, VA 22738-6840','Perferendis velit fuga repudiandae sint unde voluptas. Quisquam consequatur sunt provident fugit ullam. Quis temporibus qui autem ut suscipit.',1,0,'2015-04-07 21:03:02','2021-09-01 09:30:28',7,97),(192,'Temporibus tenetur ea quas nostrum.',18087.97,46,'697 Maurine Mountain Apt. 180\nSouth Lonieport, CT 21428-6998','Impedit laudantium consectetur est quibusdam nam vero. Et et velit sit doloremque quis delectus minus. Quia consectetur eum consequuntur suscipit. Est deleniti quod repellendus.',0,1,'2013-08-10 23:13:48','2021-09-01 09:30:28',100,48),(193,'Dolor iure omnis soluta consequuntur in adipisci.',15000.00,54,'97440 Trantow Inlet\nWest Delaney, WV 14924-4367','Velit officiis fugiat est tempore. Voluptatum sit laudantium explicabo necessitatibus temporibus. Dolorem delectus sint id nobis expedita est.',1,0,'2018-11-14 21:36:38','2021-09-01 09:30:28',80,48),(194,'Ad qui laborum ab officiis suscipit nesciunt quae.',15000.10,43,'35280 Grant Forks Suite 201\nNorth Calista, OH 61153','Nesciunt qui voluptas nesciunt voluptatem vitae molestias atque. Deserunt quia soluta qui aut voluptates et qui ut. Earum eveniet nam eos animi.',1,0,'2016-09-05 09:03:37','2021-09-01 09:30:28',100,97),(195,'Porro dolor enim illum qui.',32468.12,13,'24173 Rogers River\nSouth Franco, WV 70921','Consequuntur eaque quis nihil minus sit qui. Atque animi dolores nemo.',1,0,'2014-01-29 20:12:39','2021-09-01 09:30:28',58,40),(196,'Est rerum corporis perferendis voluptatem quo quis.',3740731.49,4,'768 O\'Keefe Plaza Apt. 221\nPort Mckennaburgh, NJ 65759-7231','Vel voluptatem fugit facilis eveniet libero nobis. Eum facere placeat eum nisi saepe.',0,1,'2018-10-21 16:02:42','2021-09-01 09:30:28',89,7),(197,'Iure ratione placeat quaerat sed harum consequatur itaque eos.',15001.00,80,'37671 Mckenzie River Apt. 797\nPort Alva, IA 56289-5968','Voluptatem sunt quo totam possimus alias totam. Et est adipisci ullam ullam. Vel non eos itaque ut doloremque rerum. Esse aut magnam corrupti incidunt quis.',1,0,'2014-03-07 00:06:03','2021-09-01 09:30:28',70,15),(198,'Consequatur aut facere molestiae fugiat occaecati.',17749.36,61,'1059 Shanahan Cliffs\nWest Adolfoside, FL 93900-8519','Quaerat excepturi qui natus saepe libero. Dolor unde illo perferendis voluptas. Porro adipisci aspernatur dolores porro cupiditate.',0,1,'2019-10-09 02:36:09','2021-09-01 09:30:28',84,53),(199,'Voluptates tempore impedit quod laudantium id.',15892.97,37,'93263 Goodwin Harbors Suite 039\nGustaveton, RI 45836','Numquam voluptatibus beatae quis ipsum sed. Ut quia est fugit. Consectetur ut nemo atque quo consequatur officia voluptatem. Et perspiciatis impedit dolores necessitatibus dolores sit.',0,1,'2020-09-26 20:48:10','2021-09-01 09:30:28',9,20),(200,'Delectus rerum rerum ea.',299316344.56,58,'7878 Destinee Expressway\nGleasonview, MI 26763-1278','Qui ut quaerat fuga. Dolor debitis officia odit in dolores aliquam. Nesciunt omnis odio iure tenetur. Quae aut aut eum est omnis officia.',0,1,'2018-03-03 06:44:01','2021-09-01 09:30:28',92,39),(201,'Id iusto sint officia ut et quia sed.',3468198.20,57,'6211 Jaskolski Flats\nReynoldsmouth, HI 09787-3107','Animi ut consectetur at rerum est officiis. Asperiores nisi et vitae distinctio odit sunt voluptatem. Molestiae quidem alias est ea ipsum id. Et maxime repudiandae quae facere nobis accusantium provident.',0,1,'2012-03-22 06:46:53','2021-09-01 09:30:28',32,34),(202,'Est ut quo quam nesciunt minima architecto.',118270.89,71,'2934 Wunsch Gardens Apt. 809\nMarianneview, ID 64000-1822','Cupiditate fugit nostrum nostrum. Quo ipsum quidem qui est. Nobis nam quia id qui. Dolorem voluptas enim possimus cumque voluptas.',1,0,'2012-06-13 13:52:39','2021-09-01 09:30:28',84,53),(203,'Ipsum aspernatur quis ut eum ut veritatis.',15028.48,7,'063 Mante Mountain Suite 306\nNew Leon, NC 22997-7754','Harum quae et officia necessitatibus molestias quas. Officiis non sapiente vitae id et est voluptate rem. Dolor libero et dolores aliquam dicta. Repellendus ratione qui ducimus porro nihil totam ut saepe. Et nobis ut non tempore nesciunt maxime provident.',0,1,'2013-10-17 12:49:49','2021-09-01 09:30:28',22,62),(204,'In cum quia magni non eligendi autem.',15030.66,8,'95946 Powlowski Bypass\nHanebury, NV 42385','Sequi dolorum cumque molestiae error molestiae. Quia ut suscipit architecto et in et quo. Et quam eos repellat eveniet.',1,0,'2018-09-06 15:18:06','2021-09-01 09:30:28',58,49),(205,'Quasi ad accusantium facilis aliquid aut aut qui.',55417.58,5,'99866 Towne Radial\nCieloview, SD 69644-8341','Blanditiis pariatur vero non numquam. Magni sapiente hic assumenda est aperiam tempora unde.',1,0,'2018-03-21 16:25:51','2021-09-01 09:30:28',25,62),(206,'Voluptate eos dolor totam omnis omnis velit sed.',15009.82,34,'70782 Conroy Bridge Apt. 545\nDurganfurt, ND 37869-7232','Illum temporibus dolores voluptates excepturi dolor quia et ut. Qui iste cum ab perferendis dignissimos. Et molestiae dolorem et vitae sunt voluptatem. Veniam voluptatem exercitationem distinctio eos debitis.',1,0,'2020-03-25 07:59:08','2021-09-01 09:30:28',51,61),(207,'Modi velit et alias voluptates voluptatum vel.',25766.11,7,'7678 Ankunding Rue Apt. 627\nMaraville, NE 33242-7796','Odio voluptatem consequatur perspiciatis. Enim voluptate magnam molestiae explicabo. Temporibus est impedit reprehenderit distinctio culpa non repudiandae. Qui fuga sunt ut voluptas.',1,0,'2014-12-04 14:59:01','2021-09-01 09:30:28',79,19),(208,'Soluta voluptatum illo perferendis ullam ut.',108055.06,35,'0127 Kshlerin Parks Apt. 045\nPort Marlenfurt, CT 41987','Velit laborum quidem non sed. Laudantium iure earum nihil doloremque. Omnis occaecati corrupti dolorum enim exercitationem sint. Sit ad eos nisi.',1,0,'2019-04-07 14:13:45','2021-09-01 09:30:28',40,10),(209,'Eveniet alias non nam et.',15001.00,95,'836 Jena Extensions\nTorphymouth, RI 83180','Est iusto reprehenderit et minus fugiat assumenda ad. Maxime quis impedit possimus consequatur qui. Et blanditiis expedita tempora suscipit nulla reiciendis voluptates. Et molestiae ab aut ullam. Qui sed at accusamus nihil eveniet mollitia non.',1,0,'2015-03-03 16:47:45','2021-09-01 09:30:28',62,92),(210,'Dolor itaque eum quis hic quia ea repellat.',29477.48,43,'98551 Hailey Springs\nKohlerton, SD 56571-5221','Quo nemo voluptate sit mollitia quis repudiandae. Autem in in blanditiis rerum harum. Tenetur aut provident saepe accusantium aliquid nam minima. Omnis molestiae maxime cum temporibus deserunt eaque dignissimos.',0,1,'2011-08-31 12:11:27','2021-09-01 09:30:28',91,29),(211,'Voluptatibus aut a sint expedita ducimus et.',17809.12,44,'76842 Bud Pass Suite 720\nHagenesborough, KS 72413-5816','Aut officia aut ea sunt sed consequatur quia. Ea ea aliquid enim sit. Velit et ut dolorem et ea recusandae. Recusandae atque aut nesciunt dolores voluptas iste deleniti adipisci. Facere nostrum non aperiam officiis optio.',0,1,'2013-06-16 08:59:02','2021-09-01 09:30:28',69,71),(212,'Doloremque qui consequuntur neque consequatur laborum.',17814.30,100,'68003 Anderson Cliff\nGastonchester, OH 12705','Corrupti odit dicta eum. Et aut libero facilis quae magnam ut. Voluptatem cumque voluptatum qui vel velit dicta. Et quia sequi qui rerum dolor aut.',0,1,'2018-12-12 13:03:42','2021-09-01 09:30:28',72,64),(213,'Cumque voluptate qui est aut perferendis recusandae.',2716598.45,61,'93127 Iliana Neck\nNew Aniyatown, NH 10650','Iusto repudiandae alias officia. Minima necessitatibus cumque fuga. Voluptate ea dicta ea dignissimos error.',1,0,'2018-12-21 16:28:03','2021-09-01 09:30:28',53,10),(214,'Consequuntur in explicabo sapiente temporibus.',15565.50,92,'5445 Wilhelm Island\nLake Lailafurt, VA 42836','Ut labore alias et sed praesentium fugit sed deserunt. Placeat ratione optio quibusdam aliquam. Occaecati minima culpa dolorem quia est iure perferendis.',1,0,'2011-09-13 19:15:08','2021-09-01 09:30:28',50,54),(215,'Qui nesciunt aut est aspernatur rerum.',48208305.82,76,'23415 Deangelo Ville Apt. 593\nShieldsberg, AZ 05683','Recusandae tenetur neque non commodi natus pariatur aperiam sapiente. Quos ut quasi iste est. Reiciendis vel laboriosam earum et sunt et quia.',0,1,'2020-07-29 04:36:00','2021-09-01 09:30:28',87,43),(216,'Similique et consequatur temporibus dolore saepe quae.',43980.03,15,'2640 Zulauf Mission\nRussport, DC 56813','Eum deserunt qui nihil autem. Voluptates assumenda error accusamus qui fuga iure voluptas nisi.',1,0,'2017-03-23 05:11:18','2021-09-01 09:30:28',86,50),(217,'Magnam dolorum labore occaecati magnam quae.',15000.00,98,'1759 Gerson Brooks Apt. 301\nBlickview, SC 99711','Eligendi asperiores natus dolorem nisi sint totam sit. Assumenda enim explicabo velit dolorem ducimus possimus. Quaerat qui minima debitis nisi.',0,1,'2020-09-11 01:53:36','2021-09-01 09:30:28',69,22),(218,'Minus eos est harum commodi facilis error repellendus voluptatem.',15597.10,25,'59751 Steuber Extensions Apt. 019\nGloverburgh, WV 62746','Aut maiores ut voluptatem et distinctio. Et et autem non soluta quos voluptas. Enim voluptatem vel maiores minus. At ea quos dolor at.',0,1,'2014-07-06 09:04:26','2021-09-01 09:30:28',88,58),(219,'Voluptate sequi sed omnis.',135539.98,11,'648 Walsh Garden\nHarryhaven, KY 33687-8846','Voluptatem sunt nemo esse rem rerum delectus non. Saepe molestiae quaerat velit quia eos ut consequatur. Corporis debitis laboriosam quia ipsam molestiae. Molestiae occaecati est rerum fugiat voluptatem reiciendis.',1,0,'2012-09-28 06:48:02','2021-09-01 09:30:28',29,22),(220,'Accusantium esse doloribus ullam et qui.',15000.00,26,'048 Ardella Row Apt. 595\nCaleview, NV 62416-5360','Consectetur repellat eum dignissimos cum sunt inventore dignissimos officia. Qui maxime qui vel qui quis voluptas. In explicabo rerum quisquam vel.',1,0,'2019-12-04 18:46:46','2021-09-01 09:30:28',83,39),(221,'Voluptates et saepe iure repellat et nemo.',15004.04,99,'0393 McLaughlin Knolls\nLake Lazaro, FL 79762','Dolores animi eligendi sunt voluptas vel non et. Omnis fuga quidem vero ullam. Est quia sapiente sed officia. Voluptatem molestiae qui et sit dolores. Sunt repudiandae voluptatem ipsam enim officia.',0,1,'2014-07-26 19:06:24','2021-09-01 09:30:28',29,25),(222,'Non iste praesentium sint doloribus deleniti facilis molestiae fuga.',20944.50,10,'2835 Franecki Circles\nAlekton, ID 13681-7901','Quibusdam voluptatum et velit cumque magnam aspernatur. Molestias quae fuga eos architecto et numquam ut. Ipsam eum labore consequuntur. Temporibus laboriosam omnis non velit voluptatem consequatur.',0,1,'2013-12-08 01:46:40','2021-09-01 09:30:28',93,11),(223,'Ut cum molestiae esse nulla sit aut voluptatem quos.',15034.69,69,'002 Skiles Common\nAlycechester, WA 92927-7881','Velit rerum qui recusandae accusamus. Placeat distinctio natus voluptatem fuga id. Enim sit ut temporibus autem amet eos. Architecto et at vel quia eligendi laudantium.',0,1,'2014-09-02 02:26:51','2021-09-01 09:30:28',77,76),(224,'Optio numquam quam autem exercitationem minus ut velit.',15010.64,72,'832 Pfeffer Shore Apt. 115\nPort Amira, SD 58777-1436','Quis dolores in accusantium molestiae quasi voluptas temporibus. Rerum consequatur ut culpa. Et mollitia voluptatem doloremque repellat libero id esse. Animi aspernatur aliquam id est quibusdam. Quas expedita nostrum neque quo vero autem eos.',1,0,'2020-06-17 22:24:07','2021-09-01 09:30:28',5,49),(225,'Deleniti repellendus mollitia nihil quisquam maiores numquam sed.',7337514.00,78,'21075 Hulda Ports\nOttisburgh, AK 16176','Quasi distinctio laborum est et ullam eos eius aut. A neque omnis possimus voluptatibus et. Amet laborum architecto vero quas. Molestiae accusantium ea omnis aut.',1,0,'2015-04-14 02:32:22','2021-09-01 09:30:28',94,17),(226,'Qui ducimus magni ea repellat consequatur id eos.',15000.00,47,'08980 Wallace Prairie Apt. 074\nKleinmouth, GA 05061','Magni exercitationem voluptatem possimus non ex sed voluptatem. Corporis odio ducimus quis est vel nobis. In neque qui quis et non officia unde. Blanditiis et animi amet quia et odio impedit.',1,0,'2019-08-20 01:56:17','2021-09-01 09:30:28',56,36),(227,'A aut et et rerum quas laboriosam numquam.',15000.00,7,'1637 Little Spurs Suite 153\nKleinport, NY 10964-7326','Velit cupiditate pariatur et debitis sit aut. Voluptas voluptatem veritatis culpa natus labore. Illum exercitationem nesciunt nihil et numquam. Possimus est nostrum et.',1,0,'2019-12-26 17:57:36','2021-09-01 09:30:28',98,31),(228,'Repellendus porro distinctio voluptas eos quibusdam.',15234.54,56,'001 Nedra Springs\nEast Golden, CA 24049','Quibusdam eum omnis et dolores et et unde. Qui maiores temporibus quae repellat quod aut. Maiores laboriosam sequi earum sunt tempore nam.',1,0,'2017-12-14 09:57:59','2021-09-01 09:30:28',21,44),(229,'Deleniti quod maxime amet et sed rerum.',170615.00,1,'08365 Rau Spring\nAnnabelshire, MS 90852-6079','Omnis cum odit occaecati sint. Et dolor iure aperiam nihil odio. Velit et omnis perspiciatis illum sit voluptate necessitatibus.',0,1,'2019-01-18 08:03:09','2021-09-01 09:30:28',8,29),(230,'Esse suscipit totam eum impedit ipsa ut libero.',23582.53,16,'90971 Gutmann Path Apt. 139\nNorth Bartonside, WI 82145-4536','Nam ut sunt harum porro aut. Sapiente iste numquam cupiditate similique quam illo necessitatibus. Fugit non quasi enim dolores. Tenetur officiis quo cumque quasi enim.',0,1,'2020-12-03 00:13:01','2021-09-01 09:30:28',79,13),(231,'Consequatur illum laborum porro molestiae.',81625.81,30,'805 Ocie Ranch\nNitzscheborough, GA 30430-6522','Ea excepturi eveniet sit placeat rem. Inventore quos sunt sint neque et nobis. Et animi voluptas dolore. Dolor cumque quisquam sed.',0,1,'2019-07-21 01:49:04','2021-09-01 09:30:28',71,75),(232,'Nostrum amet ex unde laudantium sit.',276023813.18,27,'8033 Baumbach Square\nWinfieldview, NV 50338-0229','Et a enim tempora sit rem nulla soluta quia. Sit aut non ipsam doloribus perspiciatis harum perspiciatis enim. Occaecati modi et sapiente maiores labore et expedita eveniet.',0,1,'2018-08-04 12:57:48','2021-09-01 09:30:28',15,37),(233,'Vel rerum est dignissimos voluptatibus praesentium.',52894.00,37,'1903 Kuhn Mall Apt. 945\nDonnellstad, RI 87574','Aut voluptas dolorem consectetur dolorem assumenda debitis repellat quos. Eligendi officia sunt qui sit aut alias aut. Commodi voluptas non qui a et quis sed facere. Totam quis sapiente laudantium minima.',0,1,'2015-10-26 21:36:37','2021-09-01 09:30:28',61,58),(234,'Quam nam quo ut culpa.',816359.45,45,'735 Annamae Loop Suite 648\nNew Ike, DE 03522-3727','Error asperiores molestiae hic eveniet aliquam. Ut iure nobis id ea et corrupti. Est aspernatur repudiandae vel et.',1,0,'2015-12-26 01:37:50','2021-09-01 09:30:28',61,81),(235,'Et quo sint consectetur at qui.',15167.71,23,'176 Isai Plains Suite 629\nFrederiquemouth, HI 91664','Sint aliquam voluptate deleniti voluptas qui saepe. Inventore et quia maxime libero quia. Beatae quidem sint error qui magnam dolores ut.',0,1,'2019-10-21 10:29:10','2021-09-01 09:30:28',23,29),(236,'Est et dolores velit ipsam reiciendis.',15879.76,53,'50306 Jacquelyn Viaduct\nLake Mertieshire, OK 18172-6944','Commodi totam dicta cupiditate atque molestiae corrupti iure sit. Consequatur eaque temporibus amet aperiam sapiente enim quae.',0,1,'2012-11-03 17:00:20','2021-09-01 09:30:28',31,100),(237,'Et quia ex nihil qui.',15000.41,36,'94156 Nicholaus Estate Suite 947\nKalliemouth, IN 99147-6793','Autem temporibus ipsum quisquam cumque sint. Autem et ut dolor voluptates voluptas iusto.',1,0,'2020-02-04 01:50:05','2021-09-01 09:30:28',85,15),(238,'Ullam nam aut commodi quas in optio.',15001.18,71,'803 Marian Port\nSouth Amara, NV 83739-3060','Sit aperiam quas et consequatur reiciendis. Rerum dolorem eos voluptatum unde occaecati similique et. Sint dolores odio eaque quam unde.',1,0,'2016-02-29 11:20:31','2021-09-01 09:30:28',33,75),(239,'Officiis ut architecto explicabo quasi aut minus dolorem quo.',61050013.52,43,'4093 Conn Camp\nPort Joeyhaven, VT 17533-8969','Sed rerum non eos est illum dicta excepturi. Repudiandae praesentium nam aut quia commodi. Voluptatum voluptatum est eveniet quia odio maiores quia.',0,1,'2012-09-08 23:26:24','2021-09-01 09:30:28',10,29),(240,'Totam qui asperiores qui expedita.',567687.23,15,'0308 Friesen Plaza\nPort Hansbury, OH 83006','Consequatur ut ut autem officia modi aut numquam. Optio quibusdam sit quod. Tempora explicabo et possimus deserunt perspiciatis et adipisci.',1,0,'2020-11-05 17:23:13','2021-09-01 09:30:28',51,21),(241,'Eveniet blanditiis minima explicabo aspernatur ad.',117298.70,38,'6494 Saul Corners\nNorth Edmondburgh, NM 70648-3239','Et voluptatem nulla aperiam ducimus et illum repudiandae. Error labore et dolorum tempora beatae quam.',1,0,'2021-08-16 04:03:32','2021-09-01 09:30:28',25,16),(242,'Debitis eum qui maiores.',19512.50,48,'27062 Hirthe Union Apt. 977\nWhitefort, WV 75772','Est ex aut rerum sed saepe est minus. Quam non sint pariatur sint est quaerat. Unde veritatis ut nihil commodi molestias sit ipsam accusamus.',1,0,'2016-09-10 23:55:42','2021-09-01 09:30:28',72,15),(243,'Veniam saepe non reprehenderit sapiente harum ut veniam.',15020.34,5,'01483 Gwendolyn Crossing Apt. 893\nTillmanside, IA 12950-7494','Ut possimus reprehenderit doloremque est labore. Magni adipisci repellat at quod. At doloremque ipsum in ut sequi eum tempore.',0,1,'2017-08-25 08:59:41','2021-09-01 09:30:28',83,29),(244,'Praesentium quis iure est laudantium numquam neque.',21966.37,99,'25961 Zulauf Square\nFelixport, CT 68872-1103','Repellat eaque est similique voluptatem dolorem at. Et vel maxime repellendus nobis rem sint. Sed molestiae voluptates delectus mollitia natus consequuntur. Expedita adipisci sint ratione harum veniam et.',0,1,'2020-11-21 15:27:04','2021-09-01 09:30:28',1,98),(245,'Atque quos facere placeat eum rem non sint.',15000.00,93,'1419 Schmidt Ramp Suite 371\nEast Zacheryhaven, CO 49017-7964','Iusto distinctio quaerat qui deleniti accusantium est facilis. Cumque voluptates ut enim ut id consequatur. Aperiam atque accusamus sed excepturi qui maiores.',1,0,'2019-02-23 00:13:57','2021-09-01 09:30:28',53,4),(246,'In eos nam saepe et delectus.',3493719.30,40,'768 Olen Crossroad Suite 622\nPort Jermainfurt, GA 16452','Non omnis quia officia nostrum ad. Fugit dolore dolor quisquam porro eveniet sequi. Animi qui qui maiores aut rerum non. Hic molestiae error quibusdam animi iusto error.',0,1,'2014-04-10 03:36:14','2021-09-01 09:30:28',63,26),(247,'Rerum illo eum neque distinctio.',20665.35,85,'838 Bauch Crossing Apt. 527\nLangshire, TX 58697','Totam ut labore blanditiis totam quidem. Aut et delectus voluptatem sint qui voluptatem sit. Aspernatur at consequatur sit.',1,0,'2019-11-26 08:39:07','2021-09-01 09:30:28',55,16),(248,'Unde id natus est.',19554.87,93,'2322 Shanahan Brook\nLake Wallace, MS 96340-7987','Officiis itaque sunt sit id aliquam recusandae delectus. Reprehenderit voluptatem impedit harum quo non totam.',0,1,'2021-03-06 06:33:00','2021-09-01 09:30:28',86,1),(249,'Consequatur iusto ullam officiis doloremque.',89851475.51,61,'4503 Tillman Forge Apt. 335\nRowlandton, VA 95569','Officia nisi dolores praesentium excepturi. Corporis quidem voluptatem animi et. Quia porro dolore veniam.',1,0,'2019-06-15 18:50:16','2021-09-01 09:30:28',63,56),(250,'Officiis id fugiat sunt officia qui porro nihil.',6774788.50,48,'7028 McDermott Terrace Apt. 199\nNew Obie, NY 07304-6520','Atque nisi adipisci a ut nesciunt magni fuga. Et assumenda impedit dignissimos.',1,0,'2014-12-18 19:32:07','2021-09-01 09:30:28',59,77),(251,'Laudantium impedit qui neque ab ea.',15001.79,14,'2889 Mozell Throughway\nNew Lauriannestad, KS 44685-9735','Sit odio consequuntur quidem autem qui exercitationem est. Ad eos repellat architecto voluptatem quia libero. Fuga voluptate velit et et iusto consequatur. Laudantium quis autem aut dolore suscipit natus.',1,0,'2016-04-07 18:28:13','2021-09-01 09:30:28',4,16),(252,'Sunt inventore in quasi dolores quo enim ipsa.',41204678.31,19,'914 Jairo Locks Suite 886\nLiamhaven, HI 42956-5176','Facere eos blanditiis placeat nemo dolore nihil. Vel maxime tenetur quis porro error doloremque odit. Quasi fuga autem sed dolorem. Ipsum et sunt molestiae.',1,0,'2015-04-19 13:18:16','2021-09-01 09:30:28',41,49),(253,'Dolor nemo et reiciendis fuga et aut.',52578279.57,13,'45853 Morar Port\nTodchester, DE 13923','Culpa suscipit ratione reiciendis nihil debitis quisquam. Est voluptas ut nihil modi delectus. Animi repellendus quibusdam temporibus vero perferendis molestiae.',0,1,'2016-09-07 09:13:58','2021-09-01 09:30:28',92,96),(254,'Atque rerum cupiditate dolore sunt.',6008040.98,19,'560 Streich Glens\nNorth Rod, OR 13913-2312','Maiores velit vero eos quisquam sapiente molestias. Dolor autem molestias sit amet tenetur. In minus ut quia et reprehenderit. Quos consequatur dolores temporibus doloribus.',1,0,'2018-07-20 09:18:35','2021-09-01 09:30:28',38,34),(255,'Ea et autem facilis qui numquam maxime ad recusandae.',15000.00,32,'5340 Brianne Wall\nNew Wyman, CO 37442-6440','Est totam accusamus sed voluptas ea harum voluptatem. Id esse tenetur sit quis error ut tenetur. Ut eum laborum totam. Harum quo eaque sapiente porro.',0,1,'2020-01-09 20:08:25','2021-09-01 09:30:28',14,81),(256,'Fugit expedita velit nobis amet incidunt.',17554.69,100,'5668 Sipes Canyon\nNorth Neldaton, SC 89897-3875','Ut sit nam laudantium consequatur voluptas maiores ut. Aut consequatur similique pariatur corrupti.',1,0,'2017-03-10 23:11:54','2021-09-01 09:30:28',57,1),(257,'Facere placeat quis ut.',15430.69,85,'405 Misty Field\nLake Mylene, SC 17235-3147','Optio facilis quo dolor. Sed et qui blanditiis soluta ut neque in.',1,0,'2016-09-22 00:22:08','2021-09-01 09:30:28',42,61),(258,'Sapiente minima asperiores consequatur qui recusandae animi.',15056.74,23,'303 Isaiah Flats Suite 592\nMaybellchester, NY 70909-9592','Ipsam fugit eveniet aut. Autem repellat nisi temporibus amet distinctio. Officia tenetur pariatur ipsam et omnis molestias facere. Rerum nesciunt placeat voluptatibus aut at voluptatem veniam.',1,0,'2019-09-09 20:16:13','2021-09-01 09:30:28',36,1),(259,'Nemo fugiat odit molestiae culpa est vitae est.',15000.00,51,'515 Yasmin Islands Apt. 062\nNew Brandtside, NM 17451','Rerum dicta error est. Voluptatem qui quod rerum ut voluptate sed. Labore nihil vel ipsam non aut dolor non. Dolorum enim adipisci et ab fugit commodi cupiditate et.',0,1,'2012-03-13 00:19:09','2021-09-01 09:30:28',56,24),(260,'Velit libero ea saepe placeat dolores dignissimos ipsa iusto.',15432.47,45,'785 Feeney Lodge Suite 194\nIrvingview, SD 63467','Recusandae voluptas optio quod et qui est. Amet laboriosam rerum ea voluptatum nesciunt deserunt. Vitae fuga quam labore aut nostrum doloremque nihil. Consequuntur pariatur quos dignissimos libero ad molestiae.',1,0,'2013-02-06 23:13:40','2021-09-01 09:30:28',69,14),(261,'Quos quas beatae sunt.',2510007.90,77,'0535 Koelpin Rue Apt. 706\nBatzborough, HI 32812-1846','Ipsum perferendis et quam velit. Eveniet saepe corporis eum. Et debitis aut molestiae est impedit qui. Quia facere sapiente qui magnam facilis. Totam quaerat reiciendis velit quibusdam omnis aut excepturi.',0,1,'2018-05-13 14:54:33','2021-09-01 09:30:28',79,97),(262,'Sint ut nisi laudantium quas et.',15000.00,69,'47472 Mante Mountains\nSouth Whitneymouth, FL 54525-8290','Fuga quisquam dolor alias. Nisi qui rerum maxime et sapiente voluptatem temporibus nemo. Enim enim omnis natus. Nam possimus iure rerum et. Aliquam eaque vel rerum aspernatur quisquam quia.',1,0,'2015-05-03 07:07:18','2021-09-01 09:30:28',88,46),(263,'Deleniti porro omnis excepturi enim.',15064.49,77,'8880 Stoltenberg Point Suite 277\nKiannaside, NE 98685','Rerum et aut corporis quod repellat. Suscipit voluptatem rem ut eos. Est dolorum voluptatibus id. Impedit possimus sunt eveniet sit.',1,0,'2012-02-06 10:23:29','2021-09-01 09:30:28',100,35),(264,'Et quas nostrum earum soluta vel.',15027.00,10,'38222 Linda Burg\nTheresebury, OR 80139','Earum dolorem magnam error nobis. In fugiat alias provident porro consequuntur nam. Quod quae velit quod dolor harum beatae consequatur.',0,1,'2013-12-23 07:43:52','2021-09-01 09:30:28',35,36),(265,'Alias a dolorem molestiae ipsa rerum et atque.',15007.87,60,'70622 Dessie Ramp Suite 957\nPort Josefashire, MT 50331-9951','Qui et inventore perspiciatis sit sit ex qui. In corrupti alias delectus quos enim et nesciunt aperiam. Magnam enim quam qui quia reiciendis.',1,0,'2017-08-23 23:16:31','2021-09-01 09:30:28',77,78),(266,'Quia soluta sed molestias non.',15022.24,74,'60095 Hudson Drives Apt. 108\nEast Reinholdland, VA 37704','Culpa et velit qui eum ipsum. Est ab delectus maiores minus eum molestiae. Qui perspiciatis vitae quo libero qui unde.',1,0,'2016-05-26 18:21:23','2021-09-01 09:30:28',79,79),(267,'Officiis aut sed aut impedit error.',15025.22,43,'311 Delphia Station\nTraceyberg, MA 29231','In odit qui optio eveniet. Similique praesentium et voluptatem explicabo velit.',1,0,'2013-09-26 05:51:45','2021-09-01 09:30:28',61,60),(268,'Ullam commodi ullam impedit perferendis.',15002.80,30,'68306 Nolan Vista Apt. 959\nKovacekberg, MN 08233','Qui expedita est qui dolore exercitationem molestiae ea. Omnis quia saepe debitis doloremque consequatur corporis libero. Enim ea sint quod rerum.',0,1,'2019-08-02 06:17:36','2021-09-01 09:30:28',70,64),(269,'Tempora et rerum eos suscipit reiciendis necessitatibus.',15311.65,74,'6527 Schumm Mountains\nBraunshire, ID 52422','Doloribus quaerat illum distinctio impedit incidunt possimus. Nihil reprehenderit et provident mollitia aut est nemo molestias. Et dolorem dolor dolorem delectus ipsam.',1,0,'2013-09-10 01:38:05','2021-09-01 09:30:28',64,41),(270,'Nihil aut aperiam alias et.',5935723.00,24,'041 Graham Plaza Suite 072\nSouth Sylviabury, AL 73847-6897','Non nesciunt saepe delectus provident magni quasi labore. Numquam nesciunt dolores voluptate neque quis. Consectetur fugit delectus nam dolorem similique delectus. Praesentium cupiditate omnis rem qui.',1,0,'2019-01-23 12:22:38','2021-09-01 09:30:28',9,9),(271,'Qui laboriosam eos commodi molestias placeat.',67336.49,66,'382 Americo Circle\nLake Gladys, WI 31355-0340','Enim aperiam dolorem consequuntur voluptatem harum corporis voluptas officiis. Quia tempora magni dolor deleniti quas.',1,0,'2021-02-02 06:10:57','2021-09-01 09:30:28',56,25),(272,'Aut quo reiciendis exercitationem repellat cupiditate et.',775884.83,8,'93671 Kenneth Viaduct Suite 956\nTorpbury, TN 65084-5850','Ipsa quia ea suscipit natus sit. Voluptate et eum ab qui. Ea commodi voluptatem explicabo animi quo. Qui in porro excepturi ad ut qui.',1,0,'2018-11-04 01:29:52','2021-09-01 09:30:28',50,96),(273,'Vel quos excepturi culpa a dolor ut.',35934574.08,42,'643 Littel Path Suite 154\nEast Ottis, KY 33483-7071','Quidem sit non iste at. Non et quos voluptatibus praesentium minus dolorem sed quia. Qui natus expedita et laboriosam dolor nihil odit et. Cumque eum quas voluptas culpa tempora vel officiis.',0,1,'2015-04-23 10:25:34','2021-09-01 09:30:28',81,6),(274,'Quas consequatur animi non quam repellat enim distinctio.',18654.00,71,'3920 Annalise Alley Apt. 822\nGutkowskiview, WV 83769','Qui ipsam rerum commodi molestias pariatur omnis vel. Mollitia odio eveniet facilis rerum id. Officia pariatur sunt laboriosam nesciunt laborum. Unde molestiae ex id rerum rerum esse suscipit.',1,0,'2014-05-21 13:03:24','2021-09-01 09:30:28',56,40),(275,'Voluptatem culpa beatae autem ut labore.',318691285.06,82,'9276 Pfannerstill Pines\nSouth Geovanyberg, MT 33137','Mollitia fugiat quae natus. Ipsa et cupiditate ut impedit autem autem. Dolores aut eum sed et incidunt dolorem officia cum.',0,1,'2017-11-02 10:40:17','2021-09-01 09:30:28',36,83),(276,'Maiores et sunt accusantium.',2193500.40,77,'0154 Kelton Track Apt. 535\nEast Mauricio, NE 02097','Nulla voluptatem voluptatem illo aut magni consequatur architecto. Velit ratione voluptatem velit est velit.',0,1,'2017-08-16 11:58:08','2021-09-01 09:30:28',11,93),(277,'Vero velit illo quia amet doloremque.',133332.82,99,'28940 Larson Trace\nLake Rodolfomouth, MS 89112','Vel odio est recusandae ipsa quod in dicta ullam. Ut ipsum omnis recusandae atque minima quia. Id dolore voluptate dicta et. Commodi pariatur reiciendis necessitatibus amet.',0,1,'2018-08-23 00:02:41','2021-09-01 09:30:28',47,15),(278,'Architecto aut iste nesciunt minima et.',15255.00,80,'21834 Akeem Road Suite 559\nNorth Stuart, AR 94268','Ut iusto et porro facilis officia illum nisi. Non consequatur repellendus odio ut ex numquam omnis. Nesciunt perspiciatis quas voluptate dolorum ducimus. Et tempora reiciendis ea voluptatem recusandae. Corporis consequatur aut eveniet ut.',0,1,'2018-07-21 19:24:57','2021-09-01 09:30:28',2,96),(279,'Natus sequi ea asperiores dolorem rerum repellendus.',58294.09,59,'0350 Quinton Mall Suite 004\nAbshireview, WY 42832-0930','Rerum totam possimus maiores culpa commodi. Magnam ut adipisci nesciunt recusandae itaque in et. Maiores qui corporis beatae accusamus. Velit porro rerum esse.',1,0,'2012-09-17 12:23:40','2021-09-01 09:30:28',67,33),(280,'Cupiditate sed sunt numquam debitis.',15002.87,23,'858 Hammes Cliff Suite 894\nNorth Ariannaside, NC 93479','Est autem facilis quae. Labore excepturi dolores rerum accusamus. Molestiae voluptatem dolorem porro dolores delectus.',1,0,'2019-01-20 22:00:57','2021-09-01 09:30:28',30,79),(281,'Nesciunt quas temporibus deleniti.',35047244.00,60,'49219 Cartwright Inlet Suite 318\nRenebury, KY 20253-8315','A ex quia harum libero. Sunt nihil neque vero qui sed ratione. Quia quisquam minus numquam nostrum nulla repellat. Qui non non atque quidem omnis sint non ullam.',0,1,'2012-06-27 06:22:49','2021-09-01 09:30:28',49,96),(282,'Accusantium necessitatibus culpa dignissimos enim at voluptatem.',2366776.06,51,'2167 Kaylie Cape\nOsborneburgh, NC 14475-9624','Recusandae consequatur reiciendis praesentium esse non qui modi. Ducimus distinctio veritatis a aut. Qui sed atque similique neque sit exercitationem doloremque.',0,1,'2013-11-15 15:06:30','2021-09-01 09:30:28',52,41),(283,'Quidem odio facere veritatis repudiandae.',15066.77,89,'916 Wellington Mall\nLake Clara, OR 01419','Id ipsa optio consequatur qui est consectetur quia. Exercitationem incidunt et natus sint. Iure illo quia et vero. Sit molestias velit voluptates qui sit neque.',1,0,'2018-01-30 05:20:44','2021-09-01 09:30:28',13,16),(284,'Minus non temporibus voluptatem omnis laudantium et et.',15055.07,91,'20416 Alberto Fort\nLake Jerryburgh, NJ 78417-9243','Saepe consequatur tempore porro rerum omnis incidunt. Est tempora velit eos quasi. Nostrum accusamus esse voluptate deserunt et aut rerum.',1,0,'2016-12-22 03:05:09','2021-09-01 09:30:28',8,58),(285,'Ratione aut architecto ut.',15005.00,57,'156 Vandervort Lodge\nEast Calimouth, MI 45720','Molestiae voluptates aperiam excepturi ipsam laborum qui laboriosam. Modi assumenda adipisci voluptas reprehenderit atque. Dolorem non fugiat ut consequuntur commodi modi. Molestiae enim consequatur est. Neque repellendus et assumenda exercitationem sunt nihil voluptas.',0,1,'2012-04-14 02:25:31','2021-09-01 09:30:28',1,43),(286,'Omnis ut non distinctio sint omnis porro veritatis.',15000.46,81,'359 Orn Lights Apt. 913\nLemkemouth, VT 25920','Corporis occaecati numquam excepturi hic. Qui doloremque molestiae dicta sapiente error. Eum sed minus libero fugiat culpa nihil ut. Quam modi non maiores. Mollitia praesentium sint magni ullam sit commodi.',0,1,'2014-07-17 14:55:00','2021-09-01 09:30:28',79,39),(287,'Minus magnam inventore officia minima quaerat quos eos sunt.',15000.00,78,'156 Schneider Isle Apt. 536\nSkylaville, AZ 59785-1208','Similique vitae debitis occaecati qui laborum sint. Quidem sit aut qui molestiae. Aspernatur sunt minima ad libero eius voluptatem aut odio. Quia odit natus aut eaque a.',0,1,'2017-11-07 15:05:32','2021-09-01 09:30:28',95,65),(288,'Amet itaque unde necessitatibus laudantium.',1126216.71,100,'03897 Kuhlman Village\nPfannerstillshire, KY 75433-3307','Cupiditate ipsum eos nam. Laborum ut nesciunt alias aut nihil libero. Nihil nobis dolorem voluptatum quia. Voluptatem sunt sed corrupti labore incidunt fuga deleniti.',0,1,'2012-07-15 04:24:33','2021-09-01 09:30:28',34,10),(289,'Doloribus beatae sequi et corrupti molestias.',15000.10,69,'561 Shanahan Squares Apt. 836\nHegmannport, MO 40966','Consequatur at iusto maiores quisquam. Quibusdam accusantium dolore sunt omnis nesciunt. Nam et consequuntur nisi.',1,0,'2016-03-18 14:19:26','2021-09-01 09:30:28',87,52),(290,'Ab molestiae quod qui quam explicabo magnam.',21654.34,26,'740 Quinten Plains Apt. 202\nTheodorestad, OR 60986-8298','Omnis iste quasi mollitia soluta. Fugiat soluta reprehenderit facilis in similique exercitationem voluptas. Rem amet ullam fugit et quos tenetur a occaecati.',0,1,'2014-05-24 12:29:12','2021-09-01 09:30:28',32,31),(291,'Velit non sit maiores voluptatem natus est.',2617906.70,88,'8795 Beer Hollow Apt. 180\nZiemeburgh, IN 29012','Sed facilis laborum amet dolores voluptatem quis. Unde rerum et est explicabo quidem. Praesentium aperiam aspernatur non iure.',1,0,'2014-11-08 19:46:07','2021-09-01 09:30:28',99,97),(292,'Maxime neque beatae similique eaque eveniet ipsum.',824392.00,24,'716 Ellen Course Apt. 903\nNikolausfurt, VA 61614-3355','Minima eius maxime et sed quia rerum libero porro. Laborum nobis distinctio enim et ea officia. Mollitia molestiae quia corporis. Culpa ad vel tempore.',1,0,'2011-12-19 07:46:30','2021-09-01 09:30:28',98,92),(293,'Illum modi sed qui sunt repudiandae minima.',68004921.00,92,'56027 Estefania Overpass Suite 314\nNew Vidal, WY 68448-1360','Ut inventore debitis amet enim aperiam voluptates. Quia odio odit quam dolores voluptas deserunt sunt. Recusandae quia quibusdam reprehenderit velit blanditiis. Consectetur ipsam quis nisi incidunt.',1,0,'2012-05-17 07:30:14','2021-09-01 09:30:28',92,71),(294,'Atque neque et rerum.',15023.48,35,'3347 Zieme Mission Suite 116\nLake Allisonchester, WI 93781','Qui eos distinctio facilis ab. Quis vitae non facere accusamus et. Est quod omnis eligendi consectetur ipsum eum asperiores. Facilis vitae exercitationem doloremque ut. Magnam rem libero maiores.',1,0,'2011-12-26 03:09:07','2021-09-01 09:30:28',67,75),(295,'Aut totam quos laboriosam.',75331.65,88,'0307 Collier Port\nAglaeberg, NC 56523','Consequuntur modi doloremque accusamus. Quibusdam illo dolor autem vero. Sequi cumque repellat a optio possimus ipsam.',1,0,'2014-07-15 08:40:14','2021-09-01 09:30:28',56,64),(296,'Reiciendis voluptate aut saepe sed optio.',15042.77,9,'5005 Faustino Rapids Suite 703\nDanielmouth, OH 33662-7007','Magni sapiente aut mollitia omnis ducimus nemo. Quo nihil dolores et laudantium et aperiam harum.',0,1,'2016-07-03 20:58:48','2021-09-01 09:30:28',80,96),(297,'Rerum odit doloremque id.',17706.28,34,'50792 Jaskolski Heights\nEast Oran, OH 56597','Adipisci voluptas placeat deserunt sed voluptatem. Mollitia veritatis nemo unde incidunt quae modi. Laudantium eos quasi veniam non. Voluptas atque dolor autem maiores libero porro reiciendis.',1,0,'2013-06-28 01:21:40','2021-09-01 09:30:28',29,84),(298,'Eum aspernatur nobis iste quibusdam dolores laudantium quaerat.',19120.77,2,'6970 Reichert Drive\nHowardmouth, TN 65361-3385','Facilis facere hic odio explicabo. Repellat provident totam eveniet voluptas a. Dolorem eligendi voluptas vitae culpa in vel. Qui aperiam dignissimos et quo repellat officia sapiente.',1,0,'2019-06-14 18:06:31','2021-09-01 09:30:28',7,35),(299,'Est sit soluta non dolore accusantium.',15022.09,22,'228 Miracle Circle\nNorth Davon, LA 44895','Labore aut enim quibusdam ea voluptas eum. Quia quas reprehenderit architecto. Aut facilis et deserunt ipsa non maxime autem quia. Neque dignissimos nisi omnis quam quaerat ad eum nisi.',0,1,'2014-01-29 14:16:42','2021-09-01 09:30:28',47,20),(300,'Id eveniet cupiditate repellat hic.',4742356.83,31,'849 Mayert Club\nSouth Everettehaven, HI 56503-9430','Laboriosam et minima pariatur porro dolorem. Praesentium in molestiae quos sed sit. Et aliquid accusantium nisi excepturi. Assumenda molestiae est temporibus aut atque temporibus unde.',1,0,'2017-07-24 04:25:07','2021-09-01 09:30:28',11,95);
/*!40000 ALTER TABLE `advertisements` ENABLE KEYS */;
UNLOCK TABLES;

--
-- Table structure for table `cities`
--

DROP TABLE IF EXISTS `cities`;
/*!40101 SET @saved_cs_client     = @@character_set_client */;
/*!40101 SET character_set_client = utf8 */;
CREATE TABLE `cities` (
  `id` int(10) unsigned NOT NULL AUTO_INCREMENT,
  `city` varchar(150) COLLATE utf8mb4_unicode_ci NOT NULL,
  `created_at` datetime DEFAULT current_timestamp(),
  `updated_at` datetime DEFAULT current_timestamp() ON UPDATE current_timestamp(),
  PRIMARY KEY (`id`)
) ENGINE=InnoDB AUTO_INCREMENT=101 DEFAULT CHARSET=utf8mb4 COLLATE=utf8mb4_unicode_ci;
/*!40101 SET character_set_client = @saved_cs_client */;

--
-- Dumping data for table `cities`
--

LOCK TABLES `cities` WRITE;
/*!40000 ALTER TABLE `cities` DISABLE KEYS */;
INSERT INTO `cities` VALUES (1,'Robertsville','2012-08-02 22:06:43','2018-06-26 06:45:55'),(2,'West Rahsaan','2015-11-15 14:06:12','2021-08-23 18:30:30'),(3,'Hagenesland','2015-07-26 10:20:09','2019-09-18 23:40:09'),(4,'Brakusberg','2021-08-06 10:17:47','2021-08-23 18:30:30'),(5,'Lake Kathrynechester','2012-11-27 14:10:23','2014-01-02 21:37:43'),(6,'South Declan','2018-11-11 19:53:29','2021-08-23 18:30:30'),(7,'Lake Susana','2018-07-04 14:57:18','2021-08-23 18:30:30'),(8,'Weissnatfort','2020-10-31 11:36:28','2021-08-23 18:30:30'),(9,'South Rosinashire','2016-06-23 12:37:52','2021-08-23 18:30:30'),(10,'West Freeda','2021-07-18 19:01:19','2021-08-23 18:30:30'),(11,'Corkerytown','2016-11-11 00:04:48','2021-08-23 18:30:30'),(12,'Lake Ardenmouth','2015-09-07 14:14:53','2015-11-27 12:34:15'),(13,'Port Maximilliashire','2020-11-30 00:44:24','2021-08-23 18:30:30'),(14,'North Loymouth','2014-01-08 21:57:55','2021-08-23 18:30:30'),(15,'New Madisonside','2019-01-20 16:38:42','2021-08-23 18:30:30'),(16,'Jamarstad','2018-10-29 09:20:32','2021-05-10 16:42:30'),(17,'New Chet','2021-08-19 18:46:59','2021-08-23 18:30:30'),(18,'Kearaberg','2016-11-09 12:05:13','2017-07-02 20:27:01'),(19,'New Katelynn','2015-09-03 07:14:44','2016-09-23 05:47:13'),(20,'Schoenmouth','2016-01-31 05:54:48','2021-08-23 18:30:30'),(21,'Kuhnhaven','2013-07-28 21:06:15','2014-06-21 09:04:29'),(22,'Schillerborough','2014-03-13 02:52:13','2020-03-18 01:52:44'),(23,'Deckowstad','2021-02-06 04:20:06','2021-08-23 18:30:30'),(24,'West Susanport','2016-04-25 23:44:46','2021-08-23 18:30:30'),(25,'McKenziefurt','2012-11-27 00:16:55','2013-10-25 22:06:51'),(26,'Quigleyfort','2017-02-24 18:19:52','2021-08-23 18:30:30'),(27,'Lake Alda','2016-07-08 07:25:27','2016-09-03 15:03:09'),(28,'Ritchieshire','2020-11-26 05:44:46','2021-08-23 18:30:30'),(29,'Dennismouth','2015-12-15 10:37:39','2020-10-07 02:23:12'),(30,'Connerfort','2017-11-09 07:40:22','2020-09-23 13:54:44'),(31,'Mannstad','2021-08-18 12:20:19','2021-08-23 18:30:30'),(32,'North Jaedentown','2011-10-18 13:19:05','2018-04-21 11:21:19'),(33,'Schroedershire','2011-12-10 23:13:41','2021-03-14 04:00:52'),(34,'East Jesus','2015-01-30 13:40:31','2018-10-24 04:24:40'),(35,'New Carley','2018-11-12 03:10:04','2021-05-10 00:36:09'),(36,'East Keonport','2012-04-04 12:31:53','2021-01-25 18:24:11'),(37,'New Charity','2016-05-02 00:45:31','2018-07-14 13:49:15'),(38,'Port Myles','2018-04-01 18:03:56','2018-08-21 13:05:22'),(39,'Quigleymouth','2016-08-08 00:12:08','2021-06-01 21:28:26'),(40,'Montyland','2019-12-13 17:33:24','2021-08-23 18:30:30'),(41,'South Ramonamouth','2012-09-19 18:37:27','2021-06-02 05:35:40'),(42,'East Francesco','2021-02-10 23:50:21','2021-08-23 18:30:30'),(43,'Marianburgh','2011-11-15 11:30:58','2019-07-13 20:25:00'),(44,'Lake April','2016-04-19 14:18:11','2017-08-11 23:52:41'),(45,'Deshawnview','2015-01-28 04:08:22','2021-08-23 18:30:30'),(46,'Wilhelminetown','2018-12-12 02:12:39','2020-04-14 13:18:53'),(47,'Laurinebury','2014-05-14 12:00:51','2019-01-18 10:17:51'),(48,'Roslynland','2011-12-08 12:45:18','2013-04-24 21:05:46'),(49,'New Guido','2018-10-20 15:56:34','2021-08-23 18:30:30'),(50,'South Alexa','2017-06-19 02:43:38','2021-08-23 18:30:30'),(51,'Maurineville','2017-08-07 11:23:55','2021-08-23 18:30:30'),(52,'Christyburgh','2013-05-22 22:55:38','2016-04-06 12:50:10'),(53,'Erikabury','2012-08-08 09:27:55','2012-11-07 18:32:02'),(54,'Eulahville','2018-04-10 08:50:14','2021-08-23 18:30:30'),(55,'Goldenview','2014-09-06 04:27:47','2021-08-23 18:30:30'),(56,'Clayfort','2018-05-07 22:33:19','2021-08-23 18:30:30'),(57,'Hermanstad','2021-05-26 04:28:13','2021-08-23 18:30:30'),(58,'Bayerstad','2017-09-16 04:55:02','2021-08-23 18:30:30'),(59,'Willisfurt','2021-06-02 12:49:52','2021-08-23 18:30:30'),(60,'Murielfort','2014-04-14 13:27:11','2021-08-23 18:30:30'),(61,'West Keaganburgh','2015-03-01 04:58:45','2019-10-14 15:44:32'),(62,'Port Stephanfurt','2013-05-21 17:58:32','2019-11-29 06:29:31'),(63,'Lake Jarrett','2013-05-21 11:01:44','2021-08-23 18:30:30'),(64,'East Virgieberg','2018-12-30 20:35:47','2021-08-23 18:30:30'),(65,'South Micaelashire','2017-02-02 12:44:13','2021-08-23 18:30:30'),(66,'West Ryann','2012-10-30 08:13:52','2019-09-05 00:58:31'),(67,'Willardmouth','2018-07-20 05:43:08','2021-08-23 18:30:30'),(68,'Bogisichton','2020-08-20 06:01:09','2021-08-23 18:30:30'),(69,'Leifchester','2019-03-23 19:16:56','2021-08-23 18:30:30'),(70,'South Kaseytown','2020-01-01 05:21:49','2021-08-23 18:30:30'),(71,'East Enrique','2016-02-16 03:54:34','2021-08-23 18:30:30'),(72,'Winnifredbury','2017-11-02 23:07:09','2019-11-17 05:29:33'),(73,'East Laurence','2015-06-09 21:57:17','2021-08-23 18:30:30'),(74,'West Merrittport','2019-06-12 11:29:03','2019-12-29 04:32:16'),(75,'Wainoborough','2020-11-05 20:17:29','2021-08-23 18:30:30'),(76,'North Aminatown','2014-09-24 22:22:23','2021-08-23 18:30:30'),(77,'Port Pricemouth','2018-11-03 13:33:36','2019-12-08 13:01:00'),(78,'Port Dina','2017-11-05 01:19:38','2021-08-23 18:30:30'),(79,'Gunnarmouth','2016-12-13 16:36:37','2021-08-23 18:30:30'),(80,'Port Faehaven','2011-10-16 23:30:48','2019-09-20 18:43:00'),(81,'McCluremouth','2019-05-12 22:30:42','2021-08-23 18:30:30'),(82,'Lake Josianne','2011-10-29 01:36:36','2012-08-01 05:26:33'),(83,'East Marlinside','2014-03-20 09:18:46','2020-05-15 15:48:34'),(84,'Lake Reeseville','2014-05-19 16:14:17','2017-10-13 11:50:45'),(85,'Johnsshire','2018-02-19 19:05:31','2021-08-23 18:30:30'),(86,'Lake Ibrahim','2015-10-01 21:10:10','2021-02-19 01:13:10'),(87,'South Douglaston','2013-02-28 05:24:48','2016-08-04 01:55:05'),(88,'Juliafurt','2020-09-19 23:24:48','2021-08-23 18:30:30'),(89,'New Kallieside','2018-07-14 08:01:58','2021-02-07 03:29:26'),(90,'Ilaville','2012-12-26 06:29:51','2018-01-18 22:52:49'),(91,'West Carolynfort','2017-02-14 22:48:54','2021-08-23 18:30:30'),(92,'East Llewellyn','2021-06-13 21:09:37','2021-08-23 18:30:30'),(93,'South Damion','2015-04-15 22:19:34','2021-08-23 18:30:30'),(94,'Port Eloisafurt','2015-08-11 21:48:33','2018-12-26 15:56:16'),(95,'Laurianeburgh','2013-02-15 19:46:46','2020-12-14 14:03:06'),(96,'Zulaufborough','2011-08-29 16:31:06','2013-09-13 20:40:18'),(97,'Port Ambrose','2018-04-13 10:32:20','2021-06-27 07:55:31'),(98,'Wehnerstad','2016-12-24 14:43:42','2017-04-22 11:59:12'),(99,'Matildemouth','2013-04-19 06:37:47','2014-12-02 03:14:29'),(100,'North Rowlandstad','2017-08-14 06:37:29','2020-11-11 08:42:44');
/*!40000 ALTER TABLE `cities` ENABLE KEYS */;
UNLOCK TABLES;

--
-- Table structure for table `countries`
--

DROP TABLE IF EXISTS `countries`;
/*!40101 SET @saved_cs_client     = @@character_set_client */;
/*!40101 SET character_set_client = utf8 */;
CREATE TABLE `countries` (
  `id` int(10) unsigned NOT NULL AUTO_INCREMENT,
  `country` varchar(150) COLLATE utf8mb4_unicode_ci NOT NULL,
  `created_at` datetime DEFAULT current_timestamp(),
  `updated_at` datetime DEFAULT current_timestamp() ON UPDATE current_timestamp(),
  PRIMARY KEY (`id`)
) ENGINE=InnoDB AUTO_INCREMENT=101 DEFAULT CHARSET=utf8mb4 COLLATE=utf8mb4_unicode_ci;
/*!40101 SET character_set_client = @saved_cs_client */;

--
-- Dumping data for table `countries`
--

LOCK TABLES `countries` WRITE;
/*!40000 ALTER TABLE `countries` DISABLE KEYS */;
INSERT INTO `countries` VALUES (1,'Brunei Darussalam','2019-08-28 11:23:30','2020-09-07 01:40:02'),(2,'Swaziland','2019-01-22 21:47:50','2019-12-20 15:13:20'),(3,'Aruba','2019-08-08 10:30:11','2021-08-23 18:31:32'),(4,'Grenada','2018-12-20 12:49:12','2021-08-23 18:31:32'),(5,'Latvia','2018-02-17 18:59:59','2021-08-23 18:31:32'),(6,'Mauritania','2016-10-01 00:18:42','2017-02-07 01:19:22'),(7,'Saudi Arabia','2014-11-21 07:57:58','2021-08-23 18:31:32'),(8,'Greenland','2016-10-18 08:09:27','2017-07-23 22:00:09'),(9,'Nepal','2021-04-11 13:30:49','2021-08-23 18:31:32'),(10,'Swaziland','2018-02-26 09:56:36','2021-08-23 18:31:32'),(11,'Sierra Leone','2018-03-27 16:51:25','2021-08-23 18:31:32'),(12,'Tonga','2016-04-12 06:35:25','2021-08-23 18:31:32'),(13,'Sweden','2014-05-27 21:52:22','2019-09-16 10:36:54'),(14,'Cayman Islands','2014-01-27 21:37:05','2016-09-30 10:00:14'),(15,'Panama','2018-01-04 16:04:18','2020-06-14 17:23:56'),(16,'Jordan','2011-08-27 05:44:43','2018-01-17 22:23:22'),(17,'Taiwan','2016-05-22 23:53:38','2017-06-24 13:59:34'),(18,'Barbados','2014-10-26 06:48:58','2018-03-27 16:58:51'),(19,'Bermuda','2021-05-05 23:48:56','2021-08-23 18:31:32'),(20,'Guadeloupe','2019-03-03 10:40:15','2021-02-07 03:39:05'),(21,'Micronesia','2014-05-30 06:42:35','2015-09-14 15:55:41'),(22,'Tokelau','2017-03-01 08:39:44','2021-08-23 18:31:32'),(23,'Mexico','2013-04-12 16:18:08','2013-09-26 08:47:20'),(24,'Australia','2019-09-30 07:58:38','2021-08-23 18:31:32'),(25,'Spain','2012-07-15 16:44:54','2021-08-23 18:31:32'),(26,'Niue','2013-03-20 15:27:21','2018-08-30 18:38:35'),(27,'Montserrat','2012-06-30 08:51:26','2021-08-23 18:31:32'),(28,'Norfolk Island','2014-01-28 08:52:40','2014-01-29 11:47:18'),(29,'Kiribati','2017-02-27 06:31:35','2021-08-23 18:31:32'),(30,'Saint Lucia','2013-04-25 12:41:07','2013-06-18 19:09:18'),(31,'Singapore','2020-08-03 20:52:58','2020-08-11 22:20:02'),(32,'Slovakia (Slovak Republic)','2014-08-21 21:42:25','2019-03-05 13:27:45'),(33,'Cameroon','2018-07-25 23:09:56','2021-08-23 18:31:32'),(34,'United Kingdom','2021-08-16 11:23:30','2021-08-23 18:31:32'),(35,'Puerto Rico','2014-10-25 06:19:27','2015-11-03 22:08:22'),(36,'Guatemala','2014-03-24 05:28:00','2021-08-23 18:31:32'),(37,'Lebanon','2018-01-17 18:27:38','2019-01-04 00:13:07'),(38,'Kuwait','2017-07-22 05:17:25','2018-05-02 08:05:56'),(39,'Portugal','2016-05-17 11:08:35','2021-02-06 22:47:20'),(40,'Jersey','2018-01-10 04:03:56','2019-11-26 21:27:55'),(41,'Norway','2014-09-25 19:14:12','2021-08-23 18:31:32'),(42,'Armenia','2021-05-04 15:42:30','2021-08-23 18:31:32'),(43,'Ukraine','2018-12-28 21:01:22','2021-08-23 18:31:32'),(44,'Lao People\'s Democratic Republic','2013-03-23 18:15:22','2020-08-02 02:08:12'),(45,'Bolivia','2012-09-11 06:00:10','2013-12-26 09:58:25'),(46,'Senegal','2015-01-25 16:53:52','2019-03-20 17:39:04'),(47,'Lebanon','2015-09-11 05:51:32','2021-08-23 18:31:32'),(48,'Samoa','2014-03-01 01:21:13','2021-08-23 18:31:32'),(49,'Solomon Islands','2019-02-20 15:02:52','2021-08-23 18:31:32'),(50,'Cameroon','2020-08-24 02:59:21','2021-08-23 18:31:32'),(51,'Venezuela','2012-11-03 02:48:01','2017-01-18 09:23:52'),(52,'Montenegro','2016-04-29 07:47:01','2016-12-05 17:17:45'),(53,'Oman','2012-01-22 02:09:09','2016-04-20 08:50:29'),(54,'Austria','2018-05-09 18:13:23','2021-08-23 18:31:32'),(55,'Nicaragua','2019-01-15 02:58:48','2021-08-23 18:31:32'),(56,'Cameroon','2019-09-17 22:24:09','2021-08-23 18:31:32'),(57,'Malta','2021-05-20 17:11:16','2021-08-23 18:31:32'),(58,'Faroe Islands','2018-10-14 09:00:30','2020-11-13 01:32:29'),(59,'Aruba','2017-07-27 07:37:16','2021-08-23 18:31:32'),(60,'Burkina Faso','2012-03-12 16:16:59','2017-01-12 21:58:46'),(61,'Isle of Man','2018-09-15 03:53:17','2021-08-23 18:31:32'),(62,'Kuwait','2016-09-14 15:18:09','2018-01-06 06:44:55'),(63,'Solomon Islands','2015-11-25 04:41:00','2020-11-20 04:10:42'),(64,'Timor-Leste','2014-05-24 13:02:27','2019-07-07 17:20:30'),(65,'Paraguay','2019-02-07 13:01:09','2021-08-23 18:31:32'),(66,'Tunisia','2015-03-15 02:36:59','2021-08-23 18:31:32'),(67,'Benin','2020-08-05 02:23:48','2021-08-23 18:31:32'),(68,'Macao','2013-12-19 07:46:36','2021-08-23 18:31:32'),(69,'Chile','2014-10-16 07:28:38','2019-05-05 16:10:23'),(70,'Libyan Arab Jamahiriya','2020-09-16 19:53:54','2021-08-23 18:31:32'),(71,'Qatar','2016-03-18 21:59:31','2018-08-23 04:22:02'),(72,'Luxembourg','2018-04-03 03:32:31','2021-08-23 18:31:32'),(73,'Antigua and Barbuda','2018-12-05 15:20:05','2021-08-23 18:31:32'),(74,'Panama','2017-12-10 09:35:17','2021-08-23 18:31:32'),(75,'Timor-Leste','2013-12-28 11:08:16','2021-06-28 16:24:54'),(76,'Nigeria','2016-07-22 11:44:34','2020-08-20 14:30:07'),(77,'Togo','2013-12-19 15:01:40','2014-03-12 12:07:51'),(78,'Brunei Darussalam','2016-07-07 15:09:06','2021-08-23 18:31:32'),(79,'Eritrea','2017-04-25 00:02:16','2021-08-23 18:31:32'),(80,'Senegal','2017-01-13 14:38:42','2021-08-23 18:31:32'),(81,'British Virgin Islands','2020-04-10 14:51:41','2021-08-23 18:31:32'),(82,'San Marino','2014-07-14 00:01:45','2015-07-27 16:23:43'),(83,'Chad','2014-10-29 15:04:14','2018-11-23 03:48:32'),(84,'Brunei Darussalam','2017-01-03 17:34:18','2021-08-23 18:31:32'),(85,'Denmark','2015-03-02 13:56:36','2021-08-23 18:31:32'),(86,'Montenegro','2012-06-28 03:55:29','2020-09-09 14:26:43'),(87,'Tokelau','2014-06-14 03:39:22','2016-03-24 21:09:47'),(88,'Cape Verde','2011-12-30 07:03:58','2017-07-13 02:43:05'),(89,'Sri Lanka','2017-10-21 02:12:00','2017-11-15 11:35:33'),(90,'Turkey','2018-04-07 23:07:03','2021-08-23 18:31:32'),(91,'Liberia','2015-10-30 09:50:34','2019-06-24 14:17:53'),(92,'Australia','2021-01-29 02:55:15','2021-08-23 18:31:32'),(93,'Mongolia','2014-02-28 07:56:42','2021-08-23 18:31:32'),(94,'Azerbaijan','2019-12-04 04:52:13','2021-08-23 18:31:32'),(95,'Morocco','2021-08-07 05:16:01','2021-08-23 18:31:32'),(96,'Hong Kong','2017-04-25 20:28:56','2018-10-29 01:14:57'),(97,'Nicaragua','2019-07-22 08:44:51','2021-08-23 18:31:32'),(98,'France','2019-11-27 07:07:15','2021-08-23 18:31:32'),(99,'Vanuatu','2013-05-30 09:10:46','2013-09-15 10:31:55'),(100,'Czech Republic','2016-10-30 06:58:16','2021-08-23 18:31:32');
/*!40000 ALTER TABLE `countries` ENABLE KEYS */;
UNLOCK TABLES;

--
-- Table structure for table `favorit_ads`
--

DROP TABLE IF EXISTS `favorit_ads`;
/*!40101 SET @saved_cs_client     = @@character_set_client */;
/*!40101 SET character_set_client = utf8 */;
CREATE TABLE `favorit_ads` (
  `user_id` int(10) unsigned NOT NULL,
  `advertisement_id` int(10) unsigned NOT NULL,
  `created_at` datetime DEFAULT current_timestamp(),
  `updated_at` datetime DEFAULT current_timestamp() ON UPDATE current_timestamp(),
  PRIMARY KEY (`user_id`,`advertisement_id`),
  KEY `favorit_ads_advertisement_id_fk` (`advertisement_id`),
  CONSTRAINT `favorit_ads_advertisement_id_fk` FOREIGN KEY (`advertisement_id`) REFERENCES `advertisements` (`id`) ON DELETE CASCADE,
  CONSTRAINT `favorit_ads_user_id_fk` FOREIGN KEY (`user_id`) REFERENCES `users` (`id`) ON DELETE CASCADE
) ENGINE=InnoDB DEFAULT CHARSET=utf8mb4 COLLATE=utf8mb4_unicode_ci;
/*!40101 SET character_set_client = @saved_cs_client */;

--
-- Dumping data for table `favorit_ads`
--

LOCK TABLES `favorit_ads` WRITE;
/*!40000 ALTER TABLE `favorit_ads` DISABLE KEYS */;
INSERT INTO `favorit_ads` VALUES (1,75,'2013-10-06 11:36:30','2021-08-23 22:10:22'),(1,108,'2016-02-22 17:35:28','2021-08-23 22:10:22'),(2,78,'2013-11-12 03:55:48','2021-08-23 22:10:22'),(2,254,'2016-11-18 12:34:15','2021-08-23 22:10:22'),(3,57,'2012-10-23 05:39:02','2021-08-23 22:10:22'),(3,250,'2013-09-10 19:45:26','2021-08-23 22:10:22'),(3,283,'2019-01-21 02:02:09','2021-08-23 22:10:22'),(4,41,'2016-12-24 07:29:50','2021-08-23 22:10:22'),(5,18,'2013-08-18 09:14:57','2021-08-23 22:10:22'),(5,34,'2016-05-12 11:16:32','2021-08-23 22:10:22'),(5,54,'2013-02-02 18:54:32','2021-08-23 22:10:22'),(5,114,'2013-05-16 04:45:13','2021-08-23 22:10:22'),(5,167,'2018-06-02 05:40:27','2021-08-23 22:10:22'),(5,198,'2020-11-18 01:32:42','2021-08-23 22:10:22'),(5,229,'2019-09-30 05:12:15','2021-08-23 22:10:22'),(6,269,'2015-07-12 16:05:24','2021-08-23 22:10:22'),(7,89,'2012-08-18 00:14:51','2021-08-23 22:10:22'),(7,125,'2014-09-05 10:52:29','2021-08-23 22:10:22'),(7,224,'2017-08-03 23:08:01','2021-08-23 22:10:22'),(8,125,'2019-05-21 03:59:05','2021-08-23 22:10:22'),(8,186,'2019-02-27 20:28:40','2021-08-23 22:10:22'),(8,270,'2013-08-06 06:37:13','2021-08-23 22:10:22'),(8,272,'2020-07-15 16:08:41','2021-08-23 22:10:22'),(8,285,'2016-12-21 14:03:02','2021-08-23 22:10:22'),(9,278,'2020-11-13 13:24:27','2021-08-23 22:10:22'),(10,64,'2012-10-29 11:54:12','2021-08-23 22:10:22'),(10,136,'2015-10-08 00:33:52','2021-08-23 22:10:22'),(10,274,'2012-12-09 17:22:55','2021-08-23 22:10:22'),(12,103,'2018-09-18 20:43:41','2021-08-23 22:10:22'),(12,155,'2021-03-23 01:05:24','2021-08-23 22:10:22'),(12,158,'2013-07-09 23:20:14','2021-08-23 22:10:22'),(12,168,'2021-06-09 22:05:22','2021-08-23 22:10:22'),(12,183,'2012-10-10 16:46:01','2021-08-23 22:10:22'),(12,214,'2019-08-20 00:27:49','2021-08-23 22:10:22'),(12,259,'2018-01-16 18:06:02','2021-08-23 22:10:22'),(13,120,'2012-04-23 13:09:16','2021-08-23 22:10:22'),(13,184,'2013-10-18 10:35:01','2021-08-23 22:10:22'),(14,18,'2017-11-30 11:16:55','2021-08-23 22:10:22'),(14,235,'2017-11-11 07:14:58','2021-08-23 22:10:22'),(14,237,'2012-05-23 16:24:57','2021-08-23 22:10:22'),(14,265,'2013-02-12 06:27:05','2021-08-23 22:10:22'),(15,171,'2019-02-23 16:38:39','2021-08-23 22:10:22'),(15,174,'2012-02-09 16:23:09','2021-08-23 22:10:22'),(16,148,'2013-06-17 05:45:53','2021-08-23 22:10:22'),(16,208,'2019-08-11 17:53:36','2021-08-23 22:10:22'),(16,242,'2016-04-30 16:10:35','2021-08-23 22:10:22'),(17,187,'2016-06-20 16:58:22','2021-08-23 22:10:22'),(18,98,'2011-09-24 01:20:46','2021-08-23 22:10:22'),(18,182,'2014-07-24 17:38:14','2021-08-23 22:10:22'),(19,286,'2020-12-03 10:31:00','2021-08-23 22:10:22'),(20,1,'2020-03-27 13:04:50','2021-08-23 22:10:22'),(20,180,'2019-09-17 09:43:18','2021-08-23 22:10:22'),(20,190,'2012-10-25 04:13:01','2021-08-23 22:10:22'),(21,59,'2020-05-10 06:14:20','2021-08-23 22:10:22'),(21,103,'2017-01-16 09:31:03','2021-08-23 22:10:22'),(21,269,'2020-07-10 08:42:24','2021-08-23 22:10:22'),(23,55,'2019-08-05 19:29:19','2021-08-23 22:10:22'),(23,115,'2013-12-25 07:07:20','2021-08-23 22:10:22'),(23,120,'2018-02-08 20:48:11','2021-08-23 22:10:22'),(23,287,'2014-07-02 14:03:04','2021-08-23 22:10:22'),(24,8,'2017-09-07 09:22:11','2021-08-23 22:10:22'),(24,74,'2014-10-29 00:29:43','2021-08-23 22:10:22'),(24,115,'2013-06-23 14:04:48','2021-08-23 22:10:22'),(24,183,'2014-04-16 11:06:30','2021-08-23 22:10:22'),(24,224,'2015-09-14 08:01:57','2021-08-23 22:10:22'),(25,50,'2021-04-10 13:40:06','2021-08-23 22:10:22'),(25,132,'2013-06-22 20:08:02','2021-08-23 22:10:22'),(25,189,'2012-08-07 02:43:28','2021-08-23 22:10:22'),(25,205,'2015-04-06 02:25:06','2021-08-23 22:10:22'),(26,7,'2016-03-29 18:12:23','2021-08-23 22:10:22'),(26,36,'2012-07-30 05:48:42','2021-08-23 22:10:22'),(26,41,'2015-11-14 12:44:41','2021-08-23 22:10:22'),(26,181,'2020-01-30 02:38:40','2021-08-23 22:10:22'),(26,214,'2011-10-06 09:02:48','2021-08-23 22:10:22'),(26,249,'2019-06-20 17:48:07','2021-08-23 22:10:22'),(27,16,'2016-06-01 21:51:59','2021-08-23 22:10:22'),(27,23,'2017-06-20 04:25:59','2021-08-23 22:10:22'),(27,124,'2018-09-22 05:31:42','2021-08-23 22:10:22'),(27,186,'2017-11-09 13:13:06','2021-08-23 22:10:22'),(27,207,'2013-11-05 13:24:49','2021-08-23 22:10:22'),(28,9,'2021-01-22 21:29:16','2021-08-23 22:10:22'),(28,29,'2016-10-22 09:37:22','2021-08-23 22:10:22'),(28,41,'2019-01-31 20:25:21','2021-08-23 22:10:22'),(28,47,'2018-11-29 11:36:06','2021-08-23 22:10:22'),(28,193,'2019-11-09 11:41:43','2021-08-23 22:10:22'),(28,245,'2017-02-27 09:14:45','2021-08-23 22:10:22'),(28,260,'2019-02-13 14:10:35','2021-08-23 22:10:22'),(29,155,'2015-07-06 05:06:50','2021-08-23 22:10:22'),(29,156,'2015-05-14 00:54:33','2021-08-23 22:10:22'),(30,75,'2012-07-13 11:28:18','2021-08-23 22:10:22'),(30,191,'2020-10-24 15:48:30','2021-08-23 22:10:22'),(31,100,'2013-05-27 22:13:38','2021-08-23 22:10:22'),(31,125,'2015-03-30 00:22:08','2021-08-23 22:10:22'),(32,142,'2017-09-15 18:58:22','2021-08-23 22:10:22'),(32,242,'2021-02-25 12:43:54','2021-08-23 22:10:22'),(32,263,'2019-04-13 15:18:23','2021-08-23 22:10:22'),(32,264,'2013-11-16 09:54:33','2021-08-23 22:10:22'),(32,282,'2020-09-06 21:33:26','2021-08-23 22:10:22'),(33,9,'2017-04-12 12:34:27','2021-08-23 22:10:22'),(33,80,'2018-01-30 00:22:38','2021-08-23 22:10:22'),(33,164,'2014-03-12 19:40:36','2021-08-23 22:10:22'),(33,277,'2015-06-06 08:45:53','2021-08-23 22:10:22'),(34,4,'2012-04-29 20:43:07','2021-08-23 22:10:22'),(35,6,'2020-02-14 19:37:49','2021-08-23 22:10:22'),(35,45,'2021-02-26 14:27:59','2021-08-23 22:10:22'),(35,246,'2020-12-05 20:03:13','2021-08-23 22:10:22'),(35,262,'2015-01-06 07:23:55','2021-08-23 22:10:22'),(35,266,'2017-09-11 18:08:09','2021-08-23 22:10:22'),(35,295,'2017-08-26 16:37:43','2021-08-23 22:10:22'),(36,6,'2020-03-06 21:16:58','2021-08-23 22:10:22'),(36,50,'2015-10-25 04:22:05','2021-08-23 22:10:22'),(36,280,'2014-10-19 17:16:38','2021-08-23 22:10:22'),(36,293,'2015-06-20 09:08:27','2021-08-23 22:10:22'),(37,45,'2011-09-20 18:53:02','2021-08-23 22:10:22'),(37,65,'2015-05-31 10:54:04','2021-08-23 22:10:22'),(37,104,'2015-11-05 13:52:15','2021-08-23 22:10:22'),(37,242,'2016-09-13 05:48:33','2021-08-23 22:10:22'),(38,24,'2013-04-08 12:29:50','2021-08-23 22:10:22'),(39,227,'2021-03-29 21:22:14','2021-08-23 22:10:22'),(39,276,'2012-04-19 13:01:54','2021-08-23 22:10:22'),(39,298,'2017-08-20 12:44:48','2021-08-23 22:10:22'),(40,28,'2017-10-29 03:40:57','2021-08-23 22:10:22'),(40,98,'2019-04-19 18:43:56','2021-08-23 22:10:22'),(40,210,'2013-08-18 23:54:41','2021-08-23 22:10:22'),(41,109,'2015-09-24 06:04:38','2021-08-23 22:10:22'),(41,112,'2019-07-04 04:49:29','2021-08-23 22:10:22'),(42,108,'2013-12-18 09:25:56','2021-08-23 22:10:22'),(42,134,'2018-10-15 22:52:25','2021-08-23 22:10:22'),(42,166,'2011-08-24 03:46:58','2021-08-23 22:10:22'),(42,202,'2014-10-24 18:49:26','2021-08-23 22:10:22'),(42,203,'2014-05-10 03:46:23','2021-08-23 22:10:22'),(42,218,'2019-05-25 13:06:17','2021-08-23 22:10:22'),(42,264,'2016-04-03 04:58:17','2021-08-23 22:10:22'),(43,19,'2020-11-02 20:20:43','2021-08-23 22:10:22'),(43,37,'2019-05-13 20:55:32','2021-08-23 22:10:22'),(43,91,'2012-02-25 03:49:47','2021-08-23 22:10:22'),(43,100,'2014-09-20 19:57:41','2021-08-23 22:10:22'),(43,239,'2020-09-23 12:49:20','2021-08-23 22:10:22'),(44,111,'2020-04-20 05:03:04','2021-08-23 22:10:22'),(44,137,'2019-12-09 06:04:00','2021-08-23 22:10:22'),(44,255,'2017-10-23 05:09:47','2021-08-23 22:10:22'),(45,27,'2019-09-14 10:56:52','2021-08-23 22:10:22'),(45,146,'2019-11-29 19:59:40','2021-08-23 22:10:22'),(45,164,'2015-04-26 16:02:25','2021-08-23 22:10:22'),(45,215,'2013-08-15 02:36:42','2021-08-23 22:10:22'),(45,274,'2021-02-09 07:54:21','2021-08-23 22:10:22'),(46,91,'2012-02-11 18:57:59','2021-08-23 22:10:22'),(46,180,'2019-08-16 09:15:33','2021-08-23 22:10:22'),(46,191,'2017-11-30 02:24:54','2021-08-23 22:10:22'),(46,253,'2016-08-29 10:22:15','2021-08-23 22:10:22'),(47,92,'2015-03-31 22:53:56','2021-08-23 22:10:22'),(47,243,'2018-06-10 06:04:28','2021-08-23 22:10:22'),(48,19,'2016-07-31 04:28:43','2021-08-23 22:10:22'),(48,97,'2012-08-16 03:32:30','2021-08-23 22:10:22'),(48,98,'2020-10-12 00:42:03','2021-08-23 22:10:22'),(49,30,'2018-12-06 03:11:44','2021-08-23 22:10:22'),(50,247,'2021-04-15 21:55:24','2021-08-23 22:10:22'),(51,24,'2014-11-17 13:22:19','2021-08-23 22:10:22'),(51,275,'2015-08-31 18:58:47','2021-08-23 22:10:22'),(52,95,'2017-07-16 07:16:58','2021-08-23 22:10:22'),(52,229,'2015-12-19 16:25:14','2021-08-23 22:10:22'),(53,52,'2017-09-17 03:27:13','2021-08-23 22:10:22'),(53,158,'2018-03-29 21:34:33','2021-08-23 22:10:22'),(53,241,'2014-03-30 17:19:47','2021-08-23 22:10:22'),(53,274,'2019-12-16 11:03:58','2021-08-23 22:10:22'),(54,24,'2020-09-07 10:58:01','2021-08-23 22:10:22'),(54,88,'2021-07-11 06:31:48','2021-08-23 22:10:22'),(55,80,'2021-08-21 15:42:42','2021-08-23 22:10:22'),(55,143,'2014-10-05 02:20:50','2021-08-23 22:10:22'),(55,184,'2021-02-18 12:14:11','2021-08-23 22:10:22'),(56,27,'2017-02-12 01:01:54','2021-08-23 22:10:22'),(56,32,'2021-08-18 00:00:16','2021-08-23 22:10:22'),(56,77,'2015-02-20 01:28:44','2021-08-23 22:10:22'),(56,107,'2015-08-11 11:44:32','2021-08-23 22:10:22'),(56,117,'2019-01-25 23:34:02','2021-08-23 22:10:22'),(56,206,'2020-07-25 12:16:55','2021-08-23 22:10:22'),(56,212,'2015-07-09 01:00:06','2021-08-23 22:10:22'),(56,260,'2020-10-06 04:58:39','2021-08-23 22:10:22'),(57,15,'2014-01-06 21:29:24','2021-08-23 22:10:22'),(57,137,'2014-11-19 11:26:23','2021-08-23 22:10:22'),(57,184,'2013-04-09 09:30:15','2021-08-23 22:10:22'),(57,196,'2015-08-02 02:16:19','2021-08-23 22:10:22'),(59,61,'2015-05-15 21:33:27','2021-08-23 22:10:22'),(59,124,'2017-02-27 07:36:15','2021-08-23 22:10:22'),(59,129,'2017-10-17 21:22:43','2021-08-23 22:10:22'),(59,169,'2016-11-07 17:18:49','2021-08-23 22:10:22'),(59,289,'2016-01-07 01:07:20','2021-08-23 22:10:22'),(60,71,'2011-10-11 09:09:17','2021-08-23 22:10:22'),(60,209,'2017-05-13 23:50:22','2021-08-23 22:10:22'),(61,65,'2017-06-28 03:01:58','2021-08-23 22:10:22'),(61,112,'2013-09-10 14:46:37','2021-08-23 22:10:22'),(61,255,'2015-06-09 20:31:43','2021-08-23 22:10:22'),(61,261,'2016-01-16 03:26:42','2021-08-23 22:10:22'),(61,265,'2019-05-01 12:31:06','2021-08-23 22:10:22'),(61,282,'2017-04-08 19:51:40','2021-08-23 22:10:22'),(62,67,'2011-12-14 00:49:18','2021-08-23 22:10:22'),(62,73,'2015-12-22 15:10:57','2021-08-23 22:10:22'),(62,247,'2017-12-11 18:29:33','2021-08-23 22:10:22'),(63,29,'2014-12-06 10:16:15','2021-08-23 22:10:22'),(63,95,'2019-01-24 07:29:12','2021-08-23 22:10:22'),(63,144,'2017-01-23 16:48:03','2021-08-23 22:10:22'),(63,201,'2016-09-12 01:53:13','2021-08-23 22:10:22'),(63,206,'2015-01-25 02:15:32','2021-08-23 22:10:22'),(64,37,'2016-12-18 23:25:03','2021-08-23 22:10:22'),(64,44,'2013-02-24 08:39:09','2021-08-23 22:10:22'),(65,27,'2015-12-02 12:05:40','2021-08-23 22:10:22'),(65,122,'2013-01-12 22:45:58','2021-08-23 22:10:22'),(65,145,'2014-03-05 19:23:00','2021-08-23 22:10:22'),(65,235,'2013-01-06 20:28:13','2021-08-23 22:10:22'),(65,289,'2015-08-14 15:15:42','2021-08-23 22:10:22'),(66,253,'2013-03-22 03:52:35','2021-08-23 22:10:22'),(67,154,'2014-09-02 18:52:57','2021-08-23 22:10:22'),(67,288,'2015-11-09 09:08:29','2021-08-23 22:10:22'),(68,165,'2012-03-14 07:37:33','2021-08-23 22:10:22'),(68,239,'2015-05-23 03:55:08','2021-08-23 22:10:22'),(69,37,'2017-12-31 21:18:56','2021-08-23 22:10:22'),(69,101,'2016-08-26 15:24:10','2021-08-23 22:10:22'),(69,184,'2015-04-24 07:28:53','2021-08-23 22:10:22'),(69,188,'2018-10-15 11:14:53','2021-08-23 22:10:22'),(69,277,'2012-06-21 03:43:52','2021-08-23 22:10:22'),(70,15,'2016-08-15 10:41:23','2021-08-23 22:10:22'),(70,32,'2018-06-04 14:14:36','2021-08-23 22:10:22'),(70,34,'2015-10-06 20:53:57','2021-08-23 22:10:22'),(70,124,'2012-06-26 06:03:53','2021-08-23 22:10:22'),(70,153,'2012-07-31 16:14:02','2021-08-23 22:10:22'),(72,56,'2016-04-02 23:37:18','2021-08-23 22:10:22'),(73,28,'2015-04-17 23:35:34','2021-08-23 22:10:22'),(74,7,'2014-07-08 18:00:10','2021-08-23 22:10:22'),(74,80,'2017-11-10 15:36:17','2021-08-23 22:10:22'),(74,166,'2018-09-18 06:17:36','2021-08-23 22:10:22'),(74,208,'2017-08-06 23:02:09','2021-08-23 22:10:22'),(74,256,'2015-10-01 18:57:04','2021-08-23 22:10:22'),(75,47,'2018-12-22 13:16:55','2021-08-23 22:10:22'),(75,49,'2014-06-30 08:11:21','2021-08-23 22:10:22'),(76,71,'2012-02-12 12:24:06','2021-08-23 22:10:22'),(76,105,'2021-06-30 15:30:36','2021-08-23 22:10:22'),(77,53,'2011-10-10 03:16:55','2021-08-23 22:10:22'),(77,115,'2011-10-23 23:55:51','2021-08-23 22:10:22'),(77,174,'2016-06-10 11:25:53','2021-08-23 22:10:22'),(78,74,'2012-04-14 11:30:17','2021-08-23 22:10:22'),(78,93,'2016-10-05 17:21:25','2021-08-23 22:10:22'),(78,111,'2013-12-11 13:49:14','2021-08-23 22:10:22'),(78,181,'2016-11-30 04:16:02','2021-08-23 22:10:22'),(78,195,'2020-06-23 09:47:19','2021-08-23 22:10:22'),(78,247,'2013-04-14 08:00:55','2021-08-23 22:10:22'),(79,137,'2019-04-19 22:51:56','2021-08-23 22:10:22'),(80,36,'2015-12-27 23:07:50','2021-08-23 22:10:22'),(80,270,'2016-03-23 08:09:42','2021-08-23 22:10:22'),(81,20,'2019-03-30 13:47:28','2021-08-23 22:10:22'),(81,37,'2018-08-22 20:14:14','2021-08-23 22:10:22'),(81,262,'2021-02-09 08:50:30','2021-08-23 22:10:22'),(82,40,'2012-08-01 05:31:32','2021-08-23 22:10:22'),(83,234,'2014-07-24 04:26:32','2021-08-23 22:10:22'),(84,220,'2015-11-30 14:51:10','2021-08-23 22:10:22'),(85,97,'2020-08-26 09:17:39','2021-08-23 22:10:22'),(85,205,'2016-07-23 04:55:43','2021-08-23 22:10:22'),(85,293,'2011-10-05 02:13:13','2021-08-23 22:10:22'),(86,181,'2021-02-08 09:50:17','2021-08-23 22:10:22'),(86,217,'2020-10-15 16:14:39','2021-08-23 22:10:22'),(86,259,'2021-01-28 07:25:59','2021-08-23 22:10:22'),(87,39,'2013-11-25 20:57:03','2021-08-23 22:10:22'),(87,122,'2018-02-12 17:37:44','2021-08-23 22:10:22'),(87,137,'2015-10-05 00:48:05','2021-08-23 22:10:22'),(87,140,'2016-09-14 22:46:16','2021-08-23 22:10:22'),(88,14,'2012-05-09 09:24:03','2021-08-23 22:10:22'),(88,66,'2017-02-10 04:49:12','2021-08-23 22:10:22'),(88,71,'2013-10-24 08:05:42','2021-08-23 22:10:22'),(88,106,'2012-06-26 19:40:15','2021-08-23 22:10:22'),(88,158,'2015-06-15 12:04:39','2021-08-23 22:10:22'),(89,62,'2011-11-07 10:07:55','2021-08-23 22:10:22'),(89,90,'2014-12-12 10:41:08','2021-08-23 22:10:22'),(89,147,'2011-12-04 17:21:43','2021-08-23 22:10:22'),(89,178,'2021-07-05 23:48:46','2021-08-23 22:10:22'),(90,65,'2012-10-20 20:30:06','2021-08-23 22:10:22'),(90,217,'2012-05-17 22:31:14','2021-08-23 22:10:22'),(90,231,'2013-06-04 17:34:29','2021-08-23 22:10:22'),(91,29,'2016-03-21 12:36:17','2021-08-23 22:10:22'),(91,96,'2017-06-14 22:16:41','2021-08-23 22:10:22'),(91,143,'2018-10-09 03:22:51','2021-08-23 22:10:22'),(91,250,'2020-11-17 16:39:17','2021-08-23 22:10:22'),(92,65,'2015-02-25 11:07:43','2021-08-23 22:10:22'),(92,185,'2018-03-29 08:23:23','2021-08-23 22:10:22'),(93,66,'2016-11-15 17:16:34','2021-08-23 22:10:22'),(94,69,'2015-10-14 12:48:10','2021-08-23 22:10:22'),(94,86,'2015-09-05 10:41:43','2021-08-23 22:10:22'),(94,149,'2020-07-21 20:39:03','2021-08-23 22:10:22'),(95,57,'2012-10-05 08:22:20','2021-08-23 22:10:22'),(96,53,'2011-11-04 19:04:43','2021-08-23 22:10:22'),(96,128,'2017-05-19 06:28:42','2021-08-23 22:10:22'),(97,75,'2019-12-07 09:59:52','2021-08-23 22:10:22'),(97,148,'2021-06-06 16:17:37','2021-08-23 22:10:22'),(98,40,'2020-03-31 14:23:08','2021-08-23 22:10:22'),(98,68,'2011-12-30 08:59:10','2021-08-23 22:10:22'),(98,124,'2020-12-21 06:24:45','2021-08-23 22:10:22'),(99,111,'2015-12-03 01:16:54','2021-08-23 22:10:22'),(99,171,'2014-01-15 14:47:36','2021-08-23 22:10:22'),(99,178,'2015-07-22 11:30:44','2021-08-23 22:10:22'),(99,206,'2015-04-24 03:36:40','2021-08-23 22:10:22'),(99,259,'2018-06-04 07:20:43','2021-08-23 22:10:22'),(100,136,'2013-07-11 07:33:32','2021-08-23 22:10:22');
/*!40000 ALTER TABLE `favorit_ads` ENABLE KEYS */;
UNLOCK TABLES;

--
-- Table structure for table `follow_seller`
--

DROP TABLE IF EXISTS `follow_seller`;
/*!40101 SET @saved_cs_client     = @@character_set_client */;
/*!40101 SET character_set_client = utf8 */;
CREATE TABLE `follow_seller` (
  `followed_user_id` int(10) unsigned NOT NULL,
  `following_user_id` int(10) unsigned NOT NULL,
  `created_at` datetime DEFAULT current_timestamp(),
  `updated_at` datetime DEFAULT current_timestamp() ON UPDATE current_timestamp(),
  PRIMARY KEY (`followed_user_id`,`following_user_id`),
  KEY `follow_seller_following_user_id_fk` (`following_user_id`),
  CONSTRAINT `follow_seller_followed_user_id_fk` FOREIGN KEY (`followed_user_id`) REFERENCES `users` (`id`) ON DELETE CASCADE,
  CONSTRAINT `follow_seller_following_user_id_fk` FOREIGN KEY (`following_user_id`) REFERENCES `users` (`id`) ON DELETE CASCADE
) ENGINE=InnoDB DEFAULT CHARSET=utf8mb4 COLLATE=utf8mb4_unicode_ci;
/*!40101 SET character_set_client = @saved_cs_client */;

--
-- Dumping data for table `follow_seller`
--

LOCK TABLES `follow_seller` WRITE;
/*!40000 ALTER TABLE `follow_seller` DISABLE KEYS */;
INSERT INTO `follow_seller` VALUES (1,36,'2012-01-04 06:22:06','2021-08-23 22:13:03'),(1,79,'2019-11-24 18:38:32','2021-08-23 22:13:03'),(4,11,'2015-02-14 23:01:38','2021-08-23 22:13:03'),(4,39,'2019-06-22 10:42:03','2021-08-23 22:13:03'),(4,59,'2016-01-16 18:12:46','2021-08-23 22:13:03'),(5,9,'2015-07-04 09:21:24','2021-08-23 22:13:03'),(6,11,'2012-02-02 07:26:38','2021-08-23 22:13:03'),(8,6,'2011-10-28 04:20:43','2021-08-23 22:13:03'),(8,78,'2021-05-27 22:49:26','2021-08-23 22:13:03'),(9,21,'2020-11-07 20:17:16','2021-08-23 22:13:03'),(10,49,'2016-10-06 21:12:52','2021-08-23 22:13:03'),(10,84,'2020-03-04 21:55:49','2021-08-23 22:13:03'),(13,39,'2016-01-01 01:21:33','2021-08-23 22:13:03'),(14,23,'2015-04-10 03:17:30','2021-08-23 22:13:03'),(14,63,'2015-07-14 12:35:03','2021-08-23 22:13:03'),(14,77,'2017-01-09 07:35:27','2021-08-23 22:13:03'),(14,87,'2021-03-29 22:06:13','2021-08-23 22:13:03'),(17,75,'2020-03-26 14:56:44','2021-08-23 22:13:03'),(17,87,'2011-11-13 21:47:31','2021-08-23 22:13:03'),(21,65,'2015-02-18 01:43:55','2021-08-23 22:13:03'),(22,40,'2018-09-12 06:21:43','2021-08-23 22:13:03'),(23,88,'2012-04-13 05:18:41','2021-08-23 22:13:03'),(24,54,'2020-07-02 07:38:45','2021-08-23 22:13:03'),(27,7,'2011-08-26 15:47:14','2021-08-23 22:13:03'),(27,9,'2012-07-14 01:53:14','2021-08-23 22:13:03'),(27,55,'2013-07-20 14:09:55','2021-08-23 22:13:03'),(30,47,'2018-08-18 07:28:10','2021-08-23 22:13:03'),(31,86,'2015-09-16 03:43:41','2021-08-23 22:13:03'),(32,42,'2019-05-19 01:05:10','2021-08-23 22:13:03'),(36,22,'2018-03-16 15:55:27','2021-08-23 22:13:03'),(37,52,'2019-10-21 16:51:55','2021-08-23 22:13:03'),(38,8,'2015-09-27 01:41:07','2021-08-23 22:13:03'),(39,34,'2021-02-17 12:05:43','2021-08-23 22:13:03'),(43,17,'2013-12-13 21:19:09','2021-08-23 22:13:03'),(44,45,'2019-08-11 10:10:30','2021-08-23 22:13:03'),(44,79,'2018-02-15 09:35:54','2021-08-23 22:13:03'),(44,88,'2018-04-24 08:09:12','2021-08-23 22:13:03'),(45,92,'2018-04-04 03:36:56','2021-08-23 22:13:03'),(46,23,'2018-03-11 05:51:17','2021-08-23 22:13:03'),(50,67,'2015-12-06 12:27:39','2021-08-23 22:13:03'),(50,68,'2016-01-22 00:06:34','2021-08-23 22:13:03'),(50,90,'2015-04-08 05:30:42','2021-08-23 22:13:03'),(51,56,'2019-01-26 03:20:32','2021-08-23 22:13:03'),(51,70,'2011-09-13 20:38:15','2021-08-23 22:13:03'),(52,33,'2013-08-17 03:37:08','2021-08-23 22:13:03'),(52,61,'2019-06-20 19:58:11','2021-08-23 22:13:03'),(53,45,'2020-04-01 12:53:27','2021-08-23 22:13:03'),(53,95,'2015-11-15 16:10:25','2021-08-23 22:13:03'),(54,55,'2021-04-14 04:06:36','2021-08-23 22:13:03'),(55,24,'2013-12-06 08:12:23','2021-08-23 22:13:03'),(58,50,'2021-04-26 07:13:49','2021-08-23 22:13:03'),(62,72,'2015-08-31 04:22:16','2021-08-23 22:13:03'),(62,77,'2020-07-05 21:52:59','2021-08-23 22:13:03'),(63,42,'2020-08-02 15:01:22','2021-08-23 22:13:03'),(63,74,'2018-09-04 20:04:03','2021-08-23 22:13:03'),(64,9,'2016-05-31 19:41:09','2021-08-23 22:13:03'),(64,23,'2020-03-08 20:55:57','2021-08-23 22:13:03'),(64,86,'2014-08-11 11:57:25','2021-08-23 22:13:03'),(64,91,'2018-08-05 07:50:41','2021-08-23 22:13:03'),(66,2,'2018-03-26 19:33:39','2021-08-23 22:13:03'),(66,41,'2014-06-18 15:08:42','2021-08-23 22:13:03'),(66,54,'2016-10-14 19:54:01','2021-08-23 22:13:03'),(67,99,'2011-09-07 17:26:11','2021-08-23 22:13:03'),(69,2,'2012-11-01 04:26:39','2021-08-23 22:13:03'),(71,66,'2016-02-16 06:33:36','2021-08-23 22:13:03'),(73,2,'2014-02-23 00:28:54','2021-08-23 22:13:03'),(73,94,'2014-09-28 11:44:11','2021-08-23 22:13:03'),(74,2,'2017-12-21 20:01:33','2021-08-23 22:13:03'),(74,62,'2020-11-30 15:11:11','2021-08-23 22:13:03'),(75,6,'2015-04-08 12:21:34','2021-08-23 22:13:03'),(75,58,'2014-04-24 00:43:05','2021-08-23 22:13:03'),(77,36,'2019-12-16 20:51:25','2021-08-23 22:13:03'),(78,81,'2019-01-14 12:47:34','2021-08-23 22:13:03'),(79,30,'2013-12-08 10:17:55','2021-08-23 22:13:03'),(79,64,'2013-10-06 11:04:36','2021-08-23 22:13:03'),(80,44,'2015-10-31 19:19:40','2021-08-23 22:13:03'),(81,13,'2012-10-17 13:44:11','2021-08-23 22:13:03'),(81,26,'2015-12-01 08:45:03','2021-08-23 22:13:03'),(82,11,'2019-09-18 05:00:19','2021-08-23 22:13:03'),(82,85,'2019-08-25 10:09:02','2021-08-23 22:13:03'),(83,99,'2016-01-04 21:15:47','2021-08-23 22:13:03'),(85,61,'2013-04-14 03:22:08','2021-08-23 22:13:03'),(86,53,'2013-06-25 09:04:35','2021-08-23 22:13:03'),(87,51,'2011-12-23 04:39:22','2021-08-23 22:13:03'),(88,36,'2014-03-23 09:12:08','2021-08-23 22:13:03'),(91,46,'2012-05-05 21:20:33','2021-08-23 22:13:03'),(91,47,'2015-02-11 08:55:52','2021-08-23 22:13:03'),(91,75,'2020-01-27 14:33:41','2021-08-23 22:13:03'),(91,93,'2014-04-15 19:36:42','2021-08-23 22:13:03'),(91,100,'2020-11-28 14:44:37','2021-08-23 22:13:03'),(92,24,'2016-06-26 04:42:18','2021-08-23 22:13:03'),(92,66,'2014-01-25 02:03:02','2021-08-23 22:13:03'),(93,9,'2020-05-10 13:47:42','2021-08-23 22:13:03'),(93,29,'2012-07-31 19:46:21','2021-08-23 22:13:03'),(95,23,'2019-03-01 05:24:06','2021-08-23 22:13:03'),(96,71,'2014-04-16 09:24:38','2021-08-23 22:13:03'),(97,17,'2016-11-23 02:24:44','2021-08-23 22:13:03'),(98,26,'2014-07-25 13:22:34','2021-08-23 22:13:03'),(98,60,'2013-12-11 10:30:49','2021-08-23 22:13:03'),(100,36,'2014-03-06 16:53:08','2021-08-23 22:13:03');
/*!40000 ALTER TABLE `follow_seller` ENABLE KEYS */;
UNLOCK TABLES;

--
-- Table structure for table `media`
--

DROP TABLE IF EXISTS `media`;
/*!40101 SET @saved_cs_client     = @@character_set_client */;
/*!40101 SET character_set_client = utf8 */;
CREATE TABLE `media` (
  `id` int(10) unsigned NOT NULL AUTO_INCREMENT,
  `advertisement_id` int(10) unsigned DEFAULT NULL,
  `media_type_id` int(10) unsigned NOT NULL,
  `file_name` varchar(255) COLLATE utf8mb4_unicode_ci NOT NULL,
  `file_size` int(11) NOT NULL,
  `metadata` longtext CHARACTER SET utf8mb4 COLLATE utf8mb4_bin DEFAULT NULL CHECK (json_valid(`metadata`)),
  `created_at` datetime DEFAULT current_timestamp(),
  `updated_at` datetime DEFAULT current_timestamp() ON UPDATE current_timestamp(),
  PRIMARY KEY (`id`),
  KEY `media_advertisement_id_fk` (`advertisement_id`),
  KEY `media_media_type_id_fk` (`media_type_id`),
  CONSTRAINT `media_advertisement_id_fk` FOREIGN KEY (`advertisement_id`) REFERENCES `advertisements` (`id`) ON DELETE CASCADE,
  CONSTRAINT `media_media_type_id_fk` FOREIGN KEY (`media_type_id`) REFERENCES `media_types` (`id`)
) ENGINE=InnoDB AUTO_INCREMENT=501 DEFAULT CHARSET=utf8mb4 COLLATE=utf8mb4_unicode_ci;
/*!40101 SET character_set_client = @saved_cs_client */;

--
-- Dumping data for table `media`
--

LOCK TABLES `media` WRITE;
/*!40000 ALTER TABLE `media` DISABLE KEYS */;
INSERT INTO `media` VALUES (1,55,1,'http://blanda.info/media.mp4',7293453,'{\"owner\":\"Laron Cassin\"}','2018-08-05 13:51:49','2021-08-23 21:12:22'),(2,190,1,'http://farrell.biz/media.mp4',4926204,'{\"owner\":\"Sheldon Brown\"}','2018-07-12 20:13:24','2021-08-23 21:13:57'),(3,208,2,'http://carroll.com/media.jpeg',2650663,'{\"owner\":\"Norbert Kunze\"}','2020-08-28 01:50:21','2021-08-23 21:48:18'),(4,281,2,'http://www.hellerblick.net/media.jpeg',8374702,'{\"owner\":\"Pansy Hand\"}','2019-01-20 06:05:31','2021-08-23 21:48:18'),(5,119,1,'http://johnston.com/media.mp4',3821524,'{\"owner\":\"Nelda Fritsch\"}','2020-03-13 00:29:16','2021-08-23 21:48:18'),(6,190,1,'http://toyconnelly.com/media.mp4',3883514,'{\"owner\":\"Sheldon Brown\"}','2016-09-26 09:43:23','2021-08-23 21:48:18'),(7,14,2,'http://leschmills.net/media.jpeg',7852997,'{\"owner\":\"Nelda Fritsch\"}','2015-04-07 07:26:59','2021-08-23 21:48:18'),(8,207,1,'http://www.cummings.info/media.mp4',7514445,'{\"owner\":\"Hobart Welch\"}','2021-03-26 19:31:37','2021-08-23 21:48:18'),(9,269,2,'http://gusikowski.com/media.jpeg',3913234,'{\"owner\":\"Nicholaus Turner\"}','2017-06-26 13:05:37','2021-08-23 21:48:18'),(10,264,1,'http://www.emmerich.com/media.mp4',6922838,'{\"owner\":\"Zoie Rosenbaum\"}','2012-04-12 05:15:47','2021-08-23 21:48:18'),(11,118,2,'http://www.hayes.org/media.jpeg',2774488,'{\"owner\":\"Burley Koch\"}','2018-08-04 19:43:40','2021-08-23 21:48:18'),(12,40,1,'http://mcculloughstokes.com/media.mp4',3003929,'{\"owner\":\"Zoie Rosenbaum\"}','2019-10-18 03:54:54','2021-08-23 21:48:18'),(13,143,2,'http://www.schinner.biz/media.jpeg',6596179,'{\"owner\":\"Dora Dickens\"}','2017-07-25 04:31:19','2021-08-23 21:48:18'),(14,230,1,'http://gleichnerjaskolski.com/media.mp4',3869109,'{\"owner\":\"Edyth Wolff\"}','2012-01-30 13:30:34','2021-08-23 21:48:18'),(15,152,2,'http://stark.com/media.jpeg',9457011,'{\"owner\":\"Dennis Daugherty\"}','2017-05-23 22:52:32','2021-08-23 21:48:18'),(16,280,2,'http://hoeger.net/media.jpeg',5577727,'{\"owner\":\"Keely Daniel\"}','2020-10-29 04:51:06','2021-08-23 21:48:18'),(17,4,2,'http://mosciski.com/media.jpeg',9417601,'{\"owner\":\"Hobart Welch\"}','2015-08-27 14:31:47','2021-08-23 21:48:18'),(18,161,1,'http://greenholt.net/media.mp4',254827,'{\"owner\":\"Carleton Tremblay\"}','2017-11-07 22:04:28','2021-08-23 21:48:17'),(19,277,2,'http://zulaufkihn.com/media.jpeg',2921334,'{\"owner\":\"Laron Cassin\"}','2012-12-26 07:24:53','2021-08-23 21:12:22'),(20,205,1,'http://www.mann.com/media.mp4',3742188,'{\"owner\":\"Cortez Feest\"}','2012-07-21 00:07:47','2021-08-23 21:48:17'),(21,144,2,'http://www.bergstrom.net/media.jpeg',9846939,'{\"owner\":\"Vern Bruen\"}','2020-03-21 11:37:24','2021-08-23 21:48:17'),(22,9,2,'http://bogisich.com/media.jpeg',7908131,'{\"owner\":\"Vern Bruen\"}','2014-01-14 17:00:46','2021-08-23 21:48:17'),(23,143,2,'http://www.purdy.com/media.jpeg',9899841,'{\"owner\":\"Dora Dickens\"}','2012-05-13 09:46:26','2021-08-23 21:48:17'),(24,129,1,'http://keeling.com/media.mp4',5674810,'{\"owner\":\"Dwight Williamson\"}','2017-09-06 15:56:09','2021-08-23 21:48:17'),(25,282,1,'http://heathcoteullrich.com/media.mp4',8574528,'{\"owner\":\"Heather O\'Hara\"}','2017-05-11 19:06:38','2021-08-23 21:48:17'),(26,136,1,'http://cronin.biz/media.mp4',5748212,'{\"owner\":\"Alexis Pouros\"}','2014-07-25 14:03:08','2021-08-23 21:48:17'),(27,248,1,'http://lind.com/media.mp4',2917475,'{\"owner\":\"Pauline Predovic\"}','2021-05-25 04:30:12','2021-08-23 21:48:17'),(28,58,1,'http://www.nicolasschaden.com/media.mp4',7242741,'{\"owner\":\"Erich Franecki\"}','2012-07-04 08:24:37','2021-08-23 21:48:17'),(29,59,2,'http://rippin.com/media.jpeg',7361282,'{\"owner\":\"Brooklyn Stoltenberg\"}','2015-06-30 18:18:14','2021-08-23 21:48:17'),(30,108,2,'http://www.waelchiframi.biz/media.jpeg',4978189,'{\"owner\":\"Braden Bradtke\"}','2016-01-09 04:05:51','2021-08-23 21:48:17'),(31,13,2,'http://www.skiles.com/media.jpeg',2707097,'{\"owner\":\"Dennis Daugherty\"}','2019-09-04 20:52:28','2021-08-23 21:48:17'),(32,183,2,'http://friesen.com/media.jpeg',8500920,'{\"owner\":\"Seth Weber\"}','2013-11-13 23:32:50','2021-08-23 21:48:17'),(33,28,2,'http://monahan.biz/media.jpeg',4283310,'{\"owner\":\"Dora Dickens\"}','2013-12-16 07:06:09','2021-08-23 21:48:17'),(34,92,2,'http://www.effertz.com/media.jpeg',5813790,'{\"owner\":\"Micaela Wintheiser\"}','2012-01-28 17:40:39','2021-08-23 21:48:17'),(35,198,2,'http://tromp.info/media.jpeg',6119021,'{\"owner\":\"Alexis Pouros\"}','2019-05-18 17:27:01','2021-08-23 21:48:17'),(36,141,2,'http://www.walter.biz/media.jpeg',3053736,'{\"owner\":\"Lorna Pfannerstill\"}','2015-10-25 20:30:00','2021-08-23 21:48:17'),(37,45,1,'http://hodkiewicz.org/media.mp4',6811616,'{\"owner\":\"Kamryn Sipes\"}','2016-10-03 00:18:02','2021-08-23 21:48:17'),(38,194,2,'http://fadel.net/media.jpeg',4796874,'{\"owner\":\"Austin Mohr\"}','2018-02-10 16:28:30','2021-08-23 21:48:17'),(39,256,1,'http://www.walker.com/media.mp4',3449523,'{\"owner\":\"Rosemary Hermann\"}','2017-03-13 00:38:32','2021-08-23 21:48:17'),(40,63,2,'http://walter.com/media.jpeg',2756992,'{\"owner\":\"Tressie Schmitt\"}','2017-09-23 16:08:04','2021-08-23 21:48:17'),(41,13,2,'http://greenholt.net/media.jpeg',3336395,'{\"owner\":\"Dennis Daugherty\"}','2017-01-16 05:39:42','2021-08-23 21:48:17'),(42,285,1,'http://www.pagac.org/media.mp4',8310999,'{\"owner\":\"Florine Oberbrunner\"}','2011-12-14 22:26:59','2021-08-23 21:48:17'),(43,18,2,'http://www.lang.info/media.jpeg',1445810,'{\"owner\":\"Liana Thompson\"}','2013-02-03 14:51:26','2021-08-23 21:48:17'),(44,257,2,'http://www.farrellokon.com/media.jpeg',2196053,'{\"owner\":\"Ivory Deckow\"}','2013-06-05 10:30:02','2021-08-23 21:48:17'),(45,216,2,'http://www.spencerbrown.com/media.jpeg',6542838,'{\"owner\":\"Dolores McDermott\"}','2019-08-18 19:26:05','2021-08-23 21:48:17'),(46,151,2,'http://www.mann.org/media.jpeg',6026031,'{\"owner\":\"Burley Koch\"}','2016-07-28 10:52:55','2021-08-23 21:48:17'),(47,291,2,'http://www.bins.biz/media.jpeg',401640,'{\"owner\":\"Aryanna Kuvalis\"}','2016-05-17 00:31:36','2021-08-23 21:48:17'),(48,297,2,'http://www.kovacek.com/media.jpeg',3830108,'{\"owner\":\"Raina Cole\"}','2017-09-10 16:13:51','2021-08-23 21:48:17'),(49,9,1,'http://www.effertz.net/media.mp4',7845620,'{\"owner\":\"Vern Bruen\"}','2015-02-04 22:33:48','2021-08-23 21:48:17'),(50,165,1,'http://www.klingstehr.biz/media.mp4',7637777,'{\"owner\":\"Rosemary Hermann\"}','2014-08-21 21:47:31','2021-08-23 21:48:17'),(51,48,2,'http://www.boyle.com/media.jpeg',4552026,'{\"owner\":\"Claudie Koss\"}','2020-07-23 09:20:48','2021-08-23 21:48:17'),(52,22,2,'http://www.kris.com/media.jpeg',9746801,'{\"owner\":\"Kristofer Spencer\"}','2012-12-16 02:33:57','2021-08-23 21:48:17'),(53,250,1,'http://www.mayerauer.com/media.mp4',4977929,'{\"owner\":\"Elton Fadel\"}','2020-08-02 05:42:28','2021-08-23 21:48:17'),(54,178,2,'http://johnston.com/media.jpeg',5549240,'{\"owner\":\"Eugene Bailey\"}','2020-10-07 17:15:21','2021-08-23 21:48:17'),(55,280,2,'http://www.kertzmann.com/media.jpeg',2712417,'{\"owner\":\"Keely Daniel\"}','2013-08-28 14:14:25','2021-08-23 21:48:17'),(56,76,2,'http://www.schinner.com/media.jpeg',6814362,'{\"owner\":\"Edyth Wolff\"}','2011-10-02 18:01:03','2021-08-23 21:48:17'),(57,111,2,'http://strosin.net/media.jpeg',5834563,'{\"owner\":\"Blanche Ziemann\"}','2020-11-15 03:05:56','2021-08-23 21:48:17'),(58,185,2,'http://www.tremblay.biz/media.jpeg',8629730,'{\"owner\":\"Erich Franecki\"}','2019-01-07 06:25:07','2021-08-23 21:48:17'),(59,282,2,'http://www.prosaccoconn.com/media.jpeg',5544962,'{\"owner\":\"Heather O\'Hara\"}','2017-12-19 21:00:11','2021-08-23 21:48:17'),(60,14,1,'http://kutch.com/media.mp4',1735619,'{\"owner\":\"Nelda Fritsch\"}','2017-08-07 22:16:16','2021-08-23 21:48:17'),(61,6,2,'http://www.luettgen.com/media.jpeg',1943211,'{\"owner\":\"Aida Medhurst\"}','2013-10-04 15:08:03','2021-08-23 21:48:17'),(62,125,2,'http://herzoghackett.com/media.jpeg',4409200,'{\"owner\":\"Lyda O\'Connell\"}','2017-09-02 09:09:33','2021-08-23 21:48:17'),(63,216,1,'http://beckerdaniel.com/media.mp4',6116368,'{\"owner\":\"Dolores McDermott\"}','2016-09-26 00:31:15','2021-08-23 21:48:17'),(64,275,1,'http://www.oberbrunner.com/media.mp4',7254239,'{\"owner\":\"Kayli Hane\"}','2013-08-03 11:11:14','2021-08-23 21:48:17'),(65,269,1,'http://abbottkub.net/media.mp4',7822091,'{\"owner\":\"Nicholaus Turner\"}','2018-06-20 09:46:27','2021-08-23 21:48:17'),(66,230,1,'http://treutelswift.com/media.mp4',7247740,'{\"owner\":\"Edyth Wolff\"}','2012-05-29 06:35:39','2021-08-23 21:48:17'),(67,257,1,'http://www.pollichstamm.com/media.mp4',2672429,'{\"owner\":\"Ivory Deckow\"}','2020-10-10 20:41:43','2021-08-23 21:48:17'),(68,91,1,'http://www.bergstrom.com/media.mp4',1518926,'{\"owner\":\"Erich Franecki\"}','2014-07-12 07:04:24','2021-08-23 21:48:17'),(69,284,2,'http://baileygottlieb.net/media.jpeg',9477343,'{\"owner\":\"Saige Muller\"}','2018-07-07 03:20:48','2021-08-23 21:48:17'),(70,153,2,'http://robel.info/media.jpeg',2729939,'{\"owner\":\"Abdul Reilly\"}','2017-06-09 05:26:11','2021-08-23 21:48:17'),(71,137,1,'http://www.kulas.com/media.mp4',5117666,'{\"owner\":\"Tyshawn Murray\"}','2017-10-11 22:15:12','2021-08-23 21:48:17'),(72,130,2,'http://von.biz/media.jpeg',7298512,'{\"owner\":\"Oran Ziemann\"}','2019-07-10 20:50:45','2021-08-23 21:48:17'),(73,283,1,'http://ankunding.com/media.mp4',1039563,'{\"owner\":\"Micaela Wintheiser\"}','2018-01-29 08:21:28','2021-08-23 21:48:17'),(74,248,2,'http://abernathy.org/media.jpeg',3202282,'{\"owner\":\"Pauline Predovic\"}','2020-01-31 10:29:37','2021-08-23 21:48:17'),(75,229,1,'http://tillman.com/media.mp4',2792720,'{\"owner\":\"Nelda Fritsch\"}','2020-12-04 21:04:06','2021-08-23 21:48:17'),(76,47,2,'http://fahey.info/media.jpeg',4256755,'{\"owner\":\"Yoshiko Johns\"}','2018-08-26 11:04:46','2021-08-23 21:48:17'),(77,256,2,'http://www.zieme.com/media.jpeg',2805614,'{\"owner\":\"Rosemary Hermann\"}','2017-07-21 04:37:05','2021-08-23 21:48:17'),(78,218,2,'http://lockman.com/media.jpeg',1157807,'{\"owner\":\"Liana Thompson\"}','2015-01-18 02:04:57','2021-08-23 21:48:17'),(79,116,2,'http://www.murraylangworth.org/media.jpeg',7272195,'{\"owner\":\"Nelda Fritsch\"}','2012-11-25 22:36:21','2021-08-23 21:48:17'),(80,251,2,'http://www.schuppegrant.org/media.jpeg',2787556,'{\"owner\":\"Erich Franecki\"}','2020-07-13 19:09:27','2021-08-23 21:48:17'),(81,256,1,'http://williamson.net/media.mp4',2021195,'{\"owner\":\"Rosemary Hermann\"}','2013-07-31 21:50:01','2021-08-23 21:48:17'),(82,84,2,'http://eichmannlebsack.biz/media.jpeg',1643305,'{\"owner\":\"Brayan Gutkowski\"}','2017-04-04 15:45:20','2021-08-23 21:48:17'),(83,219,1,'http://www.reichert.com/media.mp4',2052944,'{\"owner\":\"Claudie Koss\"}','2020-02-17 14:02:24','2021-08-23 21:48:17'),(84,120,2,'http://kshlerinkeeling.com/media.jpeg',5234807,'{\"owner\":\"Adella Mohr\"}','2012-08-17 01:48:35','2021-08-23 21:48:17'),(85,128,1,'http://watsicaanderson.com/media.mp4',9915201,'{\"owner\":\"Geovanni Harris\"}','2016-03-19 19:07:56','2021-08-23 21:48:17'),(86,190,2,'http://www.nitzsche.com/media.jpeg',3771584,'{\"owner\":\"Sheldon Brown\"}','2018-12-19 22:34:31','2021-08-23 21:48:17'),(87,178,2,'http://www.boehmstoltenberg.com/media.jpeg',9012319,'{\"owner\":\"Eugene Bailey\"}','2016-04-29 00:53:20','2021-08-23 21:48:17'),(88,292,2,'http://kovacekfranecki.com/media.jpeg',3646845,'{\"owner\":\"Blanche Ziemann\"}','2019-12-28 18:29:09','2021-08-23 21:48:17'),(89,72,1,'http://kuhic.biz/media.mp4',1097268,'{\"owner\":\"Laron Cassin\"}','2012-05-21 04:02:29','2021-08-23 21:12:22'),(90,90,1,'http://zemlak.com/media.mp4',4445806,'{\"owner\":\"Heather O\'Hara\"}','2011-09-09 22:33:20','2021-08-23 21:48:17'),(91,226,2,'http://www.stoltenberghaley.com/media.jpeg',8837226,'{\"owner\":\"Dwight Williamson\"}','2014-06-09 10:51:03','2021-08-23 21:48:17'),(92,271,1,'http://baumbach.info/media.mp4',748712,'{\"owner\":\"Enos Reilly\"}','2018-04-09 12:16:11','2021-08-23 21:48:17'),(93,268,1,'http://smith.biz/media.mp4',7131882,'{\"owner\":\"Kaia Wilderman\"}','2021-06-17 16:07:08','2021-08-23 21:48:17'),(94,119,2,'http://www.kreiger.com/media.jpeg',3313275,'{\"owner\":\"Nelda Fritsch\"}','2013-02-12 02:24:38','2021-08-23 21:48:17'),(95,53,2,'http://www.halvorson.com/media.jpeg',5070729,'{\"owner\":\"Lyda O\'Connell\"}','2015-01-06 03:50:21','2021-08-23 21:48:17'),(96,125,1,'http://treutelschumm.org/media.mp4',5313824,'{\"owner\":\"Lyda O\'Connell\"}','2012-06-12 10:29:01','2021-08-23 21:48:17'),(97,174,1,'http://www.breitenbergsmith.com/media.mp4',1256932,'{\"owner\":\"Deshaun Farrell\"}','2019-06-15 03:55:18','2021-08-23 21:48:17'),(98,124,2,'http://tremblay.com/media.jpeg',243189,'{\"owner\":\"Hobart Welch\"}','2021-06-21 16:00:50','2021-08-23 21:48:17'),(99,106,2,'http://toydickinson.com/media.jpeg',7345149,'{\"owner\":\"Dennis Daugherty\"}','2020-02-04 14:16:29','2021-08-23 21:48:17'),(100,85,2,'http://www.adams.net/media.jpeg',5896178,'{\"owner\":\"Eugene Bailey\"}','2012-07-05 09:54:46','2021-08-23 21:48:17'),(101,25,1,'http://www.schowalternader.org/media.mp4',7345445,'{\"owner\":\"Rosemary Hermann\"}','2013-06-02 23:16:17','2021-08-23 21:48:17'),(102,243,2,'http://www.strackegaylord.com/media.jpeg',8938691,'{\"owner\":\"Cortez Feest\"}','2020-05-28 11:13:14','2021-08-23 21:48:17'),(103,220,2,'http://hodkiewicz.com/media.jpeg',2557121,'{\"owner\":\"Darrell Sanford\"}','2012-12-03 06:17:28','2021-08-23 21:48:17'),(104,134,2,'http://www.jones.com/media.jpeg',5869531,'{\"owner\":\"Blanche Ziemann\"}','2019-06-11 15:30:03','2021-08-23 21:48:17'),(105,161,2,'http://lynch.org/media.jpeg',1576295,'{\"owner\":\"Carleton Tremblay\"}','2016-06-28 01:48:06','2021-08-23 21:48:17'),(106,205,2,'http://www.predovic.net/media.jpeg',172884,'{\"owner\":\"Cortez Feest\"}','2018-12-29 09:16:50','2021-08-23 21:48:17'),(107,58,2,'http://www.grant.com/media.jpeg',6035534,'{\"owner\":\"Erich Franecki\"}','2015-10-28 20:05:46','2021-08-23 21:48:17'),(108,127,2,'http://ledner.com/media.jpeg',9559017,'{\"owner\":\"Kaia Wilderman\"}','2018-04-21 20:12:39','2021-08-23 21:48:17'),(109,130,1,'http://www.feeney.com/media.mp4',9588487,'{\"owner\":\"Oran Ziemann\"}','2018-12-17 00:53:50','2021-08-23 21:48:17'),(110,81,2,'http://www.hammes.com/media.jpeg',9165382,'{\"owner\":\"Gerard Johnston\"}','2016-01-15 12:42:24','2021-08-23 21:48:17'),(111,185,2,'http://www.franecki.com/media.jpeg',6961452,'{\"owner\":\"Erich Franecki\"}','2013-05-13 08:15:15','2021-08-23 21:48:17'),(112,113,1,'http://www.hickle.com/media.mp4',7211116,'{\"owner\":\"Yoshiko Johns\"}','2020-06-17 21:18:23','2021-08-23 21:48:17'),(113,253,1,'http://stroman.com/media.mp4',5071224,'{\"owner\":\"Janie Robel\"}','2018-09-03 20:09:12','2021-08-23 21:48:17'),(114,137,2,'http://www.gerlach.org/media.jpeg',3622773,'{\"owner\":\"Tyshawn Murray\"}','2011-09-26 14:08:07','2021-08-23 21:48:17'),(115,70,2,'http://larson.com/media.jpeg',2800193,'{\"owner\":\"Alexis Pouros\"}','2016-11-19 09:41:10','2021-08-23 21:48:17'),(116,175,2,'http://www.mcglynnlebsack.com/media.jpeg',3032646,'{\"owner\":\"Loyce Sipes\"}','2015-10-12 11:02:16','2021-08-23 21:48:17'),(117,236,2,'http://rice.com/media.jpeg',6662653,'{\"owner\":\"Leonora Leannon\"}','2020-05-19 22:36:46','2021-08-23 21:48:17'),(118,158,2,'http://www.abshire.com/media.jpeg',4115328,'{\"owner\":\"Donnell Ortiz\"}','2021-04-27 17:51:27','2021-08-23 21:48:17'),(119,216,2,'http://hyatt.net/media.jpeg',488682,'{\"owner\":\"Dolores McDermott\"}','2012-11-07 09:32:55','2021-08-23 21:48:17'),(120,254,1,'http://nitzschegibson.com/media.mp4',9997426,'{\"owner\":\"Nicholas Pfeffer\"}','2016-09-27 18:05:00','2021-08-23 21:48:17'),(121,140,2,'http://www.fritsch.net/media.jpeg',8421085,'{\"owner\":\"Sadye Okuneva\"}','2014-02-24 19:48:55','2021-08-23 21:48:17'),(122,239,2,'http://kirlin.com/media.jpeg',2013148,'{\"owner\":\"Austin Mohr\"}','2018-02-09 05:02:20','2021-08-23 21:48:17'),(123,214,2,'http://www.schroeder.com/media.jpeg',4702485,'{\"owner\":\"Abagail Cronin\"}','2020-10-25 08:23:22','2021-08-23 21:48:17'),(124,195,1,'http://www.cassin.com/media.mp4',7372982,'{\"owner\":\"Janie Robel\"}','2014-09-27 13:19:50','2021-08-23 21:48:17'),(125,205,1,'http://www.crooks.org/media.mp4',2657454,'{\"owner\":\"Cortez Feest\"}','2016-09-03 09:14:43','2021-08-23 21:48:17'),(126,120,2,'http://wyman.com/media.jpeg',1068326,'{\"owner\":\"Adella Mohr\"}','2019-02-16 23:58:10','2021-08-23 21:48:17'),(127,253,1,'http://beierratke.net/media.mp4',7269268,'{\"owner\":\"Janie Robel\"}','2016-11-28 04:38:00','2021-08-23 21:48:17'),(128,292,2,'http://kiehnjerde.biz/media.jpeg',3041364,'{\"owner\":\"Blanche Ziemann\"}','2020-03-04 12:29:13','2021-08-23 21:48:17'),(129,175,2,'http://hessel.com/media.jpeg',3299019,'{\"owner\":\"Loyce Sipes\"}','2014-04-29 07:26:10','2021-08-23 21:48:17'),(130,271,1,'http://stracke.biz/media.mp4',7271000,'{\"owner\":\"Enos Reilly\"}','2015-10-01 13:11:55','2021-08-23 21:48:17'),(131,144,1,'http://kuvalisbreitenberg.com/media.mp4',6357945,'{\"owner\":\"Vern Bruen\"}','2020-09-18 21:24:54','2021-08-23 21:48:17'),(132,33,2,'http://www.steuberhilpert.info/media.jpeg',9876727,'{\"owner\":\"Keely Daniel\"}','2020-08-02 15:52:51','2021-08-23 21:48:17'),(133,11,2,'http://quitzon.com/media.jpeg',209798,'{\"owner\":\"Ivory Deckow\"}','2012-02-18 21:24:18','2021-08-23 21:48:17'),(134,70,2,'http://hettinger.biz/media.jpeg',1318812,'{\"owner\":\"Alexis Pouros\"}','2015-08-31 15:11:03','2021-08-23 21:48:17'),(135,63,2,'http://www.gislason.com/media.jpeg',5864667,'{\"owner\":\"Tressie Schmitt\"}','2014-11-08 00:03:53','2021-08-23 21:48:17'),(136,143,1,'http://watsica.com/media.mp4',5266899,'{\"owner\":\"Dora Dickens\"}','2020-03-01 19:19:00','2021-08-23 21:48:17'),(137,215,2,'http://grady.org/media.jpeg',8640494,'{\"owner\":\"Annamarie Goodwin\"}','2016-12-09 10:51:52','2021-08-23 21:48:17'),(138,1,2,'http://www.bauch.biz/media.jpeg',7301774,'{\"owner\":\"Aida Medhurst\"}','2011-12-18 04:49:17','2021-08-23 21:48:17'),(139,222,2,'http://www.hansen.net/media.jpeg',487390,'{\"owner\":\"Zoie Rosenbaum\"}','2016-02-07 11:16:07','2021-08-23 21:48:17'),(140,110,2,'http://www.harris.com/media.jpeg',431630,'{\"owner\":\"Eugene Bailey\"}','2020-10-30 16:56:38','2021-08-23 21:48:17'),(141,231,2,'http://bechtelarbednar.org/media.jpeg',595981,'{\"owner\":\"Kaia Wilderman\"}','2018-06-01 04:57:47','2021-08-23 21:48:17'),(142,176,2,'http://www.reynoldshudson.org/media.jpeg',1585015,'{\"owner\":\"Lorna Pfannerstill\"}','2017-06-03 11:33:42','2021-08-23 21:48:17'),(143,268,2,'http://www.okeefe.com/media.jpeg',6037133,'{\"owner\":\"Kaia Wilderman\"}','2020-03-02 21:14:32','2021-08-23 21:48:17'),(144,234,1,'http://rodriguez.net/media.mp4',5330621,'{\"owner\":\"Rey Little\"}','2016-02-19 02:22:14','2021-08-23 21:48:17'),(145,250,2,'http://www.durgan.com/media.jpeg',8441706,'{\"owner\":\"Elton Fadel\"}','2017-11-02 11:44:54','2021-08-23 21:48:17'),(146,217,1,'http://www.yundt.com/media.mp4',6116669,'{\"owner\":\"Jarrett Purdy\"}','2020-02-26 13:07:31','2021-08-23 21:48:17'),(147,33,2,'http://corwin.com/media.jpeg',5158226,'{\"owner\":\"Keely Daniel\"}','2013-03-23 02:42:50','2021-08-23 21:48:17'),(148,9,2,'http://www.ebert.com/media.jpeg',7341125,'{\"owner\":\"Vern Bruen\"}','2017-04-11 16:43:58','2021-08-23 21:48:17'),(149,219,1,'http://davislabadie.com/media.mp4',1130949,'{\"owner\":\"Claudie Koss\"}','2020-09-06 05:48:42','2021-08-23 21:48:17'),(150,264,1,'http://romaguera.com/media.mp4',3531370,'{\"owner\":\"Zoie Rosenbaum\"}','2017-08-14 11:06:29','2021-08-23 21:48:17'),(151,15,2,'http://www.bauch.info/media.jpeg',4164003,'{\"owner\":\"Filomena Hansen\"}','2018-04-26 14:22:06','2021-08-23 21:48:17'),(152,234,2,'http://www.lynch.com/media.jpeg',125905,'{\"owner\":\"Rey Little\"}','2018-11-25 11:10:31','2021-08-23 21:48:17'),(153,256,2,'http://www.keeling.com/media.jpeg',8037519,'{\"owner\":\"Rosemary Hermann\"}','2015-04-27 01:16:01','2021-08-23 21:48:17'),(154,41,2,'http://www.kuvalis.org/media.jpeg',9709880,'{\"owner\":\"Hobart Welch\"}','2017-07-24 23:26:26','2021-08-23 21:48:17'),(155,107,1,'http://www.nitzsche.org/media.mp4',4336842,'{\"owner\":\"Kaia Wilderman\"}','2018-01-16 20:11:35','2021-08-23 21:48:17'),(156,246,2,'http://prosaccodenesik.com/media.jpeg',2454573,'{\"owner\":\"Irving O\'Hara\"}','2014-03-15 13:44:11','2021-08-23 21:48:17'),(157,220,1,'http://huels.com/media.mp4',9162341,'{\"owner\":\"Darrell Sanford\"}','2019-04-10 18:52:30','2021-08-23 21:48:17'),(158,284,2,'http://koss.com/media.jpeg',8347984,'{\"owner\":\"Saige Muller\"}','2017-06-12 01:37:08','2021-08-23 21:48:17'),(159,255,2,'http://www.wilkinsonwalter.com/media.jpeg',4152898,'{\"owner\":\"Kristofer Spencer\"}','2016-12-01 00:25:33','2021-08-23 21:48:17'),(160,276,2,'http://reillyframi.info/media.jpeg',5620539,'{\"owner\":\"Floy Zemlak\"}','2020-11-02 14:03:12','2021-08-23 21:48:17'),(161,205,2,'http://willdaugherty.com/media.jpeg',5544001,'{\"owner\":\"Cortez Feest\"}','2018-07-09 23:01:24','2021-08-23 21:48:17'),(162,270,2,'http://halvorson.info/media.jpeg',758389,'{\"owner\":\"Blanche Ziemann\"}','2017-07-21 06:26:37','2021-08-23 21:48:17'),(163,24,2,'http://heaneywill.com/media.jpeg',7059942,'{\"owner\":\"Claudie Koss\"}','2017-12-24 02:02:25','2021-08-23 21:48:17'),(164,67,1,'http://kubbergnaum.com/media.mp4',2924546,'{\"owner\":\"Jarrett Purdy\"}','2021-08-19 23:34:49','2021-08-23 21:48:17'),(165,249,1,'http://www.ortiz.com/media.mp4',3342903,'{\"owner\":\"Alexis Pouros\"}','2021-04-26 20:39:47','2021-08-23 21:48:17'),(166,35,2,'http://schmitt.com/media.jpeg',7840879,'{\"owner\":\"Laron Cassin\"}','2017-06-17 05:09:29','2021-08-23 21:12:22'),(167,28,2,'http://www.schulist.com/media.jpeg',9075685,'{\"owner\":\"Dora Dickens\"}','2013-12-17 03:16:50','2021-08-23 21:48:17'),(168,85,1,'http://hoegerosinski.com/media.mp4',1755790,'{\"owner\":\"Eugene Bailey\"}','2017-08-14 04:02:25','2021-08-23 21:48:17'),(169,151,2,'http://www.batz.com/media.jpeg',1451897,'{\"owner\":\"Burley Koch\"}','2018-01-15 22:11:45','2021-08-23 21:48:17'),(170,231,2,'http://stiedemann.info/media.jpeg',1892115,'{\"owner\":\"Kaia Wilderman\"}','2011-09-27 06:49:54','2021-08-23 21:48:17'),(171,163,2,'http://brekkelebsack.info/media.jpeg',5004886,'{\"owner\":\"Ivory Deckow\"}','2011-12-04 12:20:38','2021-08-23 21:48:17'),(172,30,2,'http://www.gorczany.info/media.jpeg',9248085,'{\"owner\":\"Brayan Gutkowski\"}','2015-07-24 08:12:18','2021-08-23 21:48:17'),(173,143,2,'http://wintheiser.com/media.jpeg',1125766,'{\"owner\":\"Dora Dickens\"}','2018-11-15 20:01:24','2021-08-23 21:48:17'),(174,86,1,'http://www.schuppehessel.com/media.mp4',7784578,'{\"owner\":\"Tressie Schmitt\"}','2012-11-24 11:41:37','2021-08-23 21:48:17'),(175,156,1,'http://www.deckowauer.com/media.mp4',5445593,'{\"owner\":\"Leonora Leannon\"}','2013-06-18 09:29:33','2021-08-23 21:48:17'),(176,179,1,'http://www.schoen.com/media.mp4',3774233,'{\"owner\":\"Mekhi Goyette\"}','2021-02-09 17:08:46','2021-08-23 21:48:17'),(177,130,2,'http://www.kemmer.com/media.jpeg',2434386,'{\"owner\":\"Oran Ziemann\"}','2012-07-20 10:51:03','2021-08-23 21:48:17'),(178,207,1,'http://rutherfordbeahan.biz/media.mp4',749230,'{\"owner\":\"Hobart Welch\"}','2020-10-22 19:22:26','2021-08-23 21:48:17'),(179,129,2,'http://www.mcglynn.com/media.jpeg',6342992,'{\"owner\":\"Dwight Williamson\"}','2015-03-03 08:37:57','2021-08-23 21:48:17'),(180,278,2,'http://carter.com/media.jpeg',9367273,'{\"owner\":\"Abdul Reilly\"}','2016-04-19 10:20:25','2021-08-23 21:48:17'),(181,277,1,'http://hellerkunze.com/media.mp4',7707390,'{\"owner\":\"Laron Cassin\"}','2012-02-19 23:14:40','2021-08-23 21:12:22'),(182,277,2,'http://kub.com/media.jpeg',335130,'{\"owner\":\"Laron Cassin\"}','2013-04-30 13:40:44','2021-08-23 21:12:22'),(183,276,2,'http://leuschke.com/media.jpeg',8453483,'{\"owner\":\"Floy Zemlak\"}','2014-10-18 10:08:59','2021-08-23 21:48:17'),(184,123,2,'http://lueilwitz.net/media.jpeg',1162027,'{\"owner\":\"Laron Cassin\"}','2018-04-25 10:41:41','2021-08-23 21:12:22'),(185,280,1,'http://maggio.com/media.mp4',349685,'{\"owner\":\"Keely Daniel\"}','2016-09-26 00:35:41','2021-08-23 21:48:17'),(186,267,2,'http://goyette.org/media.jpeg',8162344,'{\"owner\":\"Austin Mohr\"}','2020-06-07 23:33:43','2021-08-23 21:48:17'),(187,267,2,'http://medhurstrunolfsdottir.net/media.jpeg',9662667,'{\"owner\":\"Austin Mohr\"}','2018-06-06 18:00:28','2021-08-23 21:48:17'),(188,172,2,'http://www.robel.com/media.jpeg',3726304,'{\"owner\":\"Geovanni Harris\"}','2018-01-31 04:45:12','2021-08-23 21:48:17'),(189,236,2,'http://purdy.biz/media.jpeg',9543520,'{\"owner\":\"Leonora Leannon\"}','2017-08-09 10:40:47','2021-08-23 21:48:17'),(190,172,1,'http://www.handschneider.net/media.mp4',6438686,'{\"owner\":\"Geovanni Harris\"}','2013-01-08 05:40:23','2021-08-23 21:48:17'),(191,82,2,'http://sengermills.info/media.jpeg',3462875,'{\"owner\":\"Hadley O\'Reilly\"}','2011-12-14 22:33:44','2021-08-23 21:48:17'),(192,10,2,'http://waelchi.com/media.jpeg',7898314,'{\"owner\":\"Hobart Welch\"}','2020-05-03 07:34:41','2021-08-23 21:48:17'),(193,103,1,'http://fritsch.com/media.mp4',9002947,'{\"owner\":\"Oran Ziemann\"}','2012-01-05 11:30:01','2021-08-23 21:48:17'),(194,217,2,'http://www.rogahn.info/media.jpeg',1219794,'{\"owner\":\"Jarrett Purdy\"}','2011-09-03 15:05:17','2021-08-23 21:48:17'),(195,228,2,'http://www.russel.com/media.jpeg',8990129,'{\"owner\":\"Sid Purdy\"}','2016-07-07 17:21:22','2021-08-23 21:48:17'),(196,96,2,'http://www.kunzehyatt.com/media.jpeg',1191265,'{\"owner\":\"Abbigail Collier\"}','2015-06-02 00:15:42','2021-08-23 21:48:17'),(197,290,2,'http://mclaughlinconn.org/media.jpeg',8885939,'{\"owner\":\"Darrell Sanford\"}','2012-03-28 13:15:56','2021-08-23 21:48:17'),(198,282,1,'http://www.spencer.biz/media.mp4',755902,'{\"owner\":\"Heather O\'Hara\"}','2012-02-13 22:49:08','2021-08-23 21:48:17'),(199,159,1,'http://bosco.com/media.mp4',7021691,'{\"owner\":\"Cortez Feest\"}','2014-02-25 09:06:33','2021-08-23 21:48:17'),(200,74,1,'http://www.roob.com/media.mp4',2740751,'{\"owner\":\"Gerard Johnston\"}','2013-10-11 12:00:40','2021-08-23 21:48:17'),(201,145,1,'http://www.kohlergulgowski.com/media.mp4',2538683,'{\"owner\":\"Mekhi Goyette\"}','2014-09-26 19:38:55','2021-08-23 21:48:17'),(202,295,2,'http://www.bode.com/media.jpeg',4371164,'{\"owner\":\"Aryanna Kuvalis\"}','2016-12-14 15:56:46','2021-08-23 21:48:17'),(203,167,1,'http://schinner.com/media.mp4',4139772,'{\"owner\":\"Ivory Deckow\"}','2012-09-20 02:32:43','2021-08-23 21:48:17'),(204,256,2,'http://faywillms.info/media.jpeg',7485366,'{\"owner\":\"Rosemary Hermann\"}','2021-07-17 19:16:38','2021-08-23 21:48:17'),(205,238,1,'http://kihnhammes.com/media.mp4',4907516,'{\"owner\":\"Elta Marvin\"}','2013-06-13 03:39:14','2021-08-23 21:48:17'),(206,148,1,'http://www.blick.org/media.mp4',1981484,'{\"owner\":\"Pansy Hand\"}','2019-02-12 19:39:01','2021-08-23 21:48:17'),(207,221,2,'http://rogahn.net/media.jpeg',5084870,'{\"owner\":\"Laron Cassin\"}','2015-10-19 10:04:22','2021-08-23 21:12:22'),(208,103,2,'http://www.rempelbergstrom.org/media.jpeg',9379901,'{\"owner\":\"Oran Ziemann\"}','2021-08-14 03:30:08','2021-08-23 21:48:17'),(209,220,2,'http://www.von.com/media.jpeg',1544895,'{\"owner\":\"Darrell Sanford\"}','2017-07-14 08:41:33','2021-08-23 21:48:17'),(210,229,2,'http://rodriguez.com/media.jpeg',9484774,'{\"owner\":\"Nelda Fritsch\"}','2013-08-14 04:23:22','2021-08-23 21:48:17'),(211,266,2,'http://www.feeneyfarrell.biz/media.jpeg',2689185,'{\"owner\":\"Nicholaus Turner\"}','2012-08-09 09:10:17','2021-08-23 21:48:17'),(212,43,2,'http://www.wiza.com/media.jpeg',4891605,'{\"owner\":\"Brayan Gutkowski\"}','2021-08-08 14:15:50','2021-08-23 21:48:17'),(213,199,2,'http://www.ondricka.info/media.jpeg',6290469,'{\"owner\":\"Sadye Okuneva\"}','2017-08-11 05:07:24','2021-08-23 21:48:17'),(214,54,1,'http://schroedermante.com/media.mp4',6677531,'{\"owner\":\"Sadye Okuneva\"}','2013-01-26 01:21:23','2021-08-23 21:48:17'),(215,75,1,'http://schumm.com/media.mp4',4416249,'{\"owner\":\"Mekhi Goyette\"}','2017-09-10 22:11:04','2021-08-23 21:48:17'),(216,234,1,'http://www.graham.com/media.mp4',1948655,'{\"owner\":\"Rey Little\"}','2012-08-12 05:27:41','2021-08-23 21:48:17'),(217,155,1,'http://ledner.org/media.mp4',6394527,'{\"owner\":\"Juwan Langworth\"}','2012-09-22 22:45:50','2021-08-23 21:48:17'),(218,39,2,'http://www.mayert.com/media.jpeg',6026669,'{\"owner\":\"Kamryn Sipes\"}','2021-02-10 06:41:13','2021-08-23 21:48:17'),(219,247,1,'http://abernathy.com/media.mp4',849768,'{\"owner\":\"Ivory Deckow\"}','2020-09-09 19:03:41','2021-08-23 21:48:17'),(220,24,1,'http://www.hickle.com/media.mp4',6068833,'{\"owner\":\"Claudie Koss\"}','2015-11-09 01:28:41','2021-08-23 21:48:17'),(221,244,2,'http://www.walter.com/media.jpeg',7694860,'{\"owner\":\"Laron Cassin\"}','2013-08-02 21:37:29','2021-08-23 21:12:22'),(222,290,2,'http://harber.net/media.jpeg',167801,'{\"owner\":\"Darrell Sanford\"}','2013-06-27 01:13:19','2021-08-23 21:48:17'),(223,96,1,'http://www.sawayn.net/media.mp4',7654428,'{\"owner\":\"Abbigail Collier\"}','2015-04-01 23:56:45','2021-08-23 21:48:17'),(224,194,2,'http://www.beahan.com/media.jpeg',7668738,'{\"owner\":\"Austin Mohr\"}','2016-12-26 11:32:14','2021-08-23 21:48:17'),(225,8,2,'http://hermiston.com/media.jpeg',5280404,'{\"owner\":\"Liana Thompson\"}','2019-01-15 16:17:17','2021-08-23 21:48:17'),(226,35,1,'http://brekke.com/media.mp4',3295810,'{\"owner\":\"Laron Cassin\"}','2017-01-25 05:17:34','2021-08-23 21:12:22'),(227,80,2,'http://www.beieraltenwerth.net/media.jpeg',537836,'{\"owner\":\"Kurt Gibson\"}','2018-12-27 15:24:15','2021-08-23 21:48:17'),(228,212,1,'http://mantefadel.com/media.mp4',2701753,'{\"owner\":\"Rosemary Hermann\"}','2013-10-30 00:12:17','2021-08-23 21:48:17'),(229,223,1,'http://ondrickahirthe.net/media.mp4',1795255,'{\"owner\":\"Ezekiel Baumbach\"}','2015-08-08 02:35:39','2021-08-23 21:48:17'),(230,250,2,'http://www.hammespacocha.org/media.jpeg',771019,'{\"owner\":\"Elton Fadel\"}','2013-12-02 21:40:21','2021-08-23 21:48:17'),(231,176,2,'http://rohan.com/media.jpeg',8369331,'{\"owner\":\"Lorna Pfannerstill\"}','2018-03-27 15:53:03','2021-08-23 21:48:17'),(232,155,2,'http://wiza.biz/media.jpeg',9433599,'{\"owner\":\"Juwan Langworth\"}','2021-08-04 10:09:06','2021-08-23 21:48:17'),(233,8,1,'http://www.reynolds.biz/media.mp4',1960004,'{\"owner\":\"Liana Thompson\"}','2021-03-09 18:21:02','2021-08-23 21:48:17'),(234,227,2,'http://www.sanford.biz/media.jpeg',1399223,'{\"owner\":\"Hobart Welch\"}','2017-08-23 06:07:10','2021-08-23 21:48:17'),(235,147,1,'http://www.rohan.com/media.mp4',1016103,'{\"owner\":\"Carleton Tremblay\"}','2016-08-29 05:24:42','2021-08-23 21:48:17'),(236,216,2,'http://tremblaystroman.com/media.jpeg',782847,'{\"owner\":\"Dolores McDermott\"}','2021-04-03 00:32:11','2021-08-23 21:48:17'),(237,232,1,'http://wintheiser.com/media.mp4',765925,'{\"owner\":\"Adella Mohr\"}','2019-05-21 17:55:03','2021-08-23 21:48:17'),(238,54,1,'http://www.mayert.net/media.mp4',1381085,'{\"owner\":\"Sadye Okuneva\"}','2015-09-25 04:16:24','2021-08-23 21:48:17'),(239,217,2,'http://www.jaskolski.com/media.jpeg',4507653,'{\"owner\":\"Jarrett Purdy\"}','2013-08-20 02:11:42','2021-08-23 21:48:17'),(240,297,1,'http://schmidt.com/media.mp4',8295011,'{\"owner\":\"Raina Cole\"}','2021-05-31 01:13:58','2021-08-23 21:48:17'),(241,66,2,'http://breitenberg.info/media.jpeg',7852097,'{\"owner\":\"Kurt Gibson\"}','2015-10-19 20:09:16','2021-08-23 21:48:17'),(242,261,2,'http://bashirian.net/media.jpeg',4275454,'{\"owner\":\"Floy Zemlak\"}','2021-08-12 22:30:07','2021-08-23 21:48:17'),(243,189,1,'http://lueilwitz.net/media.mp4',7720977,'{\"owner\":\"Reed Bruen\"}','2019-04-30 06:45:54','2021-08-23 21:48:17'),(244,107,2,'http://www.nienow.com/media.jpeg',5678523,'{\"owner\":\"Kaia Wilderman\"}','2020-02-06 00:34:57','2021-08-23 21:48:17'),(245,229,1,'http://lubowitzrath.com/media.mp4',5129686,'{\"owner\":\"Nelda Fritsch\"}','2020-06-29 14:38:31','2021-08-23 21:48:17'),(246,81,2,'http://wilkinsonfarrell.com/media.jpeg',8512860,'{\"owner\":\"Gerard Johnston\"}','2012-02-24 09:59:43','2021-08-23 21:48:17'),(247,8,2,'http://www.runolfsdottir.biz/media.jpeg',7075243,'{\"owner\":\"Liana Thompson\"}','2019-11-20 00:02:26','2021-08-23 21:48:17'),(248,259,2,'http://quigleykerluke.com/media.jpeg',9737638,'{\"owner\":\"Heather O\'Hara\"}','2012-02-05 09:22:22','2021-08-23 21:48:17'),(249,193,1,'http://wilderman.com/media.mp4',7362461,'{\"owner\":\"Gerard Johnston\"}','2016-11-18 07:15:57','2021-08-23 21:48:17'),(250,41,2,'http://johnstonmcdermott.net/media.jpeg',7499393,'{\"owner\":\"Hobart Welch\"}','2012-11-10 05:25:57','2021-08-23 21:48:17'),(251,260,1,'http://runteratke.com/media.mp4',5309581,'{\"owner\":\"Rey Little\"}','2011-12-16 03:00:28','2021-08-23 21:48:17'),(252,254,1,'http://rennerthompson.biz/media.mp4',3949727,'{\"owner\":\"Nicholas Pfeffer\"}','2018-03-05 01:40:46','2021-08-23 21:48:17'),(253,25,1,'http://quigley.com/media.mp4',3719892,'{\"owner\":\"Rosemary Hermann\"}','2016-07-13 11:20:08','2021-08-23 21:48:17'),(254,174,1,'http://wilkinsonrussel.com/media.mp4',6650282,'{\"owner\":\"Deshaun Farrell\"}','2017-10-30 17:53:41','2021-08-23 21:48:17'),(255,147,2,'http://yost.com/media.jpeg',1991735,'{\"owner\":\"Carleton Tremblay\"}','2018-08-31 07:47:31','2021-08-23 21:48:17'),(256,247,1,'http://www.heaney.com/media.mp4',9907830,'{\"owner\":\"Ivory Deckow\"}','2017-12-05 08:12:30','2021-08-23 21:48:17'),(257,289,2,'http://www.lednerschmitt.com/media.jpeg',3463945,'{\"owner\":\"Ezekiel Baumbach\"}','2014-11-02 14:12:08','2021-08-23 21:48:17'),(258,196,1,'http://fayrogahn.com/media.mp4',7496237,'{\"owner\":\"Johnathon Farrell\"}','2019-04-27 12:12:03','2021-08-23 21:48:17'),(259,281,2,'http://www.reynolds.biz/media.jpeg',6989351,'{\"owner\":\"Pansy Hand\"}','2015-02-02 08:00:35','2021-08-23 21:48:17'),(260,142,2,'http://www.gerlach.com/media.jpeg',2358043,'{\"owner\":\"Janie Robel\"}','2015-08-18 21:06:42','2021-08-23 21:48:17'),(261,142,1,'http://moore.net/media.mp4',722162,'{\"owner\":\"Janie Robel\"}','2018-08-23 20:30:47','2021-08-23 21:48:17'),(262,107,1,'http://www.wuckert.net/media.mp4',6436682,'{\"owner\":\"Kaia Wilderman\"}','2016-03-24 07:51:38','2021-08-23 21:48:17'),(263,23,2,'http://legros.biz/media.jpeg',9916924,'{\"owner\":\"Seth Weber\"}','2013-01-22 00:24:37','2021-08-23 21:48:17'),(264,267,1,'http://www.rosenbaumzemlak.com/media.mp4',174578,'{\"owner\":\"Austin Mohr\"}','2015-10-09 02:12:59','2021-08-23 21:48:17'),(265,96,2,'http://jakubowskiupton.com/media.jpeg',1022116,'{\"owner\":\"Abbigail Collier\"}','2018-06-11 05:23:12','2021-08-23 21:48:17'),(266,277,2,'http://prohaska.com/media.jpeg',4486848,'{\"owner\":\"Laron Cassin\"}','2020-12-15 18:47:24','2021-08-23 21:12:22'),(267,154,2,'http://thiel.net/media.jpeg',9267895,'{\"owner\":\"Tyshawn Murray\"}','2017-12-08 00:32:13','2021-08-23 21:48:17'),(268,183,2,'http://www.king.com/media.jpeg',2778929,'{\"owner\":\"Seth Weber\"}','2014-12-02 10:12:34','2021-08-23 21:48:17'),(269,189,1,'http://hamill.com/media.mp4',5990962,'{\"owner\":\"Reed Bruen\"}','2018-02-12 09:26:10','2021-08-23 21:48:17'),(270,251,1,'http://www.glover.com/media.mp4',1518022,'{\"owner\":\"Erich Franecki\"}','2015-11-07 22:03:02','2021-08-23 21:48:17'),(271,3,2,'http://www.bernhard.com/media.jpeg',9517227,'{\"owner\":\"Brooklyn Stoltenberg\"}','2015-04-09 23:23:15','2021-08-23 21:48:17'),(272,267,2,'http://www.rippinanderson.com/media.jpeg',2932068,'{\"owner\":\"Austin Mohr\"}','2016-09-03 13:03:20','2021-08-23 21:48:17'),(273,287,2,'http://www.langworth.biz/media.jpeg',6008662,'{\"owner\":\"Carleton Tremblay\"}','2019-12-11 20:19:17','2021-08-23 21:48:17'),(274,13,2,'http://torp.com/media.jpeg',1147107,'{\"owner\":\"Dennis Daugherty\"}','2021-07-27 11:39:27','2021-08-23 21:48:17'),(275,217,2,'http://www.labadie.com/media.jpeg',7609549,'{\"owner\":\"Jarrett Purdy\"}','2017-10-25 11:11:58','2021-08-23 21:48:17'),(276,194,1,'http://herzog.com/media.mp4',4506423,'{\"owner\":\"Austin Mohr\"}','2014-02-22 19:02:26','2021-08-23 21:48:17'),(277,105,1,'http://borer.com/media.mp4',9603470,'{\"owner\":\"Aida Medhurst\"}','2019-09-17 15:40:01','2021-08-23 21:48:17'),(278,207,2,'http://botsford.com/media.jpeg',4398084,'{\"owner\":\"Hobart Welch\"}','2017-05-30 06:27:52','2021-08-23 21:48:17'),(279,154,2,'http://www.zulaufritchie.com/media.jpeg',3080008,'{\"owner\":\"Tyshawn Murray\"}','2020-11-06 05:06:50','2021-08-23 21:48:17'),(280,177,1,'http://hegmann.biz/media.mp4',2105790,'{\"owner\":\"Burley Koch\"}','2020-09-10 07:23:32','2021-08-23 21:48:17'),(281,277,2,'http://www.johns.com/media.jpeg',1188927,'{\"owner\":\"Laron Cassin\"}','2013-06-14 03:38:29','2021-08-23 21:12:22'),(282,13,2,'http://www.ullrich.org/media.jpeg',9527268,'{\"owner\":\"Dennis Daugherty\"}','2020-09-28 16:19:42','2021-08-23 21:48:17'),(283,187,1,'http://www.jacobshowe.com/media.mp4',3969556,'{\"owner\":\"Leone Fay\"}','2018-02-05 19:18:46','2021-08-23 21:48:17'),(284,275,2,'http://www.kuphalraynor.net/media.jpeg',1165978,'{\"owner\":\"Kayli Hane\"}','2020-04-23 08:49:44','2021-08-23 21:48:17'),(285,288,1,'http://damore.biz/media.mp4',3821223,'{\"owner\":\"Rosemary Hermann\"}','2018-12-22 04:59:01','2021-08-23 21:48:17'),(286,127,2,'http://www.rath.com/media.jpeg',5508182,'{\"owner\":\"Kaia Wilderman\"}','2013-08-03 14:36:53','2021-08-23 21:48:17'),(287,297,2,'http://schoen.com/media.jpeg',5977242,'{\"owner\":\"Raina Cole\"}','2017-09-03 14:04:23','2021-08-23 21:48:17'),(288,92,1,'http://www.runte.com/media.mp4',3261666,'{\"owner\":\"Micaela Wintheiser\"}','2012-09-12 03:46:09','2021-08-23 21:48:17'),(289,255,2,'http://www.spencerhowell.com/media.jpeg',8276603,'{\"owner\":\"Kristofer Spencer\"}','2020-12-18 18:53:48','2021-08-23 21:48:17'),(290,162,1,'http://www.johnstonschultz.com/media.mp4',1498018,'{\"owner\":\"Abagail Cronin\"}','2015-12-03 00:42:53','2021-08-23 21:48:17'),(291,260,2,'http://watsica.com/media.jpeg',2560282,'{\"owner\":\"Rey Little\"}','2013-03-14 04:11:27','2021-08-23 21:48:17'),(292,87,1,'http://www.dickens.com/media.mp4',8207358,'{\"owner\":\"Erich Franecki\"}','2020-03-02 21:59:44','2021-08-23 21:48:17'),(293,67,1,'http://boyle.com/media.mp4',3255945,'{\"owner\":\"Jarrett Purdy\"}','2015-04-10 04:02:17','2021-08-23 21:48:17'),(294,120,1,'http://www.gaylord.com/media.mp4',1557653,'{\"owner\":\"Adella Mohr\"}','2020-01-04 01:28:42','2021-08-23 21:48:17'),(295,109,2,'http://kuhic.com/media.jpeg',7920428,'{\"owner\":\"Leone Fay\"}','2021-06-02 07:01:53','2021-08-23 21:48:17'),(296,260,1,'http://hermann.org/media.mp4',4829182,'{\"owner\":\"Rey Little\"}','2017-01-11 14:24:53','2021-08-23 21:48:17'),(297,281,2,'http://bins.org/media.jpeg',284629,'{\"owner\":\"Pansy Hand\"}','2011-11-07 05:09:29','2021-08-23 21:48:17'),(298,174,2,'http://www.hudsonjacobson.com/media.jpeg',6835597,'{\"owner\":\"Deshaun Farrell\"}','2020-03-01 19:18:56','2021-08-23 21:48:17'),(299,283,2,'http://www.johns.com/media.jpeg',3224099,'{\"owner\":\"Micaela Wintheiser\"}','2017-07-12 07:56:35','2021-08-23 21:48:17'),(300,168,2,'http://boyer.info/media.jpeg',5513706,'{\"owner\":\"Kristofer Spencer\"}','2020-02-04 00:22:27','2021-08-23 21:48:17'),(301,16,2,'http://grantritchie.com/media.jpeg',7796236,'{\"owner\":\"Abagail Cronin\"}','2012-08-07 11:43:42','2021-08-23 21:48:17'),(302,74,1,'http://smith.com/media.mp4',2340059,'{\"owner\":\"Gerard Johnston\"}','2021-06-11 17:17:48','2021-08-23 21:48:17'),(303,167,2,'http://daniel.biz/media.jpeg',8211590,'{\"owner\":\"Ivory Deckow\"}','2015-08-21 03:14:30','2021-08-23 21:48:17'),(304,53,2,'http://www.hermiston.org/media.jpeg',3937772,'{\"owner\":\"Lyda O\'Connell\"}','2018-08-18 18:34:18','2021-08-23 21:48:17'),(305,177,1,'http://blanda.info/media.mp4',4954092,'{\"owner\":\"Burley Koch\"}','2018-10-27 21:04:00','2021-08-23 21:48:17'),(306,215,2,'http://kshlerin.com/media.jpeg',2857143,'{\"owner\":\"Annamarie Goodwin\"}','2014-10-03 06:43:54','2021-08-23 21:48:17'),(307,162,1,'http://wuckert.info/media.mp4',9323441,'{\"owner\":\"Abagail Cronin\"}','2014-07-01 08:21:33','2021-08-23 21:48:17'),(308,129,2,'http://www.stroman.com/media.jpeg',7945775,'{\"owner\":\"Dwight Williamson\"}','2011-10-07 21:57:32','2021-08-23 21:48:17'),(309,244,2,'http://eichmann.biz/media.jpeg',1658553,'{\"owner\":\"Laron Cassin\"}','2020-05-12 21:40:09','2021-08-23 21:12:22'),(310,145,2,'http://schuster.com/media.jpeg',4355440,'{\"owner\":\"Mekhi Goyette\"}','2015-01-13 11:16:36','2021-08-23 21:48:17'),(311,21,1,'http://www.hansentorphy.org/media.mp4',6701545,'{\"owner\":\"Zoie Rosenbaum\"}','2017-08-20 17:47:28','2021-08-23 21:48:17'),(312,6,2,'http://www.dubuquefeest.com/media.jpeg',341404,'{\"owner\":\"Aida Medhurst\"}','2020-05-22 03:10:23','2021-08-23 21:48:17'),(313,14,1,'http://mckenzie.com/media.mp4',1502384,'{\"owner\":\"Nelda Fritsch\"}','2013-05-01 23:56:42','2021-08-23 21:48:17'),(314,126,2,'http://www.strosinullrich.biz/media.jpeg',6387712,'{\"owner\":\"Spencer King\"}','2014-12-03 01:59:12','2021-08-23 21:48:17'),(315,168,1,'http://maggio.org/media.mp4',7331406,'{\"owner\":\"Kristofer Spencer\"}','2018-11-10 07:04:27','2021-08-23 21:48:17'),(316,12,2,'http://www.franecki.biz/media.jpeg',7393895,'{\"owner\":\"Dora Dickens\"}','2012-12-12 06:41:13','2021-08-23 21:48:17'),(317,47,1,'http://www.jenkinsmuller.biz/media.mp4',4875259,'{\"owner\":\"Yoshiko Johns\"}','2013-04-17 13:53:49','2021-08-23 21:48:17'),(318,41,1,'http://www.harvey.net/media.mp4',2094608,'{\"owner\":\"Hobart Welch\"}','2012-07-24 04:33:59','2021-08-23 21:48:17'),(319,75,2,'http://www.kundecrist.com/media.jpeg',5747268,'{\"owner\":\"Mekhi Goyette\"}','2018-03-22 05:25:23','2021-08-23 21:48:17'),(320,151,2,'http://www.powlowskigutmann.com/media.jpeg',2352513,'{\"owner\":\"Burley Koch\"}','2011-09-13 16:41:45','2021-08-23 21:48:17'),(321,122,2,'http://www.townejones.com/media.jpeg',4420764,'{\"owner\":\"Dennis Daugherty\"}','2021-08-12 13:34:08','2021-08-23 21:48:17'),(322,85,1,'http://damorejohnson.com/media.mp4',4946283,'{\"owner\":\"Eugene Bailey\"}','2021-03-17 20:01:52','2021-08-23 21:48:17'),(323,169,2,'http://www.thompsongrant.biz/media.jpeg',1369123,'{\"owner\":\"Henriette Quigley\"}','2012-05-20 16:52:55','2021-08-23 21:48:17'),(324,296,2,'http://andersondibbert.biz/media.jpeg',1906768,'{\"owner\":\"Bianka Collins\"}','2018-10-05 21:36:39','2021-08-23 21:48:17'),(325,250,2,'http://www.schultz.com/media.jpeg',5326470,'{\"owner\":\"Elton Fadel\"}','2013-03-16 05:43:54','2021-08-23 21:48:17'),(326,94,1,'http://www.emard.biz/media.mp4',812047,'{\"owner\":\"Mekhi Goyette\"}','2016-07-02 10:22:22','2021-08-23 21:48:17'),(327,262,1,'http://hahnlowe.com/media.mp4',7980824,'{\"owner\":\"Ezekiel Baumbach\"}','2018-04-13 19:45:31','2021-08-23 21:48:17'),(328,279,1,'http://reichertshields.info/media.mp4',7367982,'{\"owner\":\"Sheldon Brown\"}','2014-11-29 07:56:15','2021-08-23 21:48:17'),(329,49,2,'http://abshiregorczany.org/media.jpeg',2797437,'{\"owner\":\"Leone Fay\"}','2012-02-02 03:59:02','2021-08-23 21:48:17'),(330,197,2,'http://okon.net/media.jpeg',1783239,'{\"owner\":\"Abdul Reilly\"}','2020-11-21 07:00:43','2021-08-23 21:48:17'),(331,6,2,'http://www.bashirian.com/media.jpeg',423887,'{\"owner\":\"Aida Medhurst\"}','2016-04-15 04:53:41','2021-08-23 21:48:17'),(332,71,2,'http://gutmanncrona.com/media.jpeg',6669716,'{\"owner\":\"Rey Little\"}','2014-03-12 04:56:55','2021-08-23 21:48:17'),(333,196,1,'http://www.hagenes.com/media.mp4',1976923,'{\"owner\":\"Johnathon Farrell\"}','2017-06-25 14:47:54','2021-08-23 21:48:17'),(334,54,2,'http://www.walter.net/media.jpeg',9775466,'{\"owner\":\"Sadye Okuneva\"}','2019-05-13 22:28:02','2021-08-23 21:48:17'),(335,242,1,'http://www.bodeswift.org/media.mp4',2846562,'{\"owner\":\"Elton Fadel\"}','2018-12-04 08:06:37','2021-08-23 21:48:17'),(336,222,2,'http://mertz.biz/media.jpeg',4806412,'{\"owner\":\"Zoie Rosenbaum\"}','2015-09-15 03:31:28','2021-08-23 21:48:17'),(337,92,1,'http://carroll.net/media.mp4',5392374,'{\"owner\":\"Micaela Wintheiser\"}','2014-08-28 19:13:19','2021-08-23 21:48:17'),(338,69,2,'http://frami.com/media.jpeg',2442637,'{\"owner\":\"Sid Purdy\"}','2018-12-17 12:14:16','2021-08-23 21:48:17'),(339,241,2,'http://www.lemke.com/media.jpeg',5936065,'{\"owner\":\"Spencer King\"}','2013-06-03 22:53:47','2021-08-23 21:48:17'),(340,16,2,'http://www.lowerunte.info/media.jpeg',2252413,'{\"owner\":\"Abagail Cronin\"}','2015-04-21 01:25:36','2021-08-23 21:48:17'),(341,245,1,'http://www.adamskuvalis.info/media.mp4',3353870,'{\"owner\":\"Pauline Predovic\"}','2019-01-19 14:37:04','2021-08-23 21:48:17'),(342,53,1,'http://www.cummerata.net/media.mp4',9912112,'{\"owner\":\"Lyda O\'Connell\"}','2017-01-09 09:55:22','2021-08-23 21:48:17'),(343,88,2,'http://steuberbartoletti.com/media.jpeg',9398953,'{\"owner\":\"Yoshiko Johns\"}','2017-04-16 13:50:48','2021-08-23 21:48:17'),(344,25,2,'http://www.stroman.com/media.jpeg',7158428,'{\"owner\":\"Rosemary Hermann\"}','2013-06-23 04:47:08','2021-08-23 21:48:17'),(345,264,1,'http://www.walker.com/media.mp4',7495280,'{\"owner\":\"Zoie Rosenbaum\"}','2018-03-13 19:08:34','2021-08-23 21:48:17'),(346,236,1,'http://www.schultz.info/media.mp4',5901119,'{\"owner\":\"Leonora Leannon\"}','2015-09-08 03:14:08','2021-08-23 21:48:17'),(347,92,1,'http://www.swiftmonahan.net/media.mp4',6919753,'{\"owner\":\"Micaela Wintheiser\"}','2013-04-12 17:09:45','2021-08-23 21:48:17'),(348,269,2,'http://www.keeling.com/media.jpeg',6795412,'{\"owner\":\"Nicholaus Turner\"}','2017-06-30 01:14:38','2021-08-23 21:48:17'),(349,270,1,'http://www.schuppe.com/media.mp4',3117802,'{\"owner\":\"Blanche Ziemann\"}','2017-07-05 05:19:16','2021-08-23 21:48:17'),(350,77,2,'http://www.ankundingadams.com/media.jpeg',5102774,'{\"owner\":\"Janie Robel\"}','2016-10-14 08:15:09','2021-08-23 21:48:17'),(351,118,2,'http://www.gusikowskidietrich.info/media.jpeg',6060465,'{\"owner\":\"Burley Koch\"}','2014-02-20 15:58:07','2021-08-23 21:48:17'),(352,79,1,'http://toy.net/media.mp4',4894003,'{\"owner\":\"Deshaun Farrell\"}','2021-03-04 22:22:20','2021-08-23 21:48:17'),(353,34,2,'http://kemmerhomenick.info/media.jpeg',6188623,'{\"owner\":\"Bianka Collins\"}','2020-12-25 07:32:24','2021-08-23 21:48:17'),(354,80,1,'http://labadie.com/media.mp4',6161105,'{\"owner\":\"Kurt Gibson\"}','2012-10-10 00:05:32','2021-08-23 21:48:17'),(355,297,2,'http://hermiston.com/media.jpeg',2139658,'{\"owner\":\"Raina Cole\"}','2015-02-11 08:24:18','2021-08-23 21:48:17'),(356,252,1,'http://www.grant.com/media.mp4',2114975,'{\"owner\":\"Nicholas Pfeffer\"}','2015-02-10 04:15:57','2021-08-23 21:48:17'),(357,116,1,'http://www.keelingjones.com/media.mp4',4055901,'{\"owner\":\"Nelda Fritsch\"}','2016-12-29 10:11:37','2021-08-23 21:48:17'),(358,7,2,'http://walter.com/media.jpeg',3834583,'{\"owner\":\"Yoshiko Johns\"}','2019-04-04 23:42:37','2021-08-23 21:48:17'),(359,78,2,'http://aufderhar.com/media.jpeg',6905210,'{\"owner\":\"Erich Franecki\"}','2015-11-05 23:38:15','2021-08-23 21:48:17'),(360,48,2,'http://www.feil.com/media.jpeg',2922305,'{\"owner\":\"Claudie Koss\"}','2019-06-04 00:55:03','2021-08-23 21:48:17'),(361,282,2,'http://smith.com/media.jpeg',3795895,'{\"owner\":\"Heather O\'Hara\"}','2017-09-04 04:27:58','2021-08-23 21:48:17'),(362,18,1,'http://reinger.com/media.mp4',112561,'{\"owner\":\"Liana Thompson\"}','2014-01-14 12:23:46','2021-08-23 21:48:17'),(363,78,2,'http://www.schimmel.com/media.jpeg',9075121,'{\"owner\":\"Erich Franecki\"}','2021-06-07 08:57:10','2021-08-23 21:48:17'),(364,152,2,'http://www.mills.net/media.jpeg',4937921,'{\"owner\":\"Dennis Daugherty\"}','2014-02-10 13:04:04','2021-08-23 21:48:17'),(365,124,2,'http://www.hahnwyman.com/media.jpeg',7364242,'{\"owner\":\"Hobart Welch\"}','2017-01-16 23:45:05','2021-08-23 21:48:17'),(366,275,2,'http://brakusokon.com/media.jpeg',1907451,'{\"owner\":\"Kayli Hane\"}','2019-07-13 00:36:10','2021-08-23 21:48:17'),(367,251,2,'http://www.schinner.com/media.jpeg',7344529,'{\"owner\":\"Erich Franecki\"}','2019-01-01 09:52:57','2021-08-23 21:48:17'),(368,104,2,'http://stroman.com/media.jpeg',900293,'{\"owner\":\"Tressie Schmitt\"}','2021-01-31 20:51:20','2021-08-23 21:48:17'),(369,169,1,'http://www.bartoletti.net/media.mp4',2367878,'{\"owner\":\"Henriette Quigley\"}','2013-12-29 01:39:37','2021-08-23 21:48:17'),(370,271,2,'http://sporer.com/media.jpeg',9038510,'{\"owner\":\"Enos Reilly\"}','2013-10-17 13:43:05','2021-08-23 21:48:17'),(371,60,1,'http://www.gerhold.com/media.mp4',7988920,'{\"owner\":\"Brian Jacobson\"}','2012-10-23 14:01:59','2021-08-23 21:48:17'),(372,105,1,'http://boehm.info/media.mp4',2729069,'{\"owner\":\"Aida Medhurst\"}','2019-08-17 23:52:05','2021-08-23 21:48:17'),(373,221,1,'http://www.schumm.com/media.mp4',9578584,'{\"owner\":\"Laron Cassin\"}','2019-05-14 11:12:13','2021-08-23 21:12:22'),(374,75,2,'http://www.rennerkertzmann.info/media.jpeg',9605716,'{\"owner\":\"Mekhi Goyette\"}','2017-06-06 00:28:04','2021-08-23 21:48:17'),(375,177,2,'http://www.kertzmannkiehn.com/media.jpeg',9192828,'{\"owner\":\"Burley Koch\"}','2020-05-22 17:40:42','2021-08-23 21:48:17'),(376,70,1,'http://www.lowe.com/media.mp4',7046995,'{\"owner\":\"Alexis Pouros\"}','2017-12-18 02:55:31','2021-08-23 21:48:17'),(377,19,1,'http://www.yundt.info/media.mp4',7556488,'{\"owner\":\"Abbigail Collier\"}','2018-12-01 09:43:35','2021-08-23 21:48:17'),(378,195,2,'http://balistrerinicolas.info/media.jpeg',6541460,'{\"owner\":\"Janie Robel\"}','2016-08-19 06:08:52','2021-08-23 21:48:17'),(379,115,2,'http://www.hartmann.com/media.jpeg',9937833,'{\"owner\":\"Juwan Langworth\"}','2012-11-01 23:38:19','2021-08-23 21:48:17'),(380,286,1,'http://www.pouros.com/media.mp4',9964788,'{\"owner\":\"Abbigail Collier\"}','2016-03-25 21:53:27','2021-08-23 21:48:17'),(381,25,2,'http://grantkeeling.com/media.jpeg',9910443,'{\"owner\":\"Rosemary Hermann\"}','2012-06-20 17:08:29','2021-08-23 21:48:17'),(382,100,2,'http://www.hegmann.com/media.jpeg',9557851,'{\"owner\":\"Aryanna Kuvalis\"}','2020-12-19 05:52:57','2021-08-23 21:48:17'),(383,98,2,'http://www.beatty.info/media.jpeg',7957927,'{\"owner\":\"Bianka Collins\"}','2017-07-13 02:22:17','2021-08-23 21:48:17'),(384,39,2,'http://millsgislason.com/media.jpeg',1016085,'{\"owner\":\"Kamryn Sipes\"}','2021-05-20 14:14:43','2021-08-23 21:48:17'),(385,228,2,'http://www.hermann.com/media.jpeg',1106641,'{\"owner\":\"Sid Purdy\"}','2020-01-07 01:12:34','2021-08-23 21:48:17'),(386,175,2,'http://halvorsonzulauf.net/media.jpeg',2384954,'{\"owner\":\"Loyce Sipes\"}','2016-01-26 20:38:02','2021-08-23 21:48:17'),(387,280,1,'http://padbergheaney.com/media.mp4',8504846,'{\"owner\":\"Keely Daniel\"}','2020-05-04 07:08:22','2021-08-23 21:48:17'),(388,125,1,'http://www.jacobi.net/media.mp4',5269370,'{\"owner\":\"Lyda O\'Connell\"}','2016-10-20 03:54:26','2021-08-23 21:48:17'),(389,136,2,'http://www.carterherzog.biz/media.jpeg',732314,'{\"owner\":\"Alexis Pouros\"}','2018-01-16 04:34:11','2021-08-23 21:48:17'),(390,194,1,'http://www.littelpfannerstill.com/media.mp4',7753458,'{\"owner\":\"Austin Mohr\"}','2012-05-02 15:30:08','2021-08-23 21:48:17'),(391,149,1,'http://hermiston.com/media.mp4',6470350,'{\"owner\":\"Alexis Pouros\"}','2015-10-24 08:23:41','2021-08-23 21:48:17'),(392,138,2,'http://www.hills.net/media.jpeg',8991377,'{\"owner\":\"Abbigail Collier\"}','2014-06-09 01:11:26','2021-08-23 21:48:17'),(393,237,1,'http://www.auerhauck.com/media.mp4',5445837,'{\"owner\":\"Geovanni Harris\"}','2020-06-25 13:59:37','2021-08-23 21:48:17'),(394,39,1,'http://mayer.com/media.mp4',155055,'{\"owner\":\"Kamryn Sipes\"}','2015-12-22 03:33:49','2021-08-23 21:48:17'),(395,85,1,'http://www.monahan.biz/media.mp4',4337765,'{\"owner\":\"Eugene Bailey\"}','2014-06-13 08:59:58','2021-08-23 21:48:17'),(396,64,1,'http://schiller.com/media.mp4',1123661,'{\"owner\":\"Dora Dickens\"}','2012-01-15 14:38:52','2021-08-23 21:48:17'),(397,44,1,'http://mitchellkuvalis.net/media.mp4',2505011,'{\"owner\":\"Mekhi Goyette\"}','2012-01-24 03:19:30','2021-08-23 21:48:17'),(398,66,2,'http://volkmanblock.com/media.jpeg',9054071,'{\"owner\":\"Kurt Gibson\"}','2013-12-21 19:51:52','2021-08-23 21:48:17'),(399,148,2,'http://schuster.com/media.jpeg',7655326,'{\"owner\":\"Pansy Hand\"}','2012-06-17 11:16:22','2021-08-23 21:48:17'),(400,27,2,'http://www.carterboyer.biz/media.jpeg',1014414,'{\"owner\":\"Kayli Hane\"}','2021-02-26 01:14:42','2021-08-23 21:48:17'),(401,253,1,'http://www.johnsbarton.com/media.mp4',2006095,'{\"owner\":\"Janie Robel\"}','2017-08-23 21:24:56','2021-08-23 21:48:17'),(402,67,1,'http://www.renner.com/media.mp4',6887234,'{\"owner\":\"Jarrett Purdy\"}','2019-05-24 07:52:25','2021-08-23 21:48:17'),(403,240,2,'http://www.colemiller.com/media.jpeg',8317885,'{\"owner\":\"Dolores McDermott\"}','2012-06-26 13:42:36','2021-08-23 21:48:17'),(404,125,2,'http://www.williamson.com/media.jpeg',827723,'{\"owner\":\"Lyda O\'Connell\"}','2017-01-16 11:10:43','2021-08-23 21:48:17'),(405,149,2,'http://zulauf.com/media.jpeg',9084962,'{\"owner\":\"Alexis Pouros\"}','2017-08-29 10:03:38','2021-08-23 21:48:17'),(406,280,2,'http://braunwest.com/media.jpeg',2841644,'{\"owner\":\"Keely Daniel\"}','2016-02-19 19:01:16','2021-08-23 21:48:17'),(407,61,1,'http://schinner.biz/media.mp4',6853331,'{\"owner\":\"Rey Little\"}','2018-06-05 05:21:15','2021-08-23 21:48:17'),(408,1,2,'http://stracke.com/media.jpeg',5641725,'{\"owner\":\"Aida Medhurst\"}','2013-06-11 06:58:29','2021-08-23 21:48:17'),(409,272,1,'http://www.wisozkvolkman.info/media.mp4',7548633,'{\"owner\":\"Filomena Hansen\"}','2018-10-25 20:39:45','2021-08-23 21:48:17'),(410,20,1,'http://www.russel.com/media.mp4',717992,'{\"owner\":\"Florine Oberbrunner\"}','2017-08-31 13:21:56','2021-08-23 21:48:17'),(411,77,2,'http://monahan.info/media.jpeg',844060,'{\"owner\":\"Janie Robel\"}','2015-07-27 07:02:18','2021-08-23 21:48:17'),(412,164,2,'http://bradtke.com/media.jpeg',1966324,'{\"owner\":\"Dolores McDermott\"}','2021-02-23 20:33:51','2021-08-23 21:48:17'),(413,133,1,'http://www.hoeger.info/media.mp4',7199442,'{\"owner\":\"Elton Fadel\"}','2019-06-29 18:29:02','2021-08-23 21:48:17'),(414,38,1,'http://fay.com/media.mp4',9998239,'{\"owner\":\"Dora Dickens\"}','2014-02-28 04:28:34','2021-08-23 21:48:17'),(415,108,2,'http://www.lemke.com/media.jpeg',8292869,'{\"owner\":\"Braden Bradtke\"}','2014-06-25 07:37:29','2021-08-23 21:48:17'),(416,49,2,'http://www.morar.com/media.jpeg',1369629,'{\"owner\":\"Leone Fay\"}','2018-11-24 13:07:05','2021-08-23 21:48:17'),(417,204,2,'http://www.harrisgusikowski.com/media.jpeg',1869539,'{\"owner\":\"Filomena Hansen\"}','2014-06-27 20:01:10','2021-08-23 21:48:17'),(418,218,1,'http://www.howeleffler.com/media.mp4',5138807,'{\"owner\":\"Liana Thompson\"}','2018-03-17 06:54:32','2021-08-23 21:48:17'),(419,248,1,'http://abernathyvolkman.com/media.mp4',9985422,'{\"owner\":\"Pauline Predovic\"}','2016-02-19 10:57:08','2021-08-23 21:48:17'),(420,146,1,'http://www.hammeskonopelski.biz/media.mp4',4410686,'{\"owner\":\"Mckenna Kessler\"}','2013-08-16 07:46:41','2021-08-23 21:48:17'),(421,6,2,'http://www.wyman.net/media.jpeg',1997168,'{\"owner\":\"Aida Medhurst\"}','2014-01-18 12:43:08','2021-08-23 21:48:17'),(422,26,1,'http://www.botsford.net/media.mp4',6653783,'{\"owner\":\"Spencer King\"}','2020-10-11 17:17:48','2021-08-23 21:48:17'),(423,7,2,'http://kris.biz/media.jpeg',7177411,'{\"owner\":\"Yoshiko Johns\"}','2019-05-06 07:08:43','2021-08-23 21:48:17'),(424,10,2,'http://boyer.com/media.jpeg',5825709,'{\"owner\":\"Hobart Welch\"}','2019-07-10 20:47:39','2021-08-23 21:48:17'),(425,63,2,'http://bechtelar.com/media.jpeg',7496310,'{\"owner\":\"Tressie Schmitt\"}','2020-02-21 16:26:44','2021-08-23 21:48:17'),(426,257,1,'http://zulauf.com/media.mp4',9904425,'{\"owner\":\"Ivory Deckow\"}','2017-12-21 23:30:59','2021-08-23 21:48:17'),(427,214,2,'http://www.schultz.net/media.jpeg',6933198,'{\"owner\":\"Abagail Cronin\"}','2015-11-12 19:19:51','2021-08-23 21:48:17'),(428,195,1,'http://parker.com/media.mp4',4852713,'{\"owner\":\"Janie Robel\"}','2019-04-11 06:38:56','2021-08-23 21:48:17'),(429,279,1,'http://steuber.com/media.mp4',3363971,'{\"owner\":\"Sheldon Brown\"}','2019-02-08 22:18:50','2021-08-23 21:48:17'),(430,281,2,'http://www.vandervort.info/media.jpeg',2161719,'{\"owner\":\"Pansy Hand\"}','2020-01-30 06:00:52','2021-08-23 21:48:17'),(431,19,2,'http://www.langworth.com/media.jpeg',616683,'{\"owner\":\"Abbigail Collier\"}','2012-12-10 02:28:54','2021-08-23 21:48:17'),(432,128,2,'http://koelpin.com/media.jpeg',6498259,'{\"owner\":\"Geovanni Harris\"}','2012-12-30 13:49:55','2021-08-23 21:48:17'),(433,73,2,'http://www.hesselleannon.com/media.jpeg',541248,'{\"owner\":\"Liana Thompson\"}','2012-07-07 00:54:48','2021-08-23 21:48:17'),(434,285,2,'http://marquardt.com/media.jpeg',3111461,'{\"owner\":\"Florine Oberbrunner\"}','2013-11-03 12:55:29','2021-08-23 21:48:17'),(435,197,2,'http://ward.com/media.jpeg',3833563,'{\"owner\":\"Abdul Reilly\"}','2017-09-08 19:52:13','2021-08-23 21:48:17'),(436,185,2,'http://www.marks.biz/media.jpeg',9733434,'{\"owner\":\"Erich Franecki\"}','2015-12-08 16:59:55','2021-08-23 21:48:17'),(437,258,2,'http://donnelly.net/media.jpeg',7066480,'{\"owner\":\"Keely Daniel\"}','2016-09-10 20:59:16','2021-08-23 21:48:17'),(438,220,1,'http://www.collierdeckow.com/media.mp4',6032100,'{\"owner\":\"Darrell Sanford\"}','2014-06-21 10:24:47','2021-08-23 21:48:17'),(439,208,2,'http://www.trompwaelchi.biz/media.jpeg',8861061,'{\"owner\":\"Norbert Kunze\"}','2013-09-04 13:55:09','2021-08-23 21:48:17'),(440,27,1,'http://connellykohler.com/media.mp4',6109005,'{\"owner\":\"Kayli Hane\"}','2011-10-06 05:57:17','2021-08-23 21:48:17'),(441,37,2,'http://www.streichyost.org/media.jpeg',3861844,'{\"owner\":\"Darrell Sanford\"}','2013-09-20 17:18:21','2021-08-23 21:48:17'),(442,261,2,'http://morar.com/media.jpeg',882206,'{\"owner\":\"Floy Zemlak\"}','2015-05-24 09:37:37','2021-08-23 21:48:17'),(443,74,2,'http://www.kirlin.info/media.jpeg',2725499,'{\"owner\":\"Gerard Johnston\"}','2015-06-08 19:20:18','2021-08-23 21:48:17'),(444,7,1,'http://www.jenkins.com/media.mp4',880876,'{\"owner\":\"Yoshiko Johns\"}','2020-12-25 17:38:09','2021-08-23 21:48:17'),(445,166,1,'http://harvey.info/media.mp4',6127883,'{\"owner\":\"Ivory Deckow\"}','2016-08-03 12:54:45','2021-08-23 21:48:17'),(446,175,2,'http://www.hickle.org/media.jpeg',7896789,'{\"owner\":\"Loyce Sipes\"}','2021-02-20 23:32:34','2021-08-23 21:48:17'),(447,131,2,'http://www.marquardt.net/media.jpeg',1000299,'{\"owner\":\"Lyda O\'Connell\"}','2018-02-10 11:09:09','2021-08-23 21:48:17'),(448,176,2,'http://www.ortiz.org/media.jpeg',1211126,'{\"owner\":\"Lorna Pfannerstill\"}','2018-09-16 17:12:17','2021-08-23 21:48:17'),(449,238,2,'http://www.gutkowskidach.net/media.jpeg',2954734,'{\"owner\":\"Elta Marvin\"}','2014-02-07 23:59:00','2021-08-23 21:48:17'),(450,5,1,'http://www.homenicklowe.com/media.mp4',1040294,'{\"owner\":\"Norbert Kunze\"}','2013-06-11 17:38:17','2021-08-23 21:48:17'),(451,15,1,'http://hegmann.info/media.mp4',6237269,'{\"owner\":\"Filomena Hansen\"}','2014-12-21 08:53:42','2021-08-23 21:48:17'),(452,28,2,'http://www.glover.biz/media.jpeg',7965463,'{\"owner\":\"Dora Dickens\"}','2018-08-10 21:39:31','2021-08-23 21:48:17'),(453,108,1,'http://www.nader.com/media.mp4',1015510,'{\"owner\":\"Braden Bradtke\"}','2015-10-01 03:12:59','2021-08-23 21:48:17'),(454,223,2,'http://www.ortizwehner.com/media.jpeg',1081159,'{\"owner\":\"Ezekiel Baumbach\"}','2012-11-05 05:42:12','2021-08-23 21:48:17'),(455,172,1,'http://jerde.net/media.mp4',2259268,'{\"owner\":\"Geovanni Harris\"}','2015-04-28 02:50:58','2021-08-23 21:48:17'),(456,170,1,'http://www.haley.biz/media.mp4',7952865,'{\"owner\":\"Lorna Pfannerstill\"}','2011-10-09 05:38:49','2021-08-23 21:48:17'),(457,205,2,'http://mann.com/media.jpeg',2886523,'{\"owner\":\"Cortez Feest\"}','2017-03-10 22:59:47','2021-08-23 21:48:17'),(458,220,2,'http://streich.com/media.jpeg',474017,'{\"owner\":\"Darrell Sanford\"}','2021-02-21 12:21:20','2021-08-23 21:48:17'),(459,31,2,'http://www.hammes.net/media.jpeg',3610520,'{\"owner\":\"Irving O\'Hara\"}','2014-01-26 03:32:34','2021-08-23 21:48:17'),(460,297,2,'http://kub.info/media.jpeg',6530550,'{\"owner\":\"Raina Cole\"}','2018-10-19 12:12:23','2021-08-23 21:48:17'),(461,35,1,'http://www.breitenberg.info/media.mp4',1721190,'{\"owner\":\"Laron Cassin\"}','2018-10-09 18:52:52','2021-08-23 21:12:22'),(462,119,2,'http://dickens.info/media.jpeg',8914299,'{\"owner\":\"Nelda Fritsch\"}','2015-03-26 21:23:43','2021-08-23 21:48:16'),(463,188,1,'http://www.olson.com/media.mp4',9307927,'{\"owner\":\"Dennis Daugherty\"}','2014-10-25 01:27:16','2021-08-23 21:48:16'),(464,257,2,'http://www.rempel.org/media.jpeg',9696740,'{\"owner\":\"Ivory Deckow\"}','2020-10-05 07:37:47','2021-08-23 21:48:16'),(465,197,2,'http://www.eichmannernser.biz/media.jpeg',459921,'{\"owner\":\"Abdul Reilly\"}','2015-03-29 21:37:14','2021-08-23 21:48:16'),(466,86,1,'http://smithoconnell.com/media.mp4',3109384,'{\"owner\":\"Tressie Schmitt\"}','2014-04-30 23:52:31','2021-08-23 21:48:16'),(467,42,2,'http://www.hudson.net/media.jpeg',4067158,'{\"owner\":\"Johnathon Farrell\"}','2021-05-08 02:57:53','2021-08-23 21:48:16'),(468,74,2,'http://koss.com/media.jpeg',907639,'{\"owner\":\"Gerard Johnston\"}','2011-12-21 20:40:46','2021-08-23 21:48:16'),(469,151,2,'http://ferryhintz.com/media.jpeg',2236720,'{\"owner\":\"Burley Koch\"}','2019-03-13 22:34:00','2021-08-23 21:48:16'),(470,74,1,'http://cassin.com/media.mp4',8360684,'{\"owner\":\"Gerard Johnston\"}','2013-03-24 08:45:50','2021-08-23 21:48:16'),(471,184,1,'http://www.greenholt.info/media.mp4',4993261,'{\"owner\":\"Irving O\'Hara\"}','2020-06-03 23:33:35','2021-08-23 21:48:16'),(472,50,2,'http://hoegerkautzer.com/media.jpeg',9784255,'{\"owner\":\"Kurt Gibson\"}','2020-01-09 18:19:06','2021-08-23 21:48:16'),(473,204,2,'http://christiansen.com/media.jpeg',3841493,'{\"owner\":\"Filomena Hansen\"}','2015-05-29 20:02:48','2021-08-23 21:48:16'),(474,241,2,'http://www.haley.com/media.jpeg',9754701,'{\"owner\":\"Spencer King\"}','2013-04-22 03:24:08','2021-08-23 21:48:16'),(475,75,2,'http://weber.com/media.jpeg',7149027,'{\"owner\":\"Mekhi Goyette\"}','2015-08-06 07:54:14','2021-08-23 21:48:16'),(476,100,1,'http://yundthegmann.org/media.mp4',6381032,'{\"owner\":\"Aryanna Kuvalis\"}','2020-11-26 11:02:08','2021-08-23 21:48:16'),(477,211,2,'http://runolfsdottir.com/media.jpeg',358080,'{\"owner\":\"Viola Reichel\"}','2021-07-23 17:43:17','2021-08-23 21:48:16'),(478,110,1,'http://www.feil.biz/media.mp4',2547303,'{\"owner\":\"Eugene Bailey\"}','2019-02-28 11:27:28','2021-08-23 21:48:16'),(479,91,1,'http://www.gleasonkoch.com/media.mp4',1562276,'{\"owner\":\"Erich Franecki\"}','2014-10-22 07:59:54','2021-08-23 21:48:16'),(480,83,2,'http://leffler.biz/media.jpeg',10069473,'{\"owner\":\"Florine Oberbrunner\"}','2021-03-20 11:19:01','2021-08-23 21:48:16'),(481,27,1,'http://www.harris.com/media.mp4',5560536,'{\"owner\":\"Kayli Hane\"}','2014-02-01 16:23:28','2021-08-23 21:48:16'),(482,284,1,'http://rohan.com/media.mp4',7494264,'{\"owner\":\"Saige Muller\"}','2012-03-16 08:57:25','2021-08-23 21:48:16'),(483,298,2,'http://www.wildermandavis.com/media.jpeg',689711,'{\"owner\":\"Clyde Rosenbaum\"}','2014-05-08 13:32:14','2021-08-23 21:48:16'),(484,147,2,'http://jakubowski.com/media.jpeg',865765,'{\"owner\":\"Carleton Tremblay\"}','2018-09-13 01:44:34','2021-08-23 21:48:16'),(485,47,1,'http://heaney.biz/media.mp4',2159692,'{\"owner\":\"Yoshiko Johns\"}','2012-10-06 19:51:03','2021-08-23 21:48:16'),(486,227,2,'http://quitzonreinger.com/media.jpeg',8101168,'{\"owner\":\"Hobart Welch\"}','2015-01-23 18:05:29','2021-08-23 21:48:16'),(487,297,1,'http://www.watsica.com/media.mp4',3926763,'{\"owner\":\"Raina Cole\"}','2011-08-24 19:56:22','2021-08-23 21:48:16'),(488,163,2,'http://www.stracke.com/media.jpeg',5230312,'{\"owner\":\"Ivory Deckow\"}','2014-05-12 00:29:52','2021-08-23 21:48:16'),(489,156,2,'http://www.medhurstfarrell.com/media.jpeg',4271274,'{\"owner\":\"Leonora Leannon\"}','2013-07-06 16:37:20','2021-08-23 21:48:16'),(490,286,2,'http://koss.org/media.jpeg',5565432,'{\"owner\":\"Abbigail Collier\"}','2013-07-25 21:49:58','2021-08-23 21:48:16'),(491,37,2,'http://www.morar.com/media.jpeg',4913340,'{\"owner\":\"Darrell Sanford\"}','2020-11-27 06:39:02','2021-08-23 21:48:16'),(492,199,2,'http://powlowskiritchie.com/media.jpeg',7770405,'{\"owner\":\"Sadye Okuneva\"}','2015-10-22 15:48:43','2021-08-23 21:48:16'),(493,138,2,'http://www.ebert.com/media.jpeg',4012003,'{\"owner\":\"Abbigail Collier\"}','2016-12-31 16:03:58','2021-08-23 21:48:16'),(494,254,1,'http://www.barrows.biz/media.mp4',6648804,'{\"owner\":\"Nicholas Pfeffer\"}','2020-11-09 02:33:56','2021-08-23 21:48:16'),(495,59,2,'http://www.marksvonrueden.com/media.jpeg',1108012,'{\"owner\":\"Brooklyn Stoltenberg\"}','2015-06-11 02:46:46','2021-08-23 21:48:16'),(496,147,1,'http://www.klockoreynolds.com/media.mp4',5493649,'{\"owner\":\"Carleton Tremblay\"}','2015-05-01 15:25:50','2021-08-23 21:48:16'),(497,131,2,'http://www.andersonhowe.com/media.jpeg',4044211,'{\"owner\":\"Lyda O\'Connell\"}','2021-04-18 06:53:40','2021-08-23 21:48:16'),(498,295,1,'http://bernier.com/media.mp4',3640107,'{\"owner\":\"Aryanna Kuvalis\"}','2019-06-20 15:20:10','2021-08-23 21:48:16'),(499,244,1,'http://spinkalittel.com/media.mp4',5967904,'{\"owner\":\"Laron Cassin\"}','2015-12-24 22:33:07','2021-08-23 21:12:22'),(500,201,2,'http://www.eichmannking.com/media.jpeg',8819201,'{\"owner\":\"Florine Oberbrunner\"}','2018-03-01 05:45:03','2021-08-23 21:48:16');
/*!40000 ALTER TABLE `media` ENABLE KEYS */;
UNLOCK TABLES;

--
-- Table structure for table `media_types`
--

DROP TABLE IF EXISTS `media_types`;
/*!40101 SET @saved_cs_client     = @@character_set_client */;
/*!40101 SET character_set_client = utf8 */;
CREATE TABLE `media_types` (
  `id` int(10) unsigned NOT NULL AUTO_INCREMENT,
  `media_type` varchar(50) COLLATE utf8mb4_unicode_ci NOT NULL,
  `created_at` datetime DEFAULT current_timestamp(),
  `updated_at` datetime DEFAULT current_timestamp() ON UPDATE current_timestamp(),
  PRIMARY KEY (`id`),
  UNIQUE KEY `media_type` (`media_type`)
) ENGINE=InnoDB AUTO_INCREMENT=3 DEFAULT CHARSET=utf8mb4 COLLATE=utf8mb4_unicode_ci;
/*!40101 SET character_set_client = @saved_cs_client */;

--
-- Dumping data for table `media_types`
--

LOCK TABLES `media_types` WRITE;
/*!40000 ALTER TABLE `media_types` DISABLE KEYS */;
INSERT INTO `media_types` VALUES (1,'\'video\'','2016-08-29 05:22:01','2018-05-18 07:14:17'),(2,' \'photo\'','2013-05-24 13:20:31','2016-07-01 01:46:00');
/*!40000 ALTER TABLE `media_types` ENABLE KEYS */;
UNLOCK TABLES;

--
-- Table structure for table `message_status`
--

DROP TABLE IF EXISTS `message_status`;
/*!40101 SET @saved_cs_client     = @@character_set_client */;
/*!40101 SET character_set_client = utf8 */;
CREATE TABLE `message_status` (
  `id` int(10) unsigned NOT NULL AUTO_INCREMENT,
  `name` varchar(50) COLLATE utf8mb4_unicode_ci DEFAULT NULL,
  `created_at` datetime DEFAULT current_timestamp(),
  `updated_at` datetime DEFAULT current_timestamp() ON UPDATE current_timestamp(),
  PRIMARY KEY (`id`)
) ENGINE=InnoDB AUTO_INCREMENT=4 DEFAULT CHARSET=utf8mb4 COLLATE=utf8mb4_unicode_ci;
/*!40101 SET character_set_client = @saved_cs_client */;

--
-- Dumping data for table `message_status`
--

LOCK TABLES `message_status` WRITE;
/*!40000 ALTER TABLE `message_status` DISABLE KEYS */;
INSERT INTO `message_status` VALUES (1,'sent','2016-08-10 22:54:14','2021-08-23 18:58:24'),(2,'delivered','2016-05-07 00:07:48','2021-08-23 18:58:48'),(3,'read','2015-09-21 19:35:54','2021-08-23 18:59:04');
/*!40000 ALTER TABLE `message_status` ENABLE KEYS */;
UNLOCK TABLES;

--
-- Table structure for table `messages`
--

DROP TABLE IF EXISTS `messages`;
/*!40101 SET @saved_cs_client     = @@character_set_client */;
/*!40101 SET character_set_client = utf8 */;
CREATE TABLE `messages` (
  `id` int(10) unsigned NOT NULL AUTO_INCREMENT,
  `from_user_id` int(10) unsigned NOT NULL,
  `to_user_id` int(10) unsigned NOT NULL,
  `advertisement_id` int(10) unsigned NOT NULL,
  `message_body` text COLLATE utf8mb4_unicode_ci NOT NULL,
  `message_status_id` int(10) unsigned DEFAULT NULL,
  `created_at` datetime DEFAULT current_timestamp(),
  `updated_at` datetime DEFAULT current_timestamp() ON UPDATE current_timestamp(),
  PRIMARY KEY (`id`),
  KEY `messages_from_user_id_fk` (`from_user_id`),
  KEY `messages_to_user_id_fk` (`to_user_id`),
  KEY `messages_advertisement_id_fk` (`advertisement_id`),
  KEY `messages_message_status_id_fk` (`message_status_id`),
  CONSTRAINT `messages_advertisement_id_fk` FOREIGN KEY (`advertisement_id`) REFERENCES `advertisements` (`id`) ON DELETE CASCADE,
  CONSTRAINT `messages_from_user_id_fk` FOREIGN KEY (`from_user_id`) REFERENCES `users` (`id`) ON DELETE CASCADE,
  CONSTRAINT `messages_message_status_id_fk` FOREIGN KEY (`message_status_id`) REFERENCES `message_status` (`id`),
  CONSTRAINT `messages_to_user_id_fk` FOREIGN KEY (`to_user_id`) REFERENCES `users` (`id`) ON DELETE CASCADE
) ENGINE=InnoDB AUTO_INCREMENT=301 DEFAULT CHARSET=utf8mb4 COLLATE=utf8mb4_unicode_ci;
/*!40101 SET character_set_client = @saved_cs_client */;

--
-- Dumping data for table `messages`
--

LOCK TABLES `messages` WRITE;
/*!40000 ALTER TABLE `messages` DISABLE KEYS */;
INSERT INTO `messages` VALUES (1,11,53,220,'Cum rerum consequatur fugit est ut eaque. Quasi officia quia magnam sequi veritatis sit. Occaecati ea et labore soluta praesentium qui dignissimos. Occaecati modi aspernatur sint aut dignissimos eos iure.',1,'2015-11-19 11:21:15','2021-08-23 19:03:35'),(2,35,54,106,'Hic laudantium neque est quia enim amet quam. Ab quis dolores doloremque non occaecati. Debitis id officia sunt est impedit doloribus vitae dignissimos.',2,'2015-03-19 15:54:23','2020-10-10 13:35:37'),(3,33,37,154,'At esse libero omnis porro veniam maiores. Molestiae dolorum maxime non.',3,'2012-12-09 07:24:36','2017-11-16 00:55:51'),(4,76,44,294,'Nihil aut voluptates recusandae voluptas nam. Voluptas quam sed autem dolorem accusamus et magni.',1,'2017-03-27 18:47:54','2020-06-22 01:36:26'),(5,32,41,33,'Temporibus optio sapiente iusto asperiores numquam ea. Nam beatae autem aut ex perferendis. Quia sapiente sed nam et.',2,'2020-10-29 02:30:15','2021-08-23 19:03:35'),(6,53,84,98,'Alias quo ducimus ea autem quia. Deserunt aliquid iusto doloremque dolores cumque dolores omnis. Voluptatem repellendus eligendi voluptas voluptas quibusdam voluptatem aut. Iste sit inventore nostrum voluptates voluptatem.',3,'2015-04-27 23:53:34','2019-08-07 20:37:41'),(7,52,3,294,'Nihil sint omnis culpa quia ad corrupti vitae qui. Reiciendis enim ea officiis tempora. Sed eaque eos quia explicabo odit.',1,'2014-06-13 04:01:39','2016-06-20 11:10:56'),(8,35,3,18,'Aperiam nihil sapiente optio sit vel quam. Molestiae quos exercitationem ullam aut ut voluptatem corrupti.',2,'2017-06-27 22:25:31','2021-08-23 19:03:35'),(9,66,67,107,'Eum quia quis culpa sit eum voluptate repellendus. Deleniti quae quibusdam sequi nemo itaque iusto. Similique aut atque fuga ut.',3,'2018-07-06 19:31:20','2019-01-10 19:37:26'),(10,31,55,196,'Fuga voluptatem deserunt inventore sit repudiandae nemo laboriosam. Minus voluptatem doloremque eos. Placeat omnis consequatur unde vel. Velit consequuntur et consequatur ipsum. Laborum saepe nihil odio non nam ipsa voluptatem.',1,'2019-01-17 08:19:33','2021-08-23 19:03:35'),(11,70,81,83,'Quasi rerum in quia labore asperiores. Eius ad voluptatibus id perspiciatis consequatur. Voluptates aspernatur eos alias voluptate voluptas possimus vero.',2,'2017-01-18 13:34:32','2021-08-23 19:03:35'),(12,65,45,26,'Quam et exercitationem id veritatis aut quia commodi. Dolor qui occaecati nihil voluptatibus culpa. Sit id eligendi ipsam odit nemo et recusandae. Sed cumque a facilis quia cumque explicabo qui.',3,'2019-08-16 07:32:41','2021-08-23 19:03:35'),(13,57,68,95,'Earum eos sunt ipsam temporibus est aliquam veniam architecto. Atque et et earum sed occaecati odit. Aut dolorum esse laboriosam quo sed. Similique odio tempore aliquam atque.',1,'2016-05-18 20:48:06','2021-08-23 19:03:35'),(14,93,20,288,'Magni harum et delectus quibusdam praesentium. Incidunt omnis modi quas aspernatur quod et. Ut nesciunt facilis quia.',2,'2015-11-17 20:28:37','2021-08-23 19:03:35'),(15,27,23,112,'Totam rerum numquam nisi. Ratione ut impedit similique quo distinctio velit ipsa et. Eos culpa numquam omnis omnis qui ducimus cupiditate. Reiciendis praesentium autem magnam nemo ut eos harum.',3,'2016-10-11 04:45:44','2021-08-23 19:03:35'),(16,12,99,80,'Sit molestiae exercitationem optio tempore rerum. Delectus velit aut eos quia officiis ut. Vel assumenda reprehenderit voluptas nihil architecto. Harum quis magnam consectetur repellat perferendis occaecati.',1,'2018-12-16 16:39:33','2021-08-23 19:03:35'),(17,73,34,43,'Voluptatem nisi at veritatis earum quod et. Nisi aut rerum dignissimos.',2,'2021-03-21 20:18:37','2021-08-23 19:03:35'),(18,23,95,147,'Minus et tempore id quidem nobis. Aut reiciendis quia id enim repudiandae ullam eos. Sit praesentium natus sint est quae provident. Porro voluptas laborum vitae quia autem laudantium.',3,'2019-11-16 18:56:58','2021-08-23 19:03:35'),(19,12,28,227,'Et eos aut dolores similique aut id sit. Atque quod amet consequatur sequi sed aperiam distinctio. Quia neque magni omnis voluptas quidem repellendus deserunt. Totam natus inventore libero aut.',1,'2017-01-07 03:53:00','2021-08-23 19:03:35'),(20,47,47,289,'Molestiae quia ea excepturi quibusdam. Qui aut tempore quia rerum aut et pariatur. Nulla neque et ea commodi voluptatibus reiciendis. Quas quasi soluta deserunt.',2,'2020-12-28 08:05:16','2021-08-23 19:03:35'),(21,71,20,178,'Id numquam corrupti sint quidem nesciunt est. Suscipit omnis quis est doloribus laborum eveniet. Amet incidunt rerum eos qui doloribus blanditiis.',3,'2019-05-21 20:34:18','2021-08-23 19:03:35'),(22,98,37,179,'Aut et nihil voluptatum est doloremque. Est alias consequatur distinctio consequatur pariatur. Corrupti quae voluptas quos sit. Dolores inventore repudiandae mollitia. Rerum incidunt nam maiores neque error atque voluptates.',1,'2019-11-23 14:07:11','2021-08-23 19:03:35'),(23,60,52,150,'Ut ut saepe aliquam quas earum ea assumenda. Dignissimos illo et quo veniam dolorum incidunt incidunt. Molestias ea nesciunt necessitatibus quasi veritatis.',2,'2017-04-04 18:52:03','2020-01-26 08:45:04'),(24,1,96,6,'Veritatis earum consequuntur aliquam aut rem labore enim eligendi. Aut neque autem nam. Quia sed nulla enim et voluptatibus nihil adipisci. Quia ducimus nihil quae dolorum. Nemo quia aut ad aliquam totam porro.',3,'2015-11-29 14:37:07','2021-08-23 19:03:35'),(25,96,24,228,'Quaerat et rerum sequi nobis. Dicta nihil eligendi animi et ea. Neque dicta qui nulla ut debitis adipisci ratione.',1,'2018-11-04 11:15:57','2021-08-23 19:03:35'),(26,48,21,296,'Maxime dolor aspernatur consectetur atque velit voluptas in. Qui similique et ut ut perferendis voluptas nihil. Rem tenetur quo quis perspiciatis qui.',2,'2019-03-09 17:25:13','2021-08-23 19:03:35'),(27,32,100,52,'Aut minus quisquam aut consequatur. Accusamus qui qui rerum harum itaque et amet. Voluptatibus nam qui et illo itaque cum. Recusandae quo id dolorum aspernatur dolorem cumque.',3,'2016-09-13 01:01:01','2021-08-23 19:03:35'),(28,49,76,295,'Veniam voluptas delectus reprehenderit pariatur omnis nihil ad. Aut et ad ipsa rerum veniam sunt soluta expedita. Aliquid voluptatem rem ipsam odit enim accusamus quae. Quam eos dicta repudiandae fugiat dolor.',1,'2013-10-24 06:36:05','2021-08-23 19:03:35'),(29,20,100,118,'Quos minus fugit maiores at omnis. Deserunt ratione omnis iusto. Perferendis voluptas ipsa repellendus. Nemo natus doloribus quae optio itaque eum. Sed reiciendis debitis saepe et eius.',2,'2013-08-14 16:24:11','2021-08-23 19:03:35'),(30,93,90,65,'Dolores quas repudiandae reprehenderit consequatur dolore. Et qui maiores et eligendi deleniti. Laudantium consequatur dignissimos minima consequuntur corrupti ex iure.',3,'2012-04-19 02:57:45','2021-07-19 11:44:41'),(31,81,86,101,'Sint quisquam aliquid exercitationem sit. Est sint aut facere modi magnam debitis sapiente. Laboriosam qui sit voluptatibus tenetur rerum voluptas voluptatem. Fuga aliquam et atque ea at cum eveniet.',1,'2020-03-02 01:08:33','2021-08-23 19:03:35'),(32,97,81,187,'Odio nostrum odit ipsa illum vel veniam voluptatem. Aut molestiae voluptatum incidunt asperiores. Aut voluptatum et est sapiente. Et sed unde nemo assumenda rerum a.',2,'2013-07-29 17:09:08','2017-05-09 00:26:50'),(33,62,16,81,'Cum quaerat facilis et voluptates voluptatem reprehenderit non. Vero ullam blanditiis itaque labore. Sit aut voluptatem eos soluta nobis magni quos. Natus qui ratione aperiam blanditiis architecto cumque et.',3,'2014-11-17 06:30:43','2021-08-23 19:03:35'),(34,4,21,162,'Deserunt ut ipsa error temporibus consectetur. Blanditiis ut dignissimos vitae suscipit. Quia itaque aut consequatur et. Amet autem pariatur et modi ipsum.',1,'2016-12-29 05:50:26','2018-02-21 13:32:48'),(35,10,24,163,'Quo quia voluptas molestiae delectus aut quidem est. Blanditiis voluptatem optio tempora quam. Deleniti eum id quia autem nihil repudiandae et hic. Et velit laborum nulla illo natus sunt.',2,'2014-02-25 10:17:38','2020-11-20 03:57:39'),(36,54,100,237,'At dolorem qui omnis fugiat atque ut. Qui ea alias voluptatibus eaque modi voluptas et. Placeat iusto id quam omnis. Rerum error est ab sed quasi.',3,'2016-03-08 17:15:38','2021-08-23 19:03:35'),(37,64,5,47,'Ullam nisi qui ut eius unde doloribus culpa. Reiciendis blanditiis et nulla in est placeat. Nihil nulla sunt qui et. Molestiae magnam officiis nulla debitis a eligendi eligendi et.',1,'2021-01-13 07:20:19','2021-08-23 19:03:35'),(38,26,23,24,'Et omnis ipsam quam veniam consequatur. Hic modi natus eos consequatur adipisci recusandae eaque sit. Odit exercitationem dolores inventore eum excepturi maiores. Quidem est nihil aut dolor.',2,'2016-04-08 12:08:02','2021-08-23 19:03:35'),(39,16,85,187,'Ex nesciunt voluptatum ut optio et. Voluptatem voluptatem error rem exercitationem. Sunt voluptatum vel ut veritatis placeat. Ex natus omnis in quaerat sint.',3,'2019-03-19 06:05:16','2021-08-23 19:03:35'),(40,51,62,175,'Inventore qui soluta repudiandae. Ut iusto sunt iure hic. Ut et ducimus itaque doloribus odit. Eaque animi ut impedit voluptates. Rerum enim dolores in ipsum libero officiis sed.',1,'2015-03-14 07:32:22','2018-10-20 22:16:19'),(41,99,97,225,'Vel dolores tempore repudiandae ut eos ad libero. Repellat ut nobis assumenda vero. Quo harum cumque dicta dicta possimus ut quaerat.',2,'2018-11-16 21:15:42','2021-08-23 19:03:35'),(42,11,49,232,'Voluptas voluptatibus voluptas esse. Fugit sit expedita aperiam culpa. Libero provident non in sapiente dolore sint dolorem. Quis nihil a autem tenetur dignissimos voluptas quidem non.',3,'2021-06-06 21:39:20','2021-08-23 19:03:35'),(43,81,47,271,'Consequatur commodi rerum rerum vel qui mollitia. Omnis ut debitis eos autem ut. Qui esse ratione laudantium facilis aliquam eveniet.',1,'2020-12-24 22:45:00','2021-08-23 19:03:35'),(44,78,91,183,'Repudiandae repellendus qui et recusandae quasi repellendus. Culpa libero quia placeat autem doloribus. Aperiam minima recusandae architecto sit.',2,'2014-02-10 19:47:11','2015-10-31 21:15:45'),(45,46,83,93,'Officia et repellendus consequatur aut placeat facere laborum. Animi suscipit aut quia quis mollitia. Velit quasi sunt officia sit est. Fuga laboriosam ab est aperiam.',3,'2017-09-17 18:38:48','2021-08-23 19:03:35'),(46,77,16,207,'Recusandae illo qui non. Aliquam sunt veniam id nam error. Modi et totam itaque repudiandae. Magni est sunt animi sit voluptate.',1,'2021-04-16 00:23:16','2021-08-23 19:03:35'),(47,88,95,205,'Impedit ipsam possimus veritatis tempore. Rerum sapiente libero est ut nostrum. Distinctio omnis commodi consequatur voluptatem quia corrupti nisi.',2,'2011-10-12 22:40:24','2012-06-20 06:46:36'),(48,58,2,139,'Consequatur vel voluptatem quo vitae. Cum modi qui laboriosam non est maiores. Aut debitis consequatur a et occaecati optio eveniet. Voluptatem omnis ea dicta reprehenderit dolores.',3,'2016-04-05 11:50:01','2018-03-21 22:20:21'),(49,73,93,54,'Consequatur consequatur deserunt sed est est veniam suscipit. Nihil autem nam accusantium facilis est asperiores.',1,'2017-07-10 04:43:56','2021-08-23 19:03:35'),(50,14,62,7,'Et et necessitatibus molestiae consequuntur. Corporis repellendus placeat enim maiores illo aut. Eligendi voluptatem debitis quis sed odio vel aut earum. Beatae aperiam similique est repellat ipsum dolorem sed.',2,'2019-06-26 03:10:20','2021-08-23 19:03:35'),(51,81,78,72,'Cupiditate soluta et consequatur illum iste. Ut sit quia ab iure. Sunt excepturi vitae officiis necessitatibus quos. Ut et assumenda quo fugiat sed.',3,'2019-08-21 10:33:17','2021-08-23 19:03:35'),(52,39,83,263,'Voluptatibus sequi ratione ipsum quaerat. Fuga accusantium amet ut.',1,'2015-05-14 16:48:01','2021-08-23 19:03:35'),(53,70,21,75,'Eligendi dolores fuga pariatur odit nobis. A repellendus voluptatibus earum ullam doloribus reprehenderit quis odit. Porro molestiae qui aut consequatur reprehenderit. Voluptas voluptas eligendi expedita adipisci et qui.',2,'2015-04-20 12:44:02','2018-06-20 21:35:34'),(54,56,96,45,'Sapiente officiis facere quaerat aliquam. Sapiente magni a ut suscipit odio accusamus et. Eveniet ducimus eum qui nihil neque.',3,'2017-08-14 22:59:23','2018-11-12 15:35:12'),(55,97,76,147,'Omnis est ea maiores et aut sed. In neque ratione odit quidem. Optio quo eos consequatur nihil voluptatem sequi mollitia qui. Earum et officiis consequatur.',1,'2018-01-17 15:37:11','2018-10-30 12:29:07'),(56,81,64,276,'Aperiam voluptatem ab rerum unde. Eius placeat distinctio molestiae. Ex nulla dolorem voluptatum voluptatem fugit ea.',2,'2011-09-27 02:48:54','2020-04-21 03:37:30'),(57,56,60,18,'Dolores qui sit repellat ducimus. Voluptatem aliquam quia sapiente animi. Et qui at neque consequuntur iusto fugit id.',3,'2016-05-26 00:37:06','2019-12-18 11:44:50'),(58,29,42,96,'Quia aut sequi enim ea. Ut libero qui praesentium est. Earum minus omnis non recusandae dignissimos repudiandae et.',1,'2018-01-25 16:21:00','2021-08-23 19:03:35'),(59,85,66,27,'Mollitia esse et aut quia voluptate atque. Laboriosam delectus eos qui consequuntur omnis. Quis repellendus animi doloremque qui facilis ipsum et. Aut et et ut numquam.',2,'2015-02-07 16:21:50','2016-06-04 13:08:18'),(60,49,45,200,'Totam quaerat rem blanditiis sunt in et. Mollitia quo eum amet quidem minus. Vel quia dolorem qui dicta perferendis ipsa.',3,'2018-02-21 15:57:49','2021-08-23 19:03:35'),(61,30,57,226,'Laudantium harum vel illum dolorem beatae quis. Molestiae omnis deleniti minima maiores qui dolores animi. Reiciendis provident non dolorem dolorem iusto facere assumenda. Repellendus laudantium dolore asperiores consectetur.',1,'2019-12-19 16:27:23','2021-08-23 19:03:35'),(62,18,13,32,'Qui nam iure voluptatum ratione est delectus reprehenderit quia. Animi optio magni asperiores qui voluptas. Aut qui sed dolore in quas nemo enim. Sapiente distinctio reprehenderit et est animi. Esse commodi est omnis mollitia quis.',2,'2017-01-03 06:41:19','2021-08-23 19:03:35'),(63,95,50,105,'Corporis perferendis iusto dolore consequatur et ut. Itaque repellendus consequatur ut non consequuntur. Aut qui quas omnis libero aut. Dolorem a asperiores unde quidem ad.',3,'2012-10-07 21:03:03','2021-05-22 02:05:33'),(64,15,91,6,'Excepturi sit quasi occaecati ut sapiente qui. Laborum quos omnis quos saepe quis in voluptatum quia. Aut nihil et fugit et amet et ad. Sit aliquam et ducimus. Dolorum qui id voluptatem.',1,'2016-05-13 19:46:13','2021-08-23 19:03:35'),(65,15,15,278,'Est aliquam sunt neque earum hic voluptates optio. Accusantium aut sapiente quia mollitia. Illo non reprehenderit voluptatem cupiditate. Dolorum aut vel cum sit numquam neque aut debitis.',2,'2012-11-25 10:57:01','2013-04-01 05:12:01'),(66,33,35,189,'Commodi et beatae vel at. Laboriosam totam neque eligendi labore quis accusamus. Voluptatem aspernatur tenetur tempore et. Quis in at a officia commodi reiciendis expedita. Quia consectetur et id.',3,'2020-07-26 07:44:55','2021-08-23 19:03:35'),(67,57,100,226,'Omnis ratione et odio aut. Voluptatem provident magnam possimus corporis. Magni vel porro fugit et est maiores deserunt.',1,'2014-11-21 11:40:33','2021-08-23 19:03:35'),(68,60,80,104,'Dolores ea incidunt optio quaerat. Aut et nesciunt voluptas ipsam. Animi atque quos maxime ea cum. Qui aut voluptas culpa deserunt nam pariatur.',2,'2013-09-16 05:29:01','2021-08-23 19:03:35'),(69,41,31,296,'Excepturi quia eius et distinctio aliquam adipisci amet. Qui aut totam occaecati provident eligendi dolores. Optio quis quia accusamus sunt ipsam nam.',3,'2017-10-27 21:13:34','2019-05-15 02:14:57'),(70,71,17,134,'Tempore et totam sapiente. Magnam quasi corporis quae ullam magni tempora. Exercitationem veniam accusantium temporibus cupiditate nesciunt incidunt. Perferendis corporis inventore illo.',1,'2018-12-04 19:31:45','2021-08-23 19:03:35'),(71,87,34,45,'Illo ratione voluptatem molestiae id. Commodi dolor officia quis laborum qui ipsa. Perspiciatis quis recusandae necessitatibus eum labore. Quia provident veniam eum sint. Dolor vel dicta inventore esse.',2,'2021-08-19 02:48:56','2021-08-23 19:03:35'),(72,77,30,85,'Velit rerum aut quisquam illo consectetur et. Rerum sit repellat amet aut omnis. Molestias aliquam similique vel. Hic enim totam eos cupiditate repellendus sit cumque.',3,'2013-06-21 03:00:26','2019-07-23 22:56:49'),(73,26,92,160,'Voluptas quis similique provident quidem sit. Pariatur vitae impedit suscipit nihil et enim qui. Adipisci autem voluptas vel ipsa necessitatibus sequi laboriosam.',1,'2012-12-25 11:49:57','2018-11-24 13:31:25'),(74,2,98,61,'Expedita harum itaque eveniet velit dolor sunt. Atque dolore ut corporis officia quidem ut earum. Suscipit aut aut eos dicta perspiciatis hic.',2,'2017-05-27 13:25:19','2021-08-23 19:03:35'),(75,61,19,153,'Omnis minima quis sequi excepturi. Laboriosam eligendi voluptatibus sapiente ratione. Numquam est temporibus eum ut sit ut libero sunt. Sint voluptas inventore eaque et nam qui eum eligendi.',3,'2018-08-27 23:19:06','2021-06-09 03:08:52'),(76,92,6,79,'Veniam laudantium suscipit dolorum doloremque iure dolorem quis. Fugiat magnam sed impedit eum ducimus et commodi. Quasi enim adipisci voluptatem vel ipsum.',1,'2014-08-17 23:33:25','2021-02-14 10:31:35'),(77,40,84,102,'Vel asperiores dolorum et iure autem vel ipsa. Facilis labore sint ducimus. A aliquam doloribus tempore enim dolore quibusdam aliquam.',2,'2015-07-18 19:08:00','2018-09-03 17:05:56'),(78,83,88,1,'Nesciunt aspernatur nostrum inventore consectetur. Ipsam qui fuga repellat laborum fugit dolore quam. Et fuga quia dolores enim corrupti pariatur corporis aperiam. Quod sit voluptas alias explicabo id veritatis eius enim.',3,'2016-11-28 01:15:22','2021-07-22 06:12:47'),(79,5,13,62,'Sint a esse ipsum quis. Consequuntur voluptatem dolor eos voluptas aut quo. Est sed iste nihil sit. Magni tenetur praesentium voluptas nihil qui non.',1,'2021-02-01 15:09:50','2021-08-23 19:03:35'),(80,76,66,183,'Distinctio voluptatem facilis ea odit. Rerum quam natus debitis ipsum. Quia cumque voluptatum ducimus voluptatum. Expedita qui nihil ipsum maxime.',2,'2016-09-30 05:10:43','2021-08-23 19:03:35'),(81,49,51,173,'Dolore aut aut distinctio et voluptatem. Quis ut recusandae temporibus magni delectus qui laborum.',3,'2013-04-02 19:12:31','2014-09-13 16:04:48'),(82,41,71,143,'Assumenda quo sequi possimus enim voluptatem. Beatae iusto rerum ex. Rerum eveniet eos qui eligendi qui maxime nobis accusantium. Similique odio dolor quia quis.',1,'2019-08-09 15:20:51','2021-08-23 19:03:35'),(83,18,50,57,'Rem delectus voluptatem voluptatem earum quisquam blanditiis. Voluptas ipsa minus necessitatibus. Doloribus numquam eum ipsa modi est. Aperiam ullam omnis illum saepe mollitia voluptates. Voluptatum rerum quo eligendi itaque voluptates eligendi vel.',2,'2016-07-18 09:02:49','2017-01-31 04:37:59'),(84,82,46,51,'Rerum facilis accusamus facere molestiae. Doloremque qui quia ut omnis magnam autem culpa. Dolores consequuntur aut provident ex dolorem.',3,'2017-09-19 19:24:49','2020-11-13 14:20:24'),(85,51,22,290,'Deserunt dignissimos dolores aut qui aliquid eum dolor accusamus. Impedit laboriosam culpa nesciunt ab eos. Dignissimos nam adipisci sint molestiae dolore explicabo.',1,'2020-08-17 16:51:28','2021-08-23 19:03:35'),(86,67,82,180,'Nemo est qui velit accusamus modi ut neque. Ipsam quasi expedita quas repellendus et facere voluptas earum. Perspiciatis qui ipsa et quo ea. Est voluptatem eum possimus voluptates eveniet doloremque optio ut. Explicabo consequatur dicta veritatis blanditiis vel et.',2,'2012-01-11 21:33:48','2017-01-18 18:07:25'),(87,14,63,275,'Excepturi optio expedita aut. Ad natus fugiat magnam omnis accusantium voluptas. Rerum tenetur tenetur aliquid molestiae.',3,'2012-12-19 13:31:03','2019-08-30 06:43:20'),(88,54,74,94,'Ut adipisci sunt ipsa quidem nemo similique non. Iusto magnam molestiae qui tempore. Ut facere est nam aliquam maxime dolores.',1,'2014-05-25 12:06:58','2021-08-23 19:03:35'),(89,62,3,144,'Animi ducimus vel aut quia. Eum qui officia ipsum quas. Commodi aliquid recusandae earum ratione. Et itaque ducimus enim quisquam.',2,'2012-01-27 15:13:04','2021-03-31 02:43:57'),(90,94,83,225,'Expedita dolorum et sint ut. Ad quis placeat iste est sit. Facilis consequatur expedita sint vitae molestias qui. Reiciendis ab eos ipsum qui culpa.',3,'2018-07-20 03:17:02','2021-08-23 19:03:35'),(91,64,25,162,'Corrupti ut eum accusamus in omnis. Praesentium et sit iure eius deserunt ipsa doloribus. Omnis saepe numquam nulla minima et officia minus. Consequatur molestias dolores error et.',1,'2016-12-04 05:20:15','2021-08-23 19:03:35'),(92,78,2,257,'Nihil ipsam dignissimos aspernatur quasi porro nesciunt quas. Voluptatem quia sint et vitae consequatur voluptatem. Fuga temporibus voluptas in quas hic aut quia. Omnis libero nihil cum.',2,'2014-01-17 11:10:40','2021-05-31 10:54:16'),(93,86,60,90,'Dolorem facere quod maiores harum similique et totam. Veritatis cumque in sed a quia iusto quam provident. Dignissimos aut rem sint.',3,'2015-07-04 14:18:16','2021-08-23 19:03:35'),(94,21,14,158,'Voluptatem nostrum cumque sunt quos. Nulla aspernatur beatae harum excepturi perspiciatis.',1,'2019-10-01 10:02:17','2019-10-21 16:29:47'),(95,5,10,127,'Delectus inventore sunt ut harum rerum similique inventore. Expedita pariatur id nam ut. Facilis id assumenda laboriosam adipisci. Cumque tempora reiciendis et quo excepturi velit dolor.',2,'2017-05-13 21:15:03','2017-09-12 23:21:17'),(96,54,29,293,'Vel dolore quia est quae velit voluptatibus. Omnis debitis corrupti dolore quisquam maxime. Commodi expedita iure cupiditate doloremque.',3,'2011-12-15 23:54:06','2019-02-13 23:36:04'),(97,42,6,224,'Illum vero nam molestias ullam veritatis temporibus voluptatibus. Laboriosam reiciendis et blanditiis sit quo molestias. Impedit totam et quasi aut vitae sint aspernatur corporis.',1,'2021-03-04 18:11:10','2021-08-23 19:03:35'),(98,71,80,20,'Provident maiores provident aut quam. Officiis consequatur illum qui numquam consectetur. Atque voluptas aut at quaerat in.',2,'2018-01-18 16:48:17','2021-08-23 19:03:35'),(99,27,30,108,'Nam quas veritatis distinctio sit. Labore maiores natus magnam illo labore necessitatibus omnis. Hic quisquam incidunt et minus excepturi quasi ratione qui. Molestiae quod sed dolor molestias qui.',3,'2017-10-14 13:00:58','2021-08-23 19:03:35'),(100,94,25,229,'Nulla cupiditate facere qui voluptas odio enim. Sit sunt voluptas omnis sequi nihil occaecati. Labore dolorum neque et sunt quod.',1,'2014-03-01 03:43:17','2014-07-05 06:52:15'),(101,57,50,180,'Non itaque est dolorem. Et dolores voluptatibus assumenda beatae quia itaque. Aspernatur quidem et ea possimus.',2,'2011-12-02 04:37:10','2018-01-30 10:34:28'),(102,36,96,185,'Sed qui quas tempore et non et labore. Voluptatem nihil autem sint optio sunt. Enim quidem dolorum ratione iste. Ullam iusto animi eos libero sed ducimus. Illum reiciendis dolorem consequatur a.',3,'2021-02-13 04:38:11','2021-08-23 19:03:35'),(103,73,49,153,'Qui beatae ea cum est accusantium. Dolor maiores nulla iusto architecto et sit ullam. Voluptatem est dolor id maiores tenetur rerum. Molestiae reprehenderit molestiae in sapiente dignissimos.',1,'2019-11-10 13:32:10','2021-01-31 09:54:37'),(104,77,16,120,'Est quo aut modi voluptatem quam. Inventore numquam quis facere eos aut. Impedit quae unde odio. Amet illum aut porro quas quas voluptatibus. Ipsam voluptas quo laudantium velit iusto.',2,'2015-05-26 01:50:24','2021-08-23 19:03:35'),(105,63,30,96,'Sit accusamus id iste molestiae. Eaque quia enim quos nemo assumenda praesentium. Suscipit ratione architecto quis quo inventore. Perspiciatis esse corporis eos. Est officia culpa possimus vero voluptatibus porro.',3,'2020-09-10 11:37:42','2021-08-23 19:03:35'),(106,58,37,150,'Aut accusamus voluptatum rerum repellendus cum officia. Voluptate et voluptates et doloremque. Recusandae asperiores aut et.',1,'2021-04-17 18:06:11','2021-08-23 19:03:35'),(107,27,85,84,'Ea commodi maxime voluptatem iste facere quia similique. Iusto officia recusandae reprehenderit non quas. Possimus et aut odit libero qui consequuntur dolores. Omnis sint autem dolore velit repellat.',2,'2016-12-07 10:22:38','2021-08-23 19:03:35'),(108,34,76,250,'Quod sed quos atque non voluptatibus delectus. Quos aut vero iure sapiente fugiat dignissimos ullam. Doloremque libero voluptatem sit consequatur ea. Provident vero enim corporis ut consectetur.',3,'2012-06-10 08:53:48','2013-03-27 20:55:42'),(109,43,21,54,'Tempore et ut quisquam sapiente. Dolore quis hic officia temporibus ut. Eos ullam ut nihil tempore. Mollitia debitis quaerat earum temporibus repellendus dolore necessitatibus.',1,'2018-10-15 05:45:48','2021-08-23 19:03:35'),(110,91,25,254,'Facilis odio quisquam totam sunt. Voluptatem officiis omnis fugit cumque iste. Rem occaecati et explicabo error nostrum.',2,'2020-08-15 06:55:10','2021-08-23 19:03:35'),(111,77,89,298,'Voluptatibus dolor excepturi veniam omnis qui saepe dolore. Explicabo alias harum et iusto quia. Natus aut est et quidem.',3,'2019-07-15 15:46:30','2021-08-23 19:03:35'),(112,6,22,256,'Est error eius qui aperiam. Similique tempora delectus dolor aspernatur fugiat nobis quia. Qui eaque sunt doloremque autem sint. Quia occaecati sint provident dignissimos qui labore quod.',1,'2014-08-30 06:13:01','2021-08-23 19:03:35'),(113,49,21,246,'Accusantium sit neque et error. Aut aut sit sapiente accusamus dolores aliquid debitis. Quo est saepe id dignissimos ea ipsum.',2,'2012-05-29 01:07:42','2016-12-07 05:57:40'),(114,19,23,79,'Hic omnis et dolor ducimus incidunt officia. Reiciendis excepturi itaque facere ut rerum voluptas nihil. Optio nobis quos impedit. Ipsum iure harum architecto consequatur.',3,'2017-06-21 12:47:21','2018-02-25 23:20:57'),(115,51,32,96,'Pariatur est repellendus quia officiis. Reprehenderit ut et eum provident praesentium ullam repellat. Provident molestiae ducimus animi nihil cupiditate minus eos. Ut qui adipisci rerum quia quia.',1,'2019-11-01 07:41:38','2021-08-23 19:03:35'),(116,18,6,148,'Ullam dolor eos cumque laboriosam qui. Eius perspiciatis at possimus rerum earum iste id. Dolor autem autem nesciunt eum quia nisi.',2,'2018-02-20 07:34:42','2021-08-23 19:03:35'),(117,96,53,97,'Quas laboriosam ratione repellat vel dolores. Veritatis voluptates eum totam voluptatem aut ut. Esse optio laboriosam at facere at.',3,'2016-05-17 22:03:28','2020-03-09 11:12:18'),(118,46,22,180,'Sunt animi reiciendis et est eligendi quia. Quo reiciendis qui officiis est. Et voluptas dolor vel molestiae est.',1,'2016-01-05 19:09:26','2019-09-15 02:12:14'),(119,4,44,65,'Et et quos voluptas dolores. Nobis quo vero quis voluptatem dolores. Repellendus blanditiis velit beatae maiores asperiores ut. Eveniet voluptatibus eum ullam modi.',2,'2018-03-02 22:51:42','2021-08-23 19:03:35'),(120,32,89,39,'Eum possimus et et dolor est. Non distinctio magni illo earum ut modi nemo dolore.',3,'2015-10-15 15:15:17','2021-08-23 19:03:35'),(121,25,62,8,'Ipsum ut cumque consequatur debitis. Quasi ipsam veniam ipsam aspernatur. Blanditiis voluptas officiis iusto quibusdam eum quam. Ab corrupti at dignissimos sequi delectus sit. Rem mollitia distinctio sit sit consequatur qui ipsam.',1,'2019-10-26 16:32:15','2021-08-23 19:03:35'),(122,12,36,210,'Aut autem ut vero. Quis ipsa voluptates dolore aut perferendis sit. Explicabo id dolorem facilis repellendus consectetur repudiandae.',2,'2021-04-10 01:07:38','2021-08-23 19:03:35'),(123,21,10,97,'Id eos unde veritatis quam a autem. Asperiores aspernatur unde ipsam adipisci quidem. Beatae dolore odit expedita dolores repellat harum recusandae ea. Neque vero laboriosam quia veniam et.',3,'2019-03-03 14:45:33','2021-08-23 19:03:35'),(124,27,29,9,'Et error alias corporis sit non saepe repellat. Adipisci consectetur et vitae minus pariatur eaque. Accusantium rem qui ut quia animi distinctio fugit enim.',1,'2014-08-26 02:43:24','2021-08-23 19:03:35'),(125,1,100,140,'Est dolor ratione in veritatis dolores perspiciatis quia. Aliquam et sequi temporibus harum repellat. Id officia praesentium voluptatem illum aut laborum. Laboriosam mollitia perferendis iste in nihil explicabo quam.',2,'2018-08-22 00:58:55','2021-08-23 19:03:35'),(126,63,43,279,'Adipisci magnam assumenda voluptatem adipisci rem odit consectetur. Eos esse sunt dolorum ullam numquam enim. Aut asperiores illo dolor quia qui voluptas enim nostrum. Repellat minus dolorum perferendis voluptatum est explicabo sunt.',3,'2016-09-18 10:22:43','2017-10-28 03:45:00'),(127,91,5,192,'Cumque tenetur qui aut molestiae perferendis quidem consequatur. Error eaque aut repellat rerum repellat qui. Id laborum aspernatur fuga est ea dolorem.',1,'2020-10-06 10:24:59','2021-08-23 19:03:35'),(128,37,25,22,'Vitae est nobis eos eligendi rerum. Est unde libero et enim nulla fugit et. Dolor rem et quis veritatis consequuntur. Sunt labore neque tenetur magnam veritatis.',2,'2018-06-17 22:03:10','2021-08-23 19:03:35'),(129,34,65,278,'Illo molestiae ut adipisci. In dolor ex deleniti.',3,'2015-05-24 07:58:51','2019-01-28 13:39:03'),(130,98,34,196,'Quas libero ipsa qui quidem. Qui voluptatem et et quidem dolorem. Placeat ea et vero voluptas. Fugiat voluptate et sit esse neque sed in. Corporis fugiat adipisci sed et error libero dolorum.',1,'2021-06-02 19:10:17','2021-08-23 19:03:35'),(131,32,76,282,'Dolor quidem magnam et in. Sint aut repudiandae animi necessitatibus. Et accusantium voluptatem occaecati adipisci. Modi reprehenderit dolor doloremque.',2,'2014-03-20 21:59:29','2021-08-23 19:03:35'),(132,40,47,26,'Pariatur sunt illo voluptatum sunt nobis minima. Mollitia eveniet quasi debitis occaecati qui. Quibusdam asperiores deserunt quas ex consequuntur. Commodi autem ipsam delectus et ipsum.',3,'2013-04-04 02:53:52','2020-05-24 00:51:00'),(133,59,65,211,'Dolore nostrum atque ex sapiente ut est ut. Qui voluptatibus in et nemo pariatur. Omnis consectetur nemo repellat iste sunt soluta. Minima deserunt beatae ex dignissimos enim a.',1,'2019-06-24 10:46:23','2021-08-23 19:03:35'),(134,69,54,282,'Consequatur voluptas omnis dolores aut cupiditate praesentium porro. Ipsa facere id temporibus ducimus temporibus architecto reprehenderit. Modi tempora ut sapiente molestias qui tenetur. Aut voluptatem ut at enim vel quod iusto. Dolor commodi qui aliquam.',2,'2020-03-25 13:37:04','2021-08-23 19:03:35'),(135,22,71,11,'Sunt non et et consequatur incidunt et. Eveniet officia alias id sint quia nisi temporibus. Quos inventore quisquam suscipit hic. Odit iste similique eius qui officia.',3,'2013-11-24 22:53:32','2016-04-16 12:41:00'),(136,74,72,243,'Unde enim mollitia dolor qui aut asperiores exercitationem ad. Cum totam ducimus vitae. Eos vel molestias illum. Eos et magni magnam velit mollitia.',1,'2018-02-01 04:12:35','2019-05-13 23:21:03'),(137,13,58,16,'Excepturi ipsum debitis deleniti aspernatur. Ut et eius fugiat adipisci quibusdam aut ratione. Nostrum aliquam ratione optio et.',2,'2011-10-17 05:14:11','2019-08-21 16:46:56'),(138,8,11,5,'Doloremque adipisci optio suscipit voluptas cupiditate maiores ullam repudiandae. Hic voluptate voluptatem consequatur omnis aut quisquam.',3,'2012-05-18 15:35:38','2020-09-18 10:39:26'),(139,49,6,81,'Esse et quia dicta officia quos. Sit mollitia laudantium quia cum qui illo et consequatur. Eius praesentium debitis eos enim quaerat quibusdam distinctio explicabo.',1,'2019-02-03 19:31:46','2020-11-12 00:35:45'),(140,74,20,131,'Eaque occaecati exercitationem facere. Similique tenetur iure dolore libero dignissimos minus culpa. Incidunt minima possimus exercitationem explicabo consectetur unde. Laborum quis adipisci quia in.',2,'2019-10-23 06:40:54','2021-06-01 21:09:39'),(141,82,17,27,'Libero quaerat perspiciatis doloremque ut et qui. Tenetur at inventore molestiae recusandae et nobis qui. Exercitationem recusandae ex vitae ullam dignissimos.',3,'2020-10-25 03:37:07','2021-08-23 19:03:35'),(142,20,57,247,'Dolores ut tempora est pariatur occaecati libero. Corrupti alias voluptatum ut rerum et minima. Mollitia quia nihil ex similique adipisci.',1,'2017-07-11 12:17:03','2021-08-23 19:03:35'),(143,80,22,274,'Ut eveniet vero quas velit reiciendis eius aperiam. Alias perferendis quibusdam aliquam non provident laudantium doloremque. Vero facere sed quis dolore corrupti.',2,'2019-08-05 04:33:31','2021-08-23 19:03:35'),(144,64,14,259,'Fugit aut minima eveniet iste facilis ipsam. Laborum qui rerum nisi cumque quia aut maiores. Corrupti ut voluptatem molestiae repudiandae omnis. Quam est ab voluptate deserunt.',3,'2012-08-20 05:58:04','2014-04-01 09:34:32'),(145,16,15,167,'Dolorem suscipit porro nisi earum cumque. Veniam eaque sint sint ratione. Non omnis doloribus ipsum nihil.',1,'2016-02-28 01:33:31','2021-05-12 02:54:12'),(146,52,38,162,'Eligendi iusto veritatis enim nam culpa. Eveniet iure praesentium rem distinctio id qui. Ut qui corporis commodi sed. Quibusdam neque incidunt fuga cum ullam ut qui.',2,'2014-07-28 21:02:47','2018-11-02 18:46:09'),(147,26,27,247,'Ut accusantium sequi magni dolores qui voluptas voluptas. Qui aut quam alias nisi. Animi beatae mollitia adipisci id tempora.',3,'2020-08-29 03:00:59','2021-08-23 19:03:35'),(148,74,55,138,'Perferendis vero consequatur voluptatum iste accusamus. Magni impedit suscipit exercitationem illum aut. Officia deserunt modi quia aut nisi saepe tenetur. Rerum voluptatem quidem in ab suscipit aspernatur.',1,'2016-06-28 12:48:25','2016-08-03 09:57:19'),(149,44,43,80,'Blanditiis atque illum magni temporibus facere veniam. Ducimus est accusamus consequatur aut perferendis impedit ut ducimus. Pariatur natus ipsum rerum tempore sed alias delectus ipsam. Et labore corporis qui eveniet.',2,'2017-12-18 13:35:41','2019-09-14 11:22:07'),(150,49,36,26,'Aut dolorum voluptatibus animi numquam qui molestias iusto. Repellat modi sed tenetur minus temporibus saepe cupiditate. Ducimus illum maxime officiis provident et.',3,'2016-09-07 13:10:35','2021-08-23 19:03:35'),(151,34,32,200,'Et et consequatur et facilis temporibus aut. Veniam temporibus ut qui nisi perspiciatis beatae. Sint laborum eaque aut distinctio eos. Velit asperiores beatae quibusdam omnis maxime et dolor.',1,'2018-12-05 19:32:27','2020-09-28 00:44:58'),(152,70,48,17,'Aut animi ullam amet adipisci laudantium. Perferendis quo aut quisquam temporibus consequuntur sunt beatae. Velit sit voluptatem voluptas alias.',2,'2020-07-05 05:05:19','2021-08-23 19:03:35'),(153,100,25,248,'Cupiditate voluptatibus tempora consectetur qui voluptatibus numquam dolores. In nesciunt molestiae dolorum exercitationem eos consequuntur. Facere odit incidunt esse nobis occaecati perferendis earum.',3,'2019-11-25 10:32:51','2021-03-17 11:23:42'),(154,53,45,276,'Sapiente quasi rem optio vero deserunt autem et. Voluptatem aut dolores eos nobis qui rem. Et omnis sunt saepe.',1,'2018-09-22 14:29:21','2020-03-21 23:49:14'),(155,46,38,115,'Velit omnis et nobis nulla eum. Non praesentium velit sapiente fugit sunt. Provident suscipit beatae ipsum ea voluptates ipsum. Consequuntur voluptate voluptatem placeat aperiam aut. Illo iure voluptate qui officia perspiciatis dolores.',2,'2017-06-25 19:19:31','2021-08-23 19:03:35'),(156,88,81,248,'Voluptatem illum vero eius quaerat occaecati velit sit. Aut eos aliquam laudantium consequatur et id rerum. Vitae nobis enim ducimus vero nihil. Aperiam ut blanditiis explicabo impedit eum suscipit.',3,'2012-06-07 04:51:38','2018-06-10 13:49:10'),(157,44,42,25,'Nemo voluptatem commodi quasi molestiae aliquam eveniet. Quis facere nam ullam sequi itaque. Quia odit praesentium similique modi.',1,'2016-01-22 22:10:17','2017-04-15 20:31:40'),(158,13,93,72,'Omnis dolorem illum accusamus sunt consectetur est nostrum. Illo sit est nihil magnam nobis et. Ut aperiam voluptas repellat sed laboriosam aperiam. Molestias occaecati id vel. Rem aut vel illo cum.',2,'2014-03-23 22:35:38','2016-02-25 07:45:36'),(159,10,33,247,'Consectetur temporibus aut dicta velit eveniet earum. Non ea officiis repellat sapiente earum fuga. Pariatur necessitatibus quasi ut at rem amet.',3,'2020-04-25 04:13:28','2021-08-23 19:03:35'),(160,34,67,136,'Vel maiores itaque id. Sed dicta eos commodi qui eaque nesciunt dicta animi. Iusto repellat et modi consequatur et autem quod. Ea odio accusamus nostrum velit atque.',1,'2018-05-19 04:24:05','2021-08-23 19:03:35'),(161,59,12,255,'Fuga molestias alias ea nostrum. Iste nihil culpa et repudiandae alias facere. Et neque voluptas a possimus corporis aliquid aut.',2,'2017-07-14 18:40:16','2021-08-23 19:03:35'),(162,71,92,26,'Ex saepe est quis hic voluptatum error. Eos dolorem reiciendis ab suscipit.',3,'2013-06-21 01:39:52','2013-11-22 19:47:26'),(163,71,59,98,'Modi debitis sequi mollitia cupiditate. Facere ut porro possimus qui. Vitae quas nisi ut consectetur veritatis. Deleniti facere dignissimos sed dicta.',1,'2020-09-22 18:45:08','2021-08-23 19:03:35'),(164,39,39,14,'Officiis deleniti alias omnis repellendus soluta. Sunt cupiditate amet ut qui. Voluptatem voluptatem omnis nostrum aut veritatis. Consequuntur mollitia culpa odit voluptatibus. Optio doloremque animi tempore natus provident et similique non.',2,'2018-03-02 13:35:35','2021-06-07 10:03:47'),(165,17,72,100,'Aut qui in delectus porro excepturi iusto et repudiandae. Deserunt consequatur quisquam quisquam sed. Fugiat quam provident corrupti non consequuntur.',3,'2014-01-16 01:06:49','2015-04-19 18:20:40'),(166,98,20,33,'Ut animi assumenda aliquid ipsum sint. Quis quo est voluptas molestiae odio et. Dicta id exercitationem fuga non voluptatibus animi sunt.',1,'2020-11-20 22:46:48','2021-08-23 19:03:35'),(167,50,83,26,'Aspernatur aut et deserunt dolores. Molestiae nobis facilis necessitatibus voluptates distinctio doloribus. Magnam facilis consequatur in iusto culpa. Ex laborum occaecati adipisci nulla necessitatibus sed ab.',2,'2020-04-11 21:13:18','2021-06-17 23:58:41'),(168,37,39,83,'Dolore laborum rerum porro repellendus rerum repellat. Nam dolore autem enim sint aut incidunt quia. Quia voluptas quia nesciunt blanditiis rem facilis.',3,'2020-06-01 11:59:00','2021-08-23 19:03:35'),(169,82,18,147,'Itaque quia dolorem placeat excepturi. Occaecati temporibus facere hic vitae. Voluptas illum soluta ut dolorem est voluptates est.',1,'2020-03-11 06:39:16','2021-08-23 19:03:35'),(170,22,78,78,'Error maxime dolore animi illo quaerat ut modi laudantium. Dolorum doloremque fuga dolores magnam nostrum ratione. Amet facere mollitia qui.',2,'2019-09-10 07:25:37','2021-08-23 19:03:35'),(171,85,79,74,'Error facilis suscipit doloribus doloribus minus. Asperiores ut ratione quis est itaque. Porro sit reprehenderit voluptatem sit. Vel cum consequatur minus vero illo fugiat incidunt.',3,'2018-05-25 22:22:38','2021-08-23 19:03:35'),(172,24,31,251,'Quia enim dolore doloremque tempora fugit vel. Incidunt iste doloribus eum magni itaque. Suscipit eveniet quos enim quia.',1,'2013-05-01 02:46:45','2015-07-03 21:17:52'),(173,56,2,299,'Consectetur quaerat fugit eligendi et odio. Voluptatem soluta consequatur quasi eos. Occaecati provident voluptatem corrupti nobis. Ipsam sequi dolores impedit porro repellendus.',2,'2016-05-25 08:00:01','2021-08-23 19:03:35'),(174,18,25,131,'Consequatur repellat enim ad similique optio dolorem aspernatur id. Tempora ut non exercitationem voluptatem ducimus dolorem est atque.',3,'2019-07-30 23:41:42','2021-08-23 19:03:35'),(175,18,73,167,'Qui voluptatem cum accusantium debitis. Minus iste vitae nihil explicabo quaerat vel modi.',1,'2016-10-19 01:16:07','2021-08-23 19:03:35'),(176,74,24,3,'Quasi omnis dolor voluptatem et suscipit possimus. Sit assumenda dolores fugiat cupiditate architecto. Nobis sapiente facere rerum sint.',2,'2013-08-28 18:50:12','2020-11-30 19:40:56'),(177,5,4,252,'Aliquam laboriosam id voluptate consequatur voluptatem. Eum provident voluptates iure illo est laudantium nulla. Assumenda minus voluptas tempore et odit ut est.',3,'2019-01-18 14:42:08','2021-08-23 19:03:35'),(178,32,27,85,'Ipsam adipisci eaque sed in at voluptate. Qui iusto quos magnam nisi enim sit. Eos voluptatem rerum soluta nihil rerum. Earum expedita accusamus rem ut dolores quasi sed distinctio.',1,'2020-11-21 23:03:37','2021-08-23 19:03:35'),(179,77,57,140,'Et eum est aut ullam modi ipsum. Nam quas architecto et perspiciatis dolore numquam.',2,'2016-05-28 23:15:52','2017-04-13 17:49:34'),(180,34,14,281,'Soluta earum sit deleniti. Tempora veniam quisquam repudiandae alias delectus omnis. Quis omnis sunt tempora id assumenda et. In dolores quae rerum quis.',3,'2016-01-03 17:48:40','2016-06-11 02:16:20'),(181,15,69,72,'Repudiandae mollitia omnis labore optio est. Atque unde sed totam pariatur.',1,'2018-11-26 16:36:06','2021-08-23 19:03:35'),(182,81,45,218,'Voluptatem dolorum praesentium et voluptatem sint suscipit id. Ut non quaerat error excepturi ut sit reiciendis. Est pariatur omnis qui cupiditate. Ratione est sunt saepe sint ex voluptate cumque qui.',2,'2014-05-05 12:45:27','2016-08-12 11:17:34'),(183,36,41,97,'Optio quia fugit aut itaque. Est minima dolore cum ratione eius iste hic. Blanditiis velit animi explicabo porro dolore.',3,'2018-02-12 18:05:50','2021-08-23 19:03:35'),(184,94,62,168,'Beatae consequatur distinctio itaque aut. Aliquam consequuntur rem excepturi veritatis consequatur pariatur et. Omnis aut nisi sequi. Odio in quis aliquid distinctio a velit.',1,'2012-12-23 14:41:05','2015-02-16 12:54:34'),(185,98,87,24,'Vel molestias minima laboriosam ut magni et. Nisi ducimus vitae aut necessitatibus explicabo mollitia ut. Beatae aut labore fugiat dolorem suscipit quasi quaerat.',2,'2014-12-20 02:49:51','2021-08-23 19:03:35'),(186,54,81,168,'Repellat voluptatem qui ut. Qui modi dolorem cum ut beatae sed facere autem. Quidem odit voluptatem non dolores quae necessitatibus ratione. Repudiandae quia esse qui accusamus ut laudantium.',3,'2011-12-07 06:47:17','2021-05-15 09:24:02'),(187,73,32,113,'Explicabo voluptatem fuga culpa. Occaecati doloribus sequi non nesciunt voluptatibus sit. Est est ipsam tempore ea occaecati iure. Dignissimos ut enim repudiandae consequatur ipsum sunt dolorem.',1,'2018-03-20 21:04:46','2021-08-23 19:03:35'),(188,93,78,253,'Consequatur mollitia recusandae assumenda in perspiciatis et dicta. Voluptatem veniam ut totam vel nostrum tempora.',2,'2015-03-29 02:25:34','2021-08-23 19:03:35'),(189,29,26,199,'Tempore explicabo fugiat totam quae. Ipsum qui saepe qui ad. Voluptatum recusandae accusantium eos iste harum ullam aut. Debitis corporis vel iure inventore est. In similique voluptas laudantium minima est.',3,'2016-09-27 20:34:30','2021-08-23 19:03:35'),(190,8,31,55,'A amet nobis tenetur quam nostrum necessitatibus. Dolor assumenda aliquid quidem mollitia quod qui et non. Modi qui explicabo sint quis.',1,'2018-07-15 13:53:26','2021-08-23 19:03:35'),(191,67,39,249,'Aliquid sunt minima accusamus culpa. Aspernatur dolore vel enim velit enim. Aut animi fugit molestiae minima. Labore magnam sed qui beatae.',2,'2018-11-01 20:01:13','2019-10-25 03:07:31'),(192,66,68,32,'Nam odit cupiditate id qui voluptatem id et. Velit quae ut quia accusamus rerum veritatis repellat nulla. Nihil dolores et blanditiis hic. Sapiente veritatis est facilis voluptatem sit quas asperiores.',3,'2012-04-21 17:44:50','2021-08-23 19:03:35'),(193,42,81,293,'Minus non reiciendis nemo. Et tempora assumenda et porro id officia. Vel et quisquam consequuntur sed vel cumque occaecati.',1,'2015-05-20 23:27:14','2018-10-11 03:39:15'),(194,87,46,265,'Dolorem dolorem iste similique praesentium aperiam itaque. Quos aspernatur repellat tempore explicabo ipsam sequi id. Dicta qui temporibus non accusantium.',2,'2013-12-19 12:48:01','2015-06-25 16:14:32'),(195,86,4,10,'Et sit quos et cumque est itaque enim. Aut magnam praesentium tempore nulla incidunt nesciunt ut et. Maiores ut eaque excepturi est beatae recusandae veritatis.',3,'2016-07-02 10:32:52','2021-08-23 19:03:35'),(196,77,46,7,'Non voluptatem dignissimos voluptas rem perferendis et. Dolor ab quaerat aspernatur quibusdam sit impedit ipsa. Eos velit molestiae in voluptas voluptas eum voluptatem. Pariatur qui enim quod.',1,'2019-03-24 23:42:17','2020-11-20 20:07:46'),(197,82,8,91,'Molestiae aut aut illo perspiciatis veniam commodi omnis qui. Dolorum quam voluptas dolor omnis exercitationem quis. Veniam nulla sint tenetur iste sed ducimus. Laborum tenetur voluptates ad. Necessitatibus rerum voluptatem ipsum qui magni dolorem.',2,'2016-09-14 16:44:52','2016-11-13 16:31:05'),(198,49,94,126,'Quia est id esse quo harum. Facere enim eos delectus nesciunt non voluptas. Dolor provident tempora in. Rerum vitae nobis fuga et recusandae incidunt voluptatibus.',3,'2019-11-30 10:01:45','2021-08-23 19:03:35'),(199,88,83,143,'Possimus harum esse facilis aliquid ut animi. Voluptas doloremque autem non quas ea. Ut deserunt impedit adipisci ipsa beatae.',1,'2015-07-17 14:40:38','2018-12-06 14:16:31'),(200,85,86,247,'Incidunt libero quis exercitationem veritatis. Possimus consequatur ut sit laboriosam natus recusandae. Iure odit est pariatur omnis enim dolorem est.',2,'2014-07-16 17:05:25','2018-05-30 03:57:25'),(201,22,82,112,'Culpa minima atque eaque quaerat eos repellendus in aut. Nisi perspiciatis et consequatur molestiae mollitia quisquam consequuntur incidunt. Est dolores vel ipsa in enim eum beatae.',3,'2012-11-01 14:48:15','2021-08-23 19:03:35'),(202,100,38,237,'Accusantium rerum iste exercitationem incidunt tempore voluptas ipsam enim. Nemo animi dolores quisquam voluptatem qui. Culpa id minima in qui similique nemo ut.',1,'2020-09-28 17:22:48','2021-08-23 19:03:35'),(203,48,80,66,'Neque ipsa labore ut sequi. Et qui quos vel. Incidunt nobis corporis occaecati debitis asperiores voluptas asperiores. Modi ullam officia temporibus ut consequuntur. Et nulla recusandae consequuntur autem.',2,'2015-03-27 05:12:12','2019-02-03 07:18:07'),(204,34,2,19,'Magnam nemo deserunt accusantium omnis. Sunt iusto vel praesentium repellendus ad. Voluptatum reiciendis nesciunt ipsa quae quidem et. Neque enim quia ex voluptas non autem.',3,'2020-12-20 18:53:39','2021-02-17 00:04:20'),(205,40,74,146,'Impedit exercitationem eligendi provident. Voluptatem assumenda sapiente nulla ut rerum. Voluptas incidunt quibusdam accusantium sed inventore.',1,'2019-01-03 05:58:19','2021-08-23 19:03:35'),(206,78,76,75,'Quos omnis vel ut qui. Qui qui eaque molestias repellat voluptatem voluptatem asperiores corrupti. Officiis repellendus nulla voluptatum accusantium optio.',2,'2013-08-15 15:35:36','2020-03-07 23:01:43'),(207,7,98,21,'Ducimus cum eum ut reiciendis molestiae nihil nemo. Tempora suscipit fugiat accusantium ducimus ab porro dolor. Impedit earum temporibus impedit sed eligendi nobis eos.',3,'2020-12-11 11:55:42','2021-08-23 19:03:35'),(208,38,46,99,'Quaerat sed ut voluptatum facilis ea. Eaque laborum mollitia dolorem nesciunt recusandae id. Asperiores inventore nam sapiente quia natus maxime vero. Enim tempore et ipsam ullam omnis enim.',1,'2017-06-13 23:47:03','2021-08-23 19:03:35'),(209,56,9,182,'Fugiat expedita reprehenderit necessitatibus expedita tempore. Sint eaque nemo culpa eos autem. Voluptatibus facilis quos consequuntur autem hic reprehenderit ratione. Ea perspiciatis asperiores minima officiis quos illum.',2,'2015-12-03 08:36:51','2017-05-03 13:27:57'),(210,5,89,95,'Perferendis in aut exercitationem autem saepe est maiores quis. Sit ut aspernatur qui et pariatur. Laboriosam autem cupiditate dolorem quo exercitationem rem. Sapiente cupiditate similique sed error sint.',3,'2014-03-13 14:39:52','2021-08-23 19:03:35'),(211,57,4,3,'Animi sint recusandae vel quam. Non possimus quia eligendi culpa repellendus nam eos. Dolorem et qui unde et voluptas. Cum assumenda qui incidunt minus enim quia aut ab.',1,'2018-07-21 00:35:23','2021-07-02 09:15:05'),(212,5,66,43,'Repudiandae ut dolorum esse. Et qui aut sunt sit itaque. Cum exercitationem qui sed quia rerum accusamus. Quibusdam minus voluptas aliquam praesentium amet. Eos maxime quo omnis reprehenderit accusantium.',2,'2016-07-25 03:43:46','2018-03-05 03:05:56'),(213,98,78,183,'Dolores et voluptatibus ad maiores possimus possimus sunt neque. Quos et tempora voluptatibus voluptas. Reprehenderit fugiat reprehenderit sint molestias rerum. Qui atque quo atque commodi.',3,'2017-07-11 19:42:00','2021-08-23 19:03:35'),(214,36,63,167,'Aperiam rerum molestiae quis iusto. Aut et laudantium occaecati quidem. Necessitatibus qui non reprehenderit.',1,'2021-01-29 07:18:54','2021-08-23 19:03:35'),(215,42,29,105,'Dicta iusto omnis et est rerum repellendus dolorem. Consequuntur aperiam odio a iste. Quaerat ut et ipsam distinctio deserunt dolorem sapiente dolorem. Maiores ipsum consequatur a deserunt impedit totam quidem.',2,'2019-10-07 14:10:43','2021-08-23 19:03:35'),(216,67,60,148,'Asperiores laborum doloremque numquam corporis. Aliquid ut iusto in corrupti expedita corrupti.',3,'2017-07-09 14:35:17','2021-08-23 19:03:35'),(217,32,54,95,'Molestiae doloremque nostrum explicabo rem cum possimus qui. Voluptatum voluptatem corporis impedit est et dolores. Sunt esse laboriosam odit ut eum.',1,'2016-04-17 18:57:13','2016-07-28 05:10:51'),(218,61,35,118,'Quasi aut et voluptas illo praesentium architecto. Et assumenda repudiandae et fuga sint maiores. Numquam et ipsa occaecati est et omnis nulla.',2,'2018-11-02 03:58:14','2021-08-23 19:03:35'),(219,25,47,143,'Omnis ut sed eaque ullam esse aliquam illo voluptatem. Eligendi qui ipsam aliquid excepturi recusandae ut excepturi. Possimus dolores velit et sed harum qui. Omnis voluptatem sapiente officiis qui enim ipsa.',3,'2012-08-13 03:25:12','2019-10-19 03:05:09'),(220,65,84,25,'Non quae dolor officia quis magni consequatur magnam. Quo perferendis temporibus officiis alias qui. Qui perferendis qui ut iste maxime.',1,'2016-12-24 07:00:48','2020-01-24 07:04:02'),(221,81,31,94,'Veritatis quis vitae possimus rem maxime tenetur unde quaerat. Provident eaque ratione ea atque quia libero perspiciatis laborum. Excepturi laboriosam quia quia sed animi.',2,'2013-05-19 06:43:11','2021-08-23 19:03:35'),(222,49,61,209,'Nihil voluptatem assumenda tempora magni assumenda in nisi. Modi ut ullam in. Aut et repellat cum.',3,'2015-12-31 12:22:48','2016-11-16 03:08:20'),(223,79,43,249,'Velit placeat ipsum sapiente repudiandae. Dolores et voluptas velit doloribus nesciunt quam esse. Ea dicta in labore excepturi voluptatum.',1,'2021-03-26 21:04:00','2021-08-23 19:03:35'),(224,52,88,79,'Aperiam corporis maxime voluptatem et perspiciatis omnis. Est praesentium fugiat ipsa dolor aut libero. Ut alias qui minus.',2,'2019-10-17 02:18:16','2021-08-23 19:03:35'),(225,7,9,43,'Commodi omnis aperiam voluptatem at rem excepturi. Dignissimos dolores ratione id ea. Nobis numquam sit molestiae aut et error quia.',3,'2016-07-07 03:57:47','2020-08-02 02:18:15'),(226,99,31,293,'Vel asperiores occaecati consequatur ducimus in quasi. Veritatis id accusamus omnis nobis quia magni. Modi facere tempora quo est. Delectus dolorem velit sit aliquid quis rerum.',1,'2021-07-16 11:17:28','2021-08-23 19:03:35'),(227,7,36,125,'Sit aut natus ut vel iusto. Voluptas consequatur et nihil aut. Consectetur voluptatum rerum et.',2,'2019-12-28 13:32:38','2020-08-09 11:18:08'),(228,31,22,195,'Animi sed qui provident consectetur et illum. Incidunt omnis mollitia sint eum. Rerum pariatur amet eius vel quidem qui.',3,'2020-04-04 04:29:01','2021-08-23 19:03:35'),(229,68,84,86,'Voluptatem atque debitis officiis incidunt. Vitae sunt doloremque reiciendis est velit. Impedit dolor repellat ut optio possimus. Recusandae recusandae quisquam rerum similique a.',1,'2012-06-04 05:15:53','2014-09-14 00:52:48'),(230,35,92,151,'Ut et debitis nam possimus. Est dolor recusandae eveniet pariatur accusamus quam. Unde numquam placeat tempora nihil et saepe.',2,'2015-10-24 07:50:04','2019-09-18 18:59:16'),(231,81,48,42,'Modi reprehenderit est minima sed explicabo hic sed. Quis et at dicta vel. Eum ea aliquid et qui. Excepturi aut aut quisquam eveniet autem.',3,'2013-12-06 18:08:11','2020-02-01 17:12:49'),(232,41,9,289,'Ut amet sit officia ipsam blanditiis rem. Et reiciendis reiciendis eum. Ut qui sit eum ea quia repellendus incidunt veritatis. Tenetur perferendis nostrum quae placeat voluptates.',1,'2013-05-09 02:06:17','2017-01-21 17:51:22'),(233,41,14,271,'Ipsam et reprehenderit qui aut et dolores. Nesciunt consequatur distinctio minus culpa non sunt ex excepturi. Maiores incidunt cupiditate magni ut et quae. Qui dolore quidem quia qui corrupti.',2,'2013-08-02 11:07:14','2018-12-04 18:08:53'),(234,22,8,193,'Molestias quia quaerat molestiae tempore repudiandae eos voluptas. Eos debitis beatae incidunt placeat quae aut. Sed doloribus id voluptatem.',3,'2020-03-29 09:06:20','2020-10-13 04:05:19'),(235,23,19,221,'Inventore consequuntur odio ut assumenda cumque blanditiis. Tenetur aut a consequatur.',1,'2019-10-16 04:21:03','2021-08-23 19:03:35'),(236,15,6,148,'Ipsa maxime vel corrupti nesciunt enim. Dolorem corporis blanditiis quam. Odit facilis dolor voluptatem odio nihil vitae. Deleniti et omnis doloribus quia.',2,'2014-08-10 23:44:06','2017-09-03 11:59:58'),(237,8,9,57,'Aut officia quia totam voluptatibus. Accusantium ut neque voluptatem necessitatibus qui cumque. Asperiores sint soluta veniam cum iusto aut non. Pariatur quas temporibus voluptas tempore sed vel eos molestias.',3,'2012-12-10 17:42:24','2021-08-23 19:03:35'),(238,49,70,173,'Facilis temporibus qui non quibusdam repudiandae. Nihil dolores nemo fugiat dolorem quidem.',1,'2014-05-23 07:17:41','2015-11-07 21:57:19'),(239,2,80,216,'Consequatur sapiente et occaecati autem maxime. Omnis hic et in itaque ea ipsum sunt. Et temporibus dolor est accusantium et reprehenderit ipsam. Sed quos ex blanditiis perspiciatis qui delectus.',2,'2019-03-23 22:43:05','2020-06-20 02:56:32'),(240,49,87,249,'Accusamus quis ut et facere omnis. Omnis quae consequuntur rem autem totam quia soluta.',3,'2011-11-19 01:38:43','2019-03-21 05:31:56'),(241,52,48,87,'Quo omnis aspernatur facilis deleniti aliquam id quis. Qui ullam est nesciunt dolorum rerum laborum alias. Quia dolores soluta et officia qui nisi. Sint sed officia alias dolorem porro voluptas.',1,'2021-04-18 22:58:01','2021-08-23 19:03:35'),(242,53,95,132,'Accusamus delectus quasi temporibus aperiam ratione. Dolor mollitia nihil temporibus ut. Ut soluta vero sed. Eligendi asperiores aut reprehenderit qui.',2,'2021-07-17 00:58:48','2021-08-23 19:03:35'),(243,90,88,259,'Qui doloribus aut eius perferendis et unde maiores. Sit sit est sit voluptas. Temporibus nesciunt ratione optio ut similique modi. Voluptas ad voluptas eveniet optio iusto. Illum consequatur libero perferendis ipsam ratione vel.',3,'2013-07-21 17:27:36','2020-10-29 08:19:18'),(244,59,67,130,'Et quas pariatur illo non rerum id non. Dignissimos nesciunt commodi quia ipsa occaecati veritatis quasi. Nihil et qui maiores neque eos quibusdam incidunt cupiditate. Sapiente quia et sint dolores voluptatem et odit.',1,'2013-05-03 11:45:57','2018-05-30 06:26:45'),(245,98,31,260,'Officiis at qui et deserunt voluptas sunt in perferendis. Harum animi sit tempore similique officiis aspernatur. Quaerat quisquam ducimus sint alias modi minus nulla dolore. Libero debitis veritatis assumenda ut reprehenderit minima corrupti.',2,'2013-01-08 07:09:07','2017-09-25 09:48:56'),(246,23,43,289,'Nulla exercitationem voluptatem ab vel ipsum quibusdam. Tempora aliquam ut non id ea necessitatibus sapiente. Quae assumenda odit excepturi velit.',3,'2019-08-26 14:26:31','2021-08-22 19:01:21'),(247,65,89,197,'Dolor nisi eligendi quas et ab. Quibusdam rerum id omnis recusandae sit eum. Fugit perspiciatis qui aut rerum.',1,'2018-04-03 16:45:53','2021-08-23 19:03:35'),(248,66,67,284,'Qui aut eum quia. Sit accusamus aspernatur est aliquid itaque eligendi qui. Ex fugit sint et reiciendis id soluta et.',2,'2016-02-25 03:20:56','2021-04-08 16:10:54'),(249,69,85,77,'Excepturi esse corrupti quaerat sunt quos. Sequi voluptas itaque temporibus quo nisi. Aut soluta error esse atque voluptates est ullam.',3,'2016-07-03 11:19:13','2019-01-12 21:35:06'),(250,36,71,281,'Molestiae reprehenderit inventore nostrum voluptatem quisquam aspernatur. Aliquid distinctio sit magni ut perferendis minima. Beatae amet qui qui voluptatibus id pariatur sequi. Explicabo consequatur qui et recusandae.',1,'2014-11-09 19:32:50','2016-03-03 14:04:40'),(251,40,7,214,'In iusto ipsam aut dolorem aut sequi consequatur voluptatibus. Sit neque nisi sunt quia laboriosam. Consequuntur voluptatem omnis ex asperiores ratione quam. Laborum rem eligendi ut eveniet vel.',2,'2021-04-12 21:02:29','2021-08-23 19:03:35'),(252,63,75,175,'Alias autem omnis ipsa distinctio nostrum voluptas aperiam. Nihil laboriosam dolore aspernatur dicta omnis. Est minus voluptas dignissimos modi labore. Et et quo illo quis nemo cumque.',3,'2015-05-21 00:20:40','2018-05-30 14:03:59'),(253,10,52,49,'Saepe non velit maxime harum itaque. Id fuga dolores et qui eveniet vero ipsam. Labore et hic facilis. Quibusdam reiciendis enim distinctio fugiat voluptatem vitae.',1,'2015-08-28 16:17:54','2020-12-01 08:38:31'),(254,93,54,16,'Non cum saepe rerum corporis rerum asperiores. Libero ut necessitatibus vero nihil. Quidem cumque est sunt est nemo.',2,'2016-08-15 05:39:15','2019-06-05 02:22:47'),(255,72,67,198,'Quia ratione sapiente eum sapiente. Quis reprehenderit dolor dolor. Sit eum dolorum quam quia.',3,'2018-05-25 04:01:57','2018-10-15 08:21:20'),(256,17,18,297,'Officia qui vel aperiam ut omnis itaque fugit qui. Eligendi cupiditate sit dolor incidunt. Aut rerum quo delectus tenetur animi sed. Voluptatem nam repudiandae repellat vitae ut nulla voluptate.',1,'2011-10-15 09:30:12','2015-05-03 20:20:37'),(257,50,27,206,'Molestiae consequatur voluptatem in non soluta voluptatum ea. Sunt dolorem veniam et ad vero. Neque consequatur incidunt illo doloribus non itaque. Accusamus vero in et eos. Quis blanditiis accusamus hic non.',2,'2016-12-03 20:51:41','2021-08-23 19:03:35'),(258,90,18,98,'Sed aut ratione libero. Doloribus animi nisi odio dicta aspernatur quas. Eum facilis voluptate minima est.',3,'2018-10-15 01:57:13','2019-05-26 19:28:10'),(259,47,50,23,'Eveniet earum aut voluptatem odit inventore doloremque ut. Autem a rerum et quisquam molestias aliquid facilis possimus. Et unde in magni illo expedita.',1,'2015-06-16 19:56:25','2020-07-05 15:52:54'),(260,10,37,149,'Hic tempore ea quidem excepturi unde. Nostrum exercitationem non ducimus voluptatem voluptatem. Consectetur ipsum consectetur animi nemo eos et. Atque mollitia accusantium non eum eius.',2,'2016-10-09 21:06:41','2019-05-11 09:21:00'),(261,36,91,87,'Et est voluptas alias consequatur et dolore suscipit architecto. Eveniet neque iure eum mollitia repudiandae et alias. Voluptas quis non aut praesentium molestiae est animi architecto. Commodi ipsum est laudantium consectetur neque eum exercitationem odio. Ad aut omnis sunt.',3,'2015-02-22 09:22:31','2021-08-23 19:03:35'),(262,60,9,56,'Ratione natus labore ipsam enim qui et. Animi vel facere distinctio unde. Debitis corporis mollitia dolores placeat et nemo asperiores. Et enim ea nesciunt possimus repudiandae et.',1,'2012-02-17 03:13:25','2016-11-08 05:24:16'),(263,4,34,132,'Consectetur id quia sit harum est sint sed. Fugiat esse quisquam asperiores et. Facilis labore cumque ratione natus facilis at omnis.',2,'2017-12-05 08:04:58','2018-01-25 05:04:11'),(264,11,96,87,'Ut laborum libero natus repudiandae perspiciatis. Dicta qui qui facilis id similique dolorem amet et. Voluptas numquam debitis quos commodi velit sunt atque. Repellendus reiciendis corporis esse nemo vel dolorum. Sit consequuntur provident nihil eos.',3,'2015-06-14 04:08:48','2017-07-28 08:00:23'),(265,97,80,186,'Voluptatem commodi rerum voluptatum et dolorem iste. Quia aut atque dolore. Itaque id praesentium ea vitae reprehenderit dignissimos repudiandae maiores.',1,'2017-06-30 03:29:12','2020-11-10 06:37:33'),(266,2,95,134,'Atque ut sed ad et delectus. Ad beatae sit reprehenderit optio. Exercitationem quidem quisquam molestiae sequi ratione. Nihil molestiae ut rem ipsa excepturi voluptate enim omnis.',2,'2017-09-14 05:15:22','2019-07-12 02:13:18'),(267,90,94,92,'Asperiores totam est repudiandae qui voluptatem. Sint quae neque qui ipsum non ut. Quis aliquid velit optio unde nemo doloremque quam. Ullam placeat a nisi qui eos et atque.',3,'2017-07-10 00:20:22','2021-08-23 19:03:35'),(268,56,8,270,'Nobis et inventore sunt minus consequatur harum. Officia reprehenderit quidem ad qui similique fuga. Sed accusantium consequatur et et nobis non. Beatae possimus doloribus et laudantium quis fugiat.',1,'2015-03-28 15:47:02','2015-09-11 20:53:42'),(269,10,99,236,'Quisquam pariatur rerum reprehenderit quisquam. Soluta natus dolor ut eum. Minima aliquam est sint vitae. Et accusantium asperiores quisquam excepturi natus.',2,'2014-01-11 23:24:05','2018-03-11 19:40:15'),(270,93,82,254,'Sed molestiae magnam ratione voluptatem quaerat. Quisquam et fuga ipsa ab totam assumenda omnis. Consequuntur qui numquam velit corrupti repudiandae. Eum nemo eos libero quae.',3,'2015-07-19 01:37:02','2021-08-23 19:03:35'),(271,87,26,242,'Iusto nostrum omnis ut laboriosam ipsa. Rerum consectetur veniam quia error rerum. Nemo et autem voluptatem aut minima quo pariatur unde. Ab sit quam consequatur quia.',1,'2020-03-31 09:19:21','2021-08-23 19:03:35'),(272,2,36,158,'Velit facilis est id neque. Eos deleniti impedit est id.',2,'2020-08-30 22:14:16','2021-08-23 19:03:35'),(273,35,76,284,'Velit atque facere cupiditate ut enim et cumque. Saepe excepturi consequuntur eos eius. A magni eos minus.',3,'2013-07-02 05:16:27','2020-05-04 13:59:57'),(274,40,5,289,'Dolorem eveniet sapiente eligendi enim nam voluptatem. Totam eum ullam voluptatem deserunt consequatur debitis enim. Doloremque delectus consectetur aut exercitationem veniam et.',1,'2013-12-07 13:40:17','2014-02-17 10:42:17'),(275,61,64,43,'Voluptas ut voluptatem ea vel corporis. Magnam quo dolorem quia enim est quos dignissimos.',2,'2015-08-17 02:08:08','2021-08-23 19:03:35'),(276,49,3,19,'Et sunt ullam qui quaerat assumenda quam. Dolorem ea expedita maiores dolores. Laborum rerum quisquam reiciendis ipsum quo.',3,'2013-06-30 02:44:38','2014-10-24 21:45:24'),(277,26,13,284,'Corrupti fugit facilis nihil tenetur sed. Est aspernatur aut facilis ipsam.',1,'2019-10-19 15:21:54','2021-08-23 19:03:35'),(278,87,47,90,'Voluptatum est ut possimus ipsa dolore molestias ea sapiente. Et dicta ea est velit deserunt labore voluptatem. Et odit ad est ducimus asperiores. Est et id iste nisi omnis.',2,'2012-03-26 20:08:24','2012-07-02 15:46:49'),(279,68,78,12,'Et quia omnis ut soluta quisquam ut. Qui quaerat ratione est. Voluptatum molestiae temporibus maxime aliquid inventore asperiores consequatur.',3,'2016-02-08 10:28:44','2021-08-23 19:03:35'),(280,72,59,23,'Eum minima et est sunt et sint molestias saepe. Corporis id rerum voluptas delectus cupiditate corporis consectetur. Sunt est praesentium alias. Ducimus veritatis doloremque qui.',1,'2012-08-31 14:29:48','2013-06-08 16:06:00'),(281,21,26,89,'Tempore in ducimus voluptatem ipsam. Qui veniam et iusto sed iusto error earum. Ipsa libero delectus incidunt maxime sed dolor quo.',2,'2018-07-20 08:30:27','2019-08-21 09:19:32'),(282,41,60,35,'Quia beatae voluptas amet magnam. Molestiae optio quas sit quod. Et tenetur qui praesentium repellat.',3,'2021-02-27 02:01:36','2021-08-23 19:03:35'),(283,91,66,139,'Esse modi sapiente dolores qui eaque perferendis non. Aut nam aut dolores. Cum fugit tempore maxime assumenda.',1,'2019-02-12 13:13:42','2021-08-23 19:03:35'),(284,69,86,207,'Omnis eius voluptas sunt nisi perspiciatis quas quibusdam. Eius aperiam et qui accusantium eos eveniet nihil. Assumenda voluptatem consectetur veritatis pariatur reprehenderit quia beatae.',2,'2019-04-23 06:02:00','2021-08-23 19:03:35'),(285,38,10,259,'Modi qui dolorum non id veritatis deserunt amet qui. Officiis odio quia reprehenderit exercitationem temporibus qui optio. Rerum nesciunt cumque nam architecto. Expedita quis et placeat maiores omnis. Velit quisquam autem a est ipsum error sed.',3,'2014-10-06 06:17:58','2019-08-05 19:03:00'),(286,95,25,174,'Pariatur tempora asperiores optio praesentium soluta. Voluptas soluta ad quia alias voluptatem magni rem.',1,'2020-12-19 20:39:16','2021-08-23 19:03:35'),(287,15,81,293,'Distinctio excepturi quasi placeat dolores est voluptas. Est qui eaque voluptates voluptates. Quia quae aliquid saepe consequatur architecto eaque. Quas quasi nobis et ex unde.',2,'2012-09-22 22:00:59','2018-02-24 15:27:14'),(288,2,96,71,'Quo unde officiis ut perspiciatis. Nihil dolores saepe dignissimos itaque quas qui asperiores recusandae. Aliquam autem natus aliquam quidem aliquid dolor vel. Expedita sit dolor corporis expedita.',3,'2021-04-10 06:24:15','2021-08-23 19:03:35'),(289,10,73,250,'Qui maxime accusantium ratione quos. Et dolorem et et sunt ad aliquam debitis. Voluptatem vero praesentium sapiente explicabo libero dolores modi.',1,'2019-07-23 22:17:12','2021-08-23 19:03:35'),(290,66,75,189,'Rem quam similique qui deserunt quod. Id suscipit qui fuga natus. Aut nesciunt blanditiis dolor corporis voluptate. Qui natus nostrum unde velit quis.',2,'2018-03-13 08:57:12','2018-07-17 15:16:46'),(291,37,74,272,'Autem ullam eum et omnis enim. Ipsum accusamus magni natus labore occaecati nihil est. Officia reprehenderit omnis iusto et.',3,'2016-06-24 14:57:53','2021-05-02 21:25:18'),(292,36,15,114,'Odio modi harum adipisci. Sint et harum dolores assumenda possimus occaecati. At rem ut vel occaecati et et alias. Modi harum consequatur qui molestias consequatur.',1,'2011-10-08 21:42:32','2016-02-08 18:24:28'),(293,35,67,106,'Ratione corrupti laborum laboriosam quidem. Tempore non qui quos. Sunt non aut tenetur ducimus voluptatibus.',2,'2020-04-09 12:54:40','2021-08-23 19:03:35'),(294,97,12,146,'Voluptates blanditiis architecto aliquid. Et quos velit accusantium. Ducimus quasi magni architecto in eum iste ipsa.',3,'2012-10-26 01:04:20','2015-09-13 12:17:14'),(295,100,43,235,'Provident vitae commodi dolor ipsum. Assumenda incidunt assumenda voluptatem eveniet commodi exercitationem vel. Perferendis voluptatum dolorum repellendus aspernatur. Et rem dicta sit debitis magni.',1,'2019-01-01 04:54:44','2021-08-23 19:03:35'),(296,88,89,57,'Vitae debitis temporibus in est iure a. Delectus eveniet enim labore vel et iure eos maiores. Commodi quisquam dolorem nisi voluptatum.',2,'2020-09-27 21:46:24','2021-08-23 19:03:35'),(297,12,55,58,'Cumque earum exercitationem voluptates omnis nulla nostrum ut. Iste ut similique ut nihil laboriosam aut. Dolorum sed quod asperiores cupiditate tempore saepe laudantium qui.',3,'2012-04-01 11:54:53','2021-07-22 17:50:12'),(298,95,32,53,'Enim totam quidem officiis qui dolor aut. Praesentium deleniti optio enim modi id.',1,'2017-04-07 03:10:34','2021-02-12 12:53:02'),(299,29,91,94,'Quo dignissimos sint cumque cum dignissimos odio. Asperiores dolores omnis est. Tempore assumenda est dolorem qui eos. Doloremque voluptate dicta omnis praesentium rem tempore similique. Culpa repellat architecto sunt.',2,'2013-03-14 06:35:20','2018-01-07 07:42:31'),(300,63,59,124,'Et exercitationem ad perferendis ut illo exercitationem. Eos vitae eveniet ut dolorem et blanditiis asperiores. Recusandae eaque delectus aliquam.',3,'2012-01-18 22:23:31','2015-11-28 23:58:54');
/*!40000 ALTER TABLE `messages` ENABLE KEYS */;
UNLOCK TABLES;

--
-- Table structure for table `profiles`
--

DROP TABLE IF EXISTS `profiles`;
/*!40101 SET @saved_cs_client     = @@character_set_client */;
/*!40101 SET character_set_client = utf8 */;
CREATE TABLE `profiles` (
  `user_id` int(10) unsigned NOT NULL,
  `city_id` int(10) unsigned DEFAULT NULL,
  `country_id` int(10) unsigned DEFAULT NULL,
  `avatar` int(10) unsigned DEFAULT NULL,
  `created_at` datetime DEFAULT current_timestamp(),
  `updated_at` datetime DEFAULT current_timestamp() ON UPDATE current_timestamp(),
  PRIMARY KEY (`user_id`),
  KEY `profiles_city_id_fk` (`city_id`),
  KEY `profiles_country_id_fk` (`country_id`),
  KEY `profiles_avatar_fk` (`avatar`),
  CONSTRAINT `profiles_avatar_fk` FOREIGN KEY (`avatar`) REFERENCES `media` (`id`) ON DELETE SET NULL,
  CONSTRAINT `profiles_city_id_fk` FOREIGN KEY (`city_id`) REFERENCES `cities` (`id`) ON DELETE SET NULL,
  CONSTRAINT `profiles_country_id_fk` FOREIGN KEY (`country_id`) REFERENCES `countries` (`id`) ON DELETE SET NULL,
  CONSTRAINT `profiles_user_id_fk` FOREIGN KEY (`user_id`) REFERENCES `users` (`id`) ON DELETE CASCADE
) ENGINE=InnoDB DEFAULT CHARSET=utf8mb4 COLLATE=utf8mb4_unicode_ci COMMENT='Users'' profiles';
/*!40101 SET character_set_client = @saved_cs_client */;

--
-- Dumping data for table `profiles`
--

LOCK TABLES `profiles` WRITE;
/*!40000 ALTER TABLE `profiles` DISABLE KEYS */;
INSERT INTO `profiles` VALUES (1,5,17,319,'2018-09-11 09:53:50','2021-08-23 18:43:27'),(2,55,36,399,'2020-10-18 03:41:00','2021-08-23 18:43:27'),(3,38,53,118,'2012-04-29 21:02:33','2021-07-11 09:09:55'),(4,59,44,54,'2013-07-25 07:44:02','2021-03-12 06:53:15'),(5,39,35,212,'2020-12-05 20:56:17','2021-08-23 18:43:27'),(6,87,36,221,'2011-10-11 17:40:58','2014-11-20 19:52:11'),(7,64,99,366,'2016-11-26 19:21:16','2017-11-03 04:24:01'),(8,20,79,139,'2016-12-04 22:57:33','2017-03-31 17:19:03'),(9,36,34,368,'2017-10-05 21:39:47','2021-08-23 18:43:27'),(10,25,4,367,'2015-12-15 04:03:51','2021-08-23 18:43:27'),(11,91,34,55,'2012-12-28 21:51:22','2021-08-16 09:19:31'),(12,95,64,44,'2015-06-25 11:51:37','2020-02-10 18:20:46'),(13,26,93,74,'2014-11-17 19:25:56','2017-12-21 15:15:24'),(14,87,69,115,'2020-06-23 14:18:54','2021-08-23 18:43:27'),(15,95,54,189,'2018-05-04 16:27:37','2021-08-23 18:43:27'),(16,27,16,381,'2012-08-20 21:51:51','2021-07-23 02:48:01'),(17,43,75,218,'2019-10-04 08:11:49','2021-08-23 18:43:27'),(18,66,62,384,'2014-06-30 11:08:20','2020-07-28 00:53:28'),(19,8,45,416,'2017-11-18 13:38:19','2021-05-19 21:31:36'),(20,7,18,140,'2014-09-15 18:30:35','2019-06-30 00:15:47'),(21,73,55,171,'2017-03-02 13:40:33','2021-08-23 18:43:27'),(22,16,68,433,'2021-04-30 16:19:48','2021-08-23 18:43:27'),(23,96,76,179,'2020-05-21 14:49:14','2021-08-23 18:43:27'),(24,49,81,353,'2014-11-22 01:32:39','2016-09-24 08:38:01'),(25,74,31,170,'2015-10-13 03:30:12','2021-08-23 18:43:27'),(26,69,17,398,'2017-01-14 05:20:00','2021-08-23 18:43:27'),(27,2,69,194,'2020-06-24 15:01:54','2021-08-23 18:43:27'),(28,17,71,184,'2019-05-09 01:13:02','2021-08-23 18:43:27'),(29,76,67,151,'2013-01-12 16:25:14','2018-02-08 19:00:24'),(30,100,61,126,'2011-12-05 15:34:46','2020-09-08 11:01:42'),(31,66,67,147,'2019-10-14 20:03:39','2021-08-23 18:43:27'),(32,91,32,118,'2020-07-27 02:06:26','2020-10-06 05:48:18'),(33,70,76,79,'2020-01-24 11:04:36','2021-08-23 18:43:27'),(34,81,80,151,'2020-03-29 12:35:47','2021-08-23 18:43:27'),(35,37,86,459,'2016-06-28 17:12:18','2020-10-04 13:10:25'),(36,92,50,114,'2013-02-27 07:42:47','2017-09-27 10:44:03'),(37,86,34,142,'2019-12-13 06:15:15','2021-08-23 18:43:27'),(38,16,30,158,'2019-06-09 15:51:09','2021-08-23 18:43:27'),(39,22,24,365,'2012-11-05 07:44:58','2017-09-22 00:07:23'),(40,56,4,468,'2012-08-27 20:06:30','2014-01-19 08:34:41'),(41,30,87,298,'2013-10-02 12:43:47','2016-02-12 21:06:57'),(42,26,49,392,'2012-04-25 06:19:02','2019-08-17 09:03:11'),(43,29,72,154,'2021-01-27 00:49:30','2021-08-23 18:43:27'),(44,15,100,298,'2019-08-11 10:20:03','2021-08-23 18:43:27'),(45,58,35,408,'2021-02-09 01:43:35','2021-08-23 18:43:27'),(46,8,32,497,'2017-12-22 18:37:11','2021-08-23 18:43:27'),(47,14,57,248,'2018-05-12 20:41:30','2021-08-23 18:43:27'),(48,68,45,365,'2019-09-05 08:04:54','2019-09-30 02:46:24'),(49,83,13,299,'2019-05-20 20:35:30','2021-08-23 18:43:27'),(50,94,11,286,'2014-04-18 06:25:57','2021-08-23 18:43:27'),(51,89,95,163,'2021-06-20 03:19:17','2021-08-23 18:43:27'),(52,8,78,183,'2014-03-20 15:34:34','2015-07-02 08:55:49'),(53,62,57,474,'2019-06-08 18:16:29','2021-08-23 18:43:27'),(54,13,76,84,'2012-01-28 02:38:43','2019-08-13 15:12:05'),(55,2,41,348,'2018-07-19 22:38:50','2021-08-23 18:43:27'),(56,66,97,16,'2017-08-01 23:26:49','2021-08-23 18:43:27'),(57,72,53,340,'2015-09-21 06:33:51','2021-08-23 18:43:27'),(58,50,35,197,'2020-01-20 17:04:05','2021-08-23 18:43:27'),(59,1,21,80,'2021-08-13 21:53:20','2021-08-23 18:43:27'),(60,13,98,33,'2012-07-06 22:52:40','2013-10-02 07:23:18'),(61,98,28,91,'2014-03-17 21:28:24','2015-08-17 22:26:13'),(62,39,33,105,'2015-10-05 21:34:11','2021-02-14 19:40:20'),(63,30,28,100,'2021-08-05 04:23:39','2021-08-23 18:43:27'),(64,80,53,242,'2020-02-22 12:23:48','2021-08-23 18:43:27'),(65,6,37,297,'2016-12-11 20:33:07','2021-08-23 18:43:27'),(66,7,95,257,'2014-04-04 15:33:52','2021-08-23 18:43:27'),(67,28,86,47,'2013-07-15 10:59:07','2015-10-08 17:48:01'),(68,22,68,331,'2020-02-20 20:37:04','2021-08-23 18:43:27'),(69,23,82,312,'2021-08-22 01:08:57','2021-08-23 18:43:27'),(70,46,75,244,'2012-12-09 23:35:17','2014-04-01 09:59:20'),(71,97,26,141,'2019-02-16 01:22:36','2021-08-23 18:43:27'),(72,79,49,460,'2019-07-21 03:51:28','2020-10-21 03:27:54'),(73,61,74,148,'2018-03-22 03:25:16','2021-08-23 18:43:27'),(74,69,93,278,'2013-10-07 21:18:03','2017-07-31 02:15:24'),(75,42,92,329,'2019-06-01 23:16:59','2021-08-23 18:43:27'),(76,13,84,427,'2013-06-06 12:19:05','2021-08-23 18:43:27'),(77,81,22,7,'2020-04-17 21:09:27','2021-08-23 18:43:27'),(78,53,92,406,'2013-06-24 22:56:22','2015-03-16 15:46:28'),(79,25,32,241,'2013-07-31 07:53:25','2013-08-22 00:57:07'),(80,21,16,69,'2019-11-10 04:08:03','2021-08-23 18:43:27'),(81,68,19,392,'2013-12-14 21:56:55','2015-06-18 10:14:04'),(82,93,34,34,'2013-08-09 06:47:49','2017-04-03 00:46:04'),(83,24,42,462,'2013-02-12 04:26:14','2017-07-26 01:59:21'),(84,86,93,17,'2013-05-05 20:29:00','2018-11-30 06:59:36'),(85,71,55,411,'2014-03-02 02:50:47','2021-05-15 14:08:14'),(86,59,89,484,'2013-12-20 17:32:19','2019-09-16 19:24:40'),(87,14,13,163,'2017-02-26 05:59:23','2019-05-22 17:06:09'),(88,36,7,492,'2019-10-01 09:37:01','2020-03-22 05:38:26'),(89,94,85,330,'2014-07-25 10:42:06','2015-11-11 03:01:25'),(90,69,41,480,'2016-02-02 06:47:45','2020-03-09 17:15:59'),(91,86,39,483,'2017-11-04 18:28:55','2021-04-24 18:01:01'),(92,50,57,122,'2019-12-05 20:19:39','2020-01-17 03:14:27'),(93,81,24,268,'2017-10-24 12:42:25','2018-05-21 20:52:24'),(94,52,100,36,'2014-08-23 03:01:12','2015-02-12 18:13:56'),(95,50,59,273,'2019-05-15 13:28:25','2021-04-13 21:17:27'),(96,7,65,359,'2017-12-04 02:09:39','2021-08-23 18:43:27'),(97,77,77,324,'2015-08-09 19:04:30','2021-08-23 18:43:27'),(98,38,3,232,'2012-02-04 18:21:34','2015-02-15 22:27:31'),(99,14,11,107,'2017-05-07 21:48:48','2018-07-13 21:04:09'),(100,31,97,88,'2019-04-19 14:44:44','2021-08-23 18:43:27');
/*!40000 ALTER TABLE `profiles` ENABLE KEYS */;
UNLOCK TABLES;

--
-- Table structure for table `real_estate_types`
--

DROP TABLE IF EXISTS `real_estate_types`;
/*!40101 SET @saved_cs_client     = @@character_set_client */;
/*!40101 SET character_set_client = utf8 */;
CREATE TABLE `real_estate_types` (
  `id` int(10) unsigned NOT NULL AUTO_INCREMENT,
  `name` varchar(50) COLLATE utf8mb4_unicode_ci DEFAULT NULL,
  `created_at` datetime DEFAULT current_timestamp(),
  `updated_at` datetime DEFAULT current_timestamp() ON UPDATE current_timestamp(),
  PRIMARY KEY (`id`)
) ENGINE=InnoDB AUTO_INCREMENT=3 DEFAULT CHARSET=utf8mb4 COLLATE=utf8mb4_unicode_ci;
/*!40101 SET character_set_client = @saved_cs_client */;

--
-- Dumping data for table `real_estate_types`
--

LOCK TABLES `real_estate_types` WRITE;
/*!40000 ALTER TABLE `real_estate_types` DISABLE KEYS */;
INSERT INTO `real_estate_types` VALUES (1,'\'apartment\'','2021-08-23 18:17:18','2021-08-23 18:17:18'),(2,' \'house\'','2021-08-23 18:17:18','2021-08-23 18:17:18');
/*!40000 ALTER TABLE `real_estate_types` ENABLE KEYS */;
UNLOCK TABLES;

--
-- Table structure for table `user_feedback`
--

DROP TABLE IF EXISTS `user_feedback`;
/*!40101 SET @saved_cs_client     = @@character_set_client */;
/*!40101 SET character_set_client = utf8 */;
CREATE TABLE `user_feedback` (
  `from_user_id` int(10) unsigned NOT NULL,
  `to_user_id` int(10) unsigned NOT NULL,
  `user_score_id` int(10) unsigned NOT NULL,
  `feedback` text COLLATE utf8mb4_unicode_ci DEFAULT NULL,
  `created_at` datetime DEFAULT current_timestamp(),
  `updated_at` datetime DEFAULT current_timestamp() ON UPDATE current_timestamp(),
  PRIMARY KEY (`from_user_id`,`to_user_id`),
  KEY `user_feedback_to_user_id_fk` (`to_user_id`),
  KEY `user_feedback_user_score_id_fk` (`user_score_id`),
  CONSTRAINT `user_feedback_from_user_id_fk` FOREIGN KEY (`from_user_id`) REFERENCES `users` (`id`) ON DELETE CASCADE,
  CONSTRAINT `user_feedback_to_user_id_fk` FOREIGN KEY (`to_user_id`) REFERENCES `users` (`id`) ON DELETE CASCADE,
  CONSTRAINT `user_feedback_user_score_id_fk` FOREIGN KEY (`user_score_id`) REFERENCES `user_feedback_scores` (`id`)
) ENGINE=InnoDB DEFAULT CHARSET=utf8mb4 COLLATE=utf8mb4_unicode_ci;
/*!40101 SET character_set_client = @saved_cs_client */;

--
-- Dumping data for table `user_feedback`
--

LOCK TABLES `user_feedback` WRITE;
/*!40000 ALTER TABLE `user_feedback` DISABLE KEYS */;
INSERT INTO `user_feedback` VALUES (4,1,5,'Consectetur corporis veniam sint alias culpa nobis qui. Vel sunt aut iure ut.','2018-07-09 06:22:54','2021-08-23 22:15:05'),(4,16,1,'Atque exercitationem illum laudantium voluptatem illo. Sed vel et ad consequuntur.','2019-03-23 02:37:11','2021-08-23 22:15:05'),(4,89,5,'Perspiciatis quo et accusantium amet placeat. Non qui et ad nam quidem eius. Et voluptates non consequatur qui occaecati quisquam. Animi et aperiam aut ut.','2016-10-04 16:41:06','2021-08-23 22:15:05'),(4,100,3,'Et aut consequatur amet consequatur explicabo et. Officia voluptate maiores explicabo nemo deleniti.','2020-09-14 06:29:27','2021-08-23 22:15:05'),(6,30,1,'Assumenda vel sint molestiae ducimus pariatur. Voluptatem voluptas deserunt vel sint maxime. Recusandae ut nobis dolorem modi. Qui quaerat voluptatem placeat aut odit.','2017-08-17 12:42:48','2021-08-23 22:15:05'),(6,36,2,'Placeat sed laboriosam eius a aut est. Doloribus quo incidunt rem distinctio minus sunt facere. Aut veniam aut magnam consequatur incidunt fugit itaque. Sint maiores aliquid a nulla.','2021-06-04 01:14:17','2021-08-23 22:15:05'),(7,87,5,'Enim vel dicta fuga dolorem consequatur. Hic consequatur sequi iure dolore. Expedita quaerat et deserunt praesentium sunt. Quia ea voluptates similique.','2021-06-21 06:43:18','2021-08-23 22:15:05'),(8,4,1,'Libero repudiandae et architecto voluptate. Quasi ea dolores et corporis. Ea et et corporis qui. Velit sunt sit velit id repudiandae corrupti.','2019-11-03 20:34:10','2021-08-23 22:15:05'),(8,72,1,'Dolor alias maxime sapiente. Illo incidunt error dolor dolorum labore sint facilis commodi. Facere eligendi aperiam molestias amet aliquam illum laboriosam totam. Eius esse est non rerum veritatis. In reprehenderit a ab pariatur.','2021-07-22 19:28:06','2021-08-23 22:15:05'),(9,90,5,'Dolor id omnis officia temporibus repellendus ad. Nulla ut qui quaerat dolor impedit similique. Facilis voluptates quisquam animi provident ducimus. Aut deleniti qui saepe iure fuga sit qui.','2015-12-19 23:48:39','2021-08-23 22:15:05'),(10,40,3,'Ut cupiditate ratione laudantium fuga. Explicabo mollitia in perspiciatis. Eligendi ullam quis dignissimos labore nihil eos. Magni ipsa repellendus nihil unde. Cumque et sunt cum quam aspernatur corrupti porro.','2014-10-25 01:33:11','2021-08-23 22:15:05'),(14,9,3,'Blanditiis iste esse voluptatum modi voluptatum eum. Similique quia et corrupti odio cum quia culpa. Soluta dolores tenetur voluptates illo. Perferendis omnis non assumenda omnis ipsum dolor harum.','2012-10-27 18:49:58','2021-08-23 22:15:05'),(17,86,5,'Eius voluptatem omnis nihil non. Quia quibusdam velit sit voluptatem magnam illum veniam facere. Eveniet itaque officia sapiente voluptatem quis velit. Incidunt nobis iusto id ut.','2021-02-14 11:26:50','2021-08-23 22:15:05'),(17,95,2,'Ut dolores est modi rerum voluptatem earum ut. Quasi ipsam ex a omnis. Voluptatum odio temporibus dignissimos sunt. Est temporibus sit minus sunt.','2020-01-03 22:42:34','2021-08-23 22:15:05'),(18,75,4,'A veritatis eaque et itaque illo velit et. Impedit quia magni optio at ut quia veniam assumenda. Voluptatibus harum voluptatem quis ducimus numquam dolores et. Deserunt expedita sed aut.','2012-08-18 23:43:49','2021-08-23 22:15:05'),(19,15,1,'Ipsam eius expedita nemo et. Voluptatem saepe veritatis unde alias. Laboriosam rem illum sunt ratione tempore dolorem sit. Non ex qui sed debitis veritatis voluptatem est. Maiores eveniet quos quos vel qui et blanditiis quos.','2019-04-30 09:18:05','2021-08-23 22:15:05'),(19,32,5,'Autem sequi et similique. Harum hic quia et quisquam inventore voluptas. Aspernatur est atque molestiae voluptas consequuntur in autem. Corrupti ad ea facilis consequuntur exercitationem.','2020-04-05 07:16:45','2021-08-23 22:15:05'),(19,72,4,'Culpa laborum tenetur quia. Tenetur ut repudiandae ut quo dignissimos omnis ea. Dolorem soluta aut magni et et molestias ut. In qui adipisci quod qui. Laboriosam voluptatem voluptate animi in et quisquam omnis.','2020-04-03 00:18:47','2021-08-23 22:15:05'),(20,52,2,'Rerum quo eum quia aut velit placeat. Aut id consequatur similique ut iusto. Possimus magnam unde neque nemo voluptatibus mollitia distinctio.','2016-01-31 11:41:26','2021-08-23 22:15:05'),(21,78,1,'Sit voluptatem autem numquam. Dolor labore voluptates necessitatibus odit tempore. Odio facere sint aperiam a.','2017-07-22 15:02:36','2021-08-23 22:15:05'),(22,39,3,'Repellat nostrum optio eum alias iusto laborum exercitationem nobis. Accusantium corporis repudiandae laboriosam et. Facilis dolor aut alias consequatur rerum rerum.','2015-12-29 13:39:03','2021-08-23 22:15:05'),(22,74,2,'Ullam dicta dicta dolores ut eaque cumque quasi. At esse dolorum velit ea impedit reiciendis voluptas. Qui eum quia alias est minima. Quae vero eos qui porro sint et.','2016-06-06 19:45:37','2021-08-23 22:15:05'),(25,37,2,'Facilis non voluptas deleniti. Voluptatibus dignissimos enim nulla praesentium. Corrupti et recusandae inventore ratione.','2017-08-08 18:20:14','2021-08-23 22:15:05'),(26,97,2,'Ut ea vero dolor itaque. Maxime delectus recusandae officia modi.','2013-07-30 22:46:38','2021-08-23 22:15:05'),(27,20,4,'Quidem magnam cupiditate omnis autem aut quo et. Culpa quidem architecto enim quos dicta quia. Facilis et et vitae. Maxime error aliquam asperiores id aut et maxime. Eos deleniti dignissimos ratione et sequi.','2021-03-01 16:14:54','2021-08-23 22:15:05'),(28,19,3,'Sapiente est commodi placeat aut. Sit exercitationem ea quo totam consequuntur quia necessitatibus. Doloremque eveniet quos rem aut facilis alias. Nobis maiores ut sit amet.','2019-01-24 09:54:34','2021-08-23 22:15:05'),(31,66,3,'Commodi qui est ipsam necessitatibus ad ut vel. Deserunt omnis itaque accusantium culpa itaque suscipit.','2014-05-24 22:10:56','2021-08-23 22:15:05'),(32,38,2,'Beatae ipsa sed sequi modi quia sapiente ratione ad. Maiores sed sint sit veritatis consectetur. Cum voluptates repudiandae eius. Omnis quis ut rerum esse itaque vitae commodi.','2018-05-05 16:42:41','2021-08-23 22:15:05'),(34,18,1,'Quisquam et quod saepe quia et. Repudiandae minima est neque sunt quia omnis. Iure tempore voluptas ut dolorem vero ipsam.','2016-01-11 08:43:31','2021-08-23 22:15:05'),(35,8,2,'Quis minima voluptate quaerat et nihil nam in. Sed eum aut quo dolores tempora. Ut neque eaque qui sint. Atque non aut ducimus officiis sequi vel.','2016-11-18 03:52:37','2021-08-23 22:15:05'),(35,49,2,'Consequatur enim voluptatibus maxime provident. Aut tempora sint inventore dolore et incidunt cumque.','2013-06-06 23:21:31','2021-08-23 22:15:05'),(35,79,1,'Autem voluptate consectetur veniam expedita reprehenderit. Aliquam exercitationem in et libero soluta magnam. Quibusdam ut mollitia atque mollitia consequatur aliquid. Voluptas cumque corrupti tenetur quia maiores.','2019-08-14 05:48:27','2021-08-23 22:15:05'),(36,100,4,'Eum inventore ab illo excepturi ut. Occaecati ut eaque modi. Quae adipisci ea iusto ipsum at. Unde excepturi voluptas porro omnis quia.','2017-10-26 09:18:22','2021-08-23 22:15:05'),(37,65,1,'Est est similique et fugit. Accusantium qui dolore repellat dolorem iste eum rem. Aut reiciendis atque quasi est.','2011-09-15 11:01:54','2021-08-23 22:15:05'),(38,45,2,'Magnam accusamus nisi temporibus dolores corporis harum eveniet. Ad dolor asperiores hic labore. Consequatur sed voluptate eius occaecati illo aut placeat. Molestiae sunt hic quod officiis.','2017-01-02 04:39:21','2021-08-23 22:15:05'),(44,76,1,'Tempora asperiores non dignissimos dignissimos nobis sit. Ea provident aspernatur eum velit fuga. Aliquid sunt sequi nobis quam.','2019-03-08 06:38:39','2021-08-23 22:15:05'),(47,8,4,'Error adipisci harum similique. Voluptas optio dolorem eligendi voluptatem atque inventore ab dolorem. Omnis non dolor cum placeat ut rerum. Aliquam consequuntur dolorem quas nemo quia.','2018-07-13 20:08:00','2021-08-23 22:15:05'),(51,44,3,'Repellat ipsa ut temporibus. Blanditiis cupiditate consequuntur sapiente reprehenderit. Amet ullam eos voluptas ut qui laudantium quae.','2017-02-04 17:25:42','2021-08-23 22:15:05'),(54,60,2,'Soluta eos cumque aspernatur numquam. Magnam repudiandae illum qui aliquid voluptate et quisquam. Dolores cupiditate commodi cum voluptatem architecto.','2013-05-21 22:47:47','2021-08-23 22:15:05'),(54,96,5,'Culpa pariatur blanditiis qui aut dicta rerum et. Quasi placeat ea optio vel ut. Dolorem iste aliquid quas occaecati. Deleniti quas minus sit in porro ut.','2018-10-06 22:33:15','2021-08-23 22:15:05'),(57,41,2,'Incidunt quia illo sint vel rerum. Eaque earum odit officiis voluptas provident. Porro laboriosam quibusdam ea qui laboriosam autem nesciunt.','2020-02-26 08:06:13','2021-08-23 22:15:05'),(64,13,2,'Rem autem reprehenderit fuga laboriosam totam. Quo quas soluta hic est sunt accusantium. Tempora dolore aut beatae officiis eligendi id laborum rerum. Molestiae nostrum vero odit vitae eos ut voluptas.','2017-08-12 22:05:08','2021-08-23 22:15:05'),(67,1,3,'Accusamus sit quas et quia excepturi. Officiis dolorem molestiae minus et aperiam qui. Eos illum consectetur autem officia in voluptatem.','2019-07-15 05:59:13','2021-08-23 22:15:05'),(68,92,4,'Tenetur id laborum laudantium tempore temporibus. Et est ea nam non reprehenderit eos. Explicabo aut natus ipsa dolor nemo occaecati dolor.','2015-10-24 16:46:40','2021-08-23 22:15:05'),(69,7,1,'Cumque ipsa aperiam aut. Ipsa aperiam facilis provident ut possimus quasi mollitia. Excepturi dolore rerum eveniet quis. In facere et modi id et soluta sit tempora.','2020-07-04 01:48:20','2021-08-23 22:15:05'),(69,23,1,'Aperiam reprehenderit ut cupiditate fugit voluptatem. Libero dignissimos nihil sit similique quia voluptatibus maiores ea. Reiciendis est labore temporibus ullam. Quos alias nesciunt neque sed officiis quia.','2015-11-01 07:15:36','2021-08-23 22:15:05'),(79,71,3,'Sit labore quidem ut beatae quo. Et minima vel optio molestiae labore excepturi fugiat porro. Itaque fugit recusandae suscipit earum ratione quos aut molestiae.','2012-07-22 22:34:40','2021-08-23 22:15:05'),(80,50,2,'Ducimus illo est fuga mollitia repellat neque ipsum. Ea beatae dolores sit.','2014-04-12 11:48:49','2021-08-23 22:15:05'),(81,45,1,'Sit et consequuntur ex soluta vel. Dolor in laboriosam temporibus. Molestiae exercitationem temporibus consectetur ratione quos et.','2019-02-18 19:56:33','2021-08-23 22:15:05'),(84,82,5,'Ut sequi alias ut numquam asperiores rem ut mollitia. Reiciendis dolor illum facere ab dicta quia. Quos inventore blanditiis est deleniti. Et nesciunt iure aut est enim atque. Unde voluptates officiis quia quia.','2014-11-27 09:09:59','2021-08-23 22:15:05'),(86,31,1,'Optio officiis cum dolore. Nihil magnam ad quia cupiditate voluptatibus consequatur. Quo voluptatem voluptatem hic nesciunt.','2017-09-28 08:16:22','2021-08-23 22:15:05'),(87,81,2,'Harum velit nihil molestias delectus dolor quae occaecati. Sed vel aut at saepe exercitationem temporibus sunt architecto. Necessitatibus autem quae temporibus aliquid.','2016-04-25 22:12:27','2021-08-23 22:15:05'),(88,4,2,'Molestias quas quasi dolores molestiae cumque commodi enim perferendis. Omnis dolores perspiciatis nesciunt rerum rerum ut. Praesentium aut aut facere nesciunt. Numquam vitae molestias nihil non quas ut.','2017-05-24 13:34:00','2021-08-23 22:15:05'),(90,50,1,'Voluptatum ea et expedita laudantium. Fugit illo minima explicabo ut. Culpa dignissimos illo velit inventore est.','2012-03-12 18:27:57','2021-08-23 22:15:05'),(92,59,3,'Ex minus voluptate iste voluptatem dolore saepe culpa. Quia sit et quidem voluptates et vel et. Autem qui delectus dolore reiciendis asperiores. Inventore quae sapiente reiciendis rerum.','2020-09-06 03:26:21','2021-08-23 22:15:05'),(93,52,2,'Nobis unde vel animi a illo harum distinctio. Nostrum voluptas iure provident voluptas non ut adipisci. Voluptatem consequatur repellendus repudiandae veniam qui facere deserunt. Ipsa dolores explicabo reiciendis possimus.','2017-08-07 15:13:48','2021-08-23 22:15:05'),(96,84,2,'Unde repudiandae sed qui non et dicta sed. Ea sint architecto eius corporis placeat. Distinctio veniam corporis molestiae blanditiis et. Occaecati qui quisquam saepe quasi hic doloribus.','2013-02-27 06:50:54','2021-08-23 22:15:05'),(97,74,5,'Quis magnam sit animi. Explicabo occaecati velit ratione. Natus est doloremque provident molestias ipsa minus.','2019-11-17 22:45:07','2021-08-23 22:15:05'),(99,70,4,'Omnis nobis asperiores itaque aperiam minima. A tempore qui sit a at hic. Eum eligendi et possimus.','2017-06-09 05:43:54','2021-08-23 22:15:05'),(100,45,2,'Cupiditate velit consequatur dicta nobis voluptatem quaerat. Maiores nulla quasi cum quis voluptas. Minus recusandae necessitatibus accusamus voluptatem. Animi rerum sed qui labore possimus nihil.','2014-05-21 16:26:07','2021-08-23 22:15:05');
/*!40000 ALTER TABLE `user_feedback` ENABLE KEYS */;
UNLOCK TABLES;

--
-- Table structure for table `user_feedback_scores`
--

DROP TABLE IF EXISTS `user_feedback_scores`;
/*!40101 SET @saved_cs_client     = @@character_set_client */;
/*!40101 SET character_set_client = utf8 */;
CREATE TABLE `user_feedback_scores` (
  `id` int(10) unsigned NOT NULL AUTO_INCREMENT,
  `user_feedback_score` int(10) unsigned NOT NULL,
  `created_at` datetime DEFAULT current_timestamp(),
  `updated_at` datetime DEFAULT current_timestamp() ON UPDATE current_timestamp(),
  PRIMARY KEY (`id`)
) ENGINE=InnoDB AUTO_INCREMENT=6 DEFAULT CHARSET=utf8mb4 COLLATE=utf8mb4_unicode_ci;
/*!40101 SET character_set_client = @saved_cs_client */;

--
-- Dumping data for table `user_feedback_scores`
--

LOCK TABLES `user_feedback_scores` WRITE;
/*!40000 ALTER TABLE `user_feedback_scores` DISABLE KEYS */;
INSERT INTO `user_feedback_scores` VALUES (1,1,'2013-12-12 23:39:08','2021-08-23 19:09:57'),(2,2,'2019-12-14 21:43:19','2021-08-23 19:09:07'),(3,3,'2018-09-11 10:19:42','2021-08-23 19:09:57'),(4,4,'2017-07-24 11:19:29','2021-08-23 19:09:57'),(5,5,'2020-04-25 18:06:57','2021-08-23 19:09:31');
/*!40000 ALTER TABLE `user_feedback_scores` ENABLE KEYS */;
UNLOCK TABLES;

--
-- Table structure for table `users`
--

DROP TABLE IF EXISTS `users`;
/*!40101 SET @saved_cs_client     = @@character_set_client */;
/*!40101 SET character_set_client = utf8 */;
CREATE TABLE `users` (
  `id` int(10) unsigned NOT NULL AUTO_INCREMENT,
  `first_name` varchar(100) COLLATE utf8mb4_unicode_ci NOT NULL,
  `last_name` varchar(100) COLLATE utf8mb4_unicode_ci NOT NULL,
  `email` varchar(100) COLLATE utf8mb4_unicode_ci NOT NULL,
  `phone` varchar(100) COLLATE utf8mb4_unicode_ci NOT NULL,
  `created_at` datetime DEFAULT current_timestamp(),
  `updated_at` datetime DEFAULT current_timestamp() ON UPDATE current_timestamp(),
  PRIMARY KEY (`id`),
  UNIQUE KEY `email` (`email`),
  UNIQUE KEY `phone` (`phone`)
) ENGINE=InnoDB AUTO_INCREMENT=101 DEFAULT CHARSET=utf8mb4 COLLATE=utf8mb4_unicode_ci COMMENT='Users registred on ads_board';
/*!40101 SET character_set_client = @saved_cs_client */;

--
-- Dumping data for table `users`
--

LOCK TABLES `users` WRITE;
/*!40000 ALTER TABLE `users` DISABLE KEYS */;
INSERT INTO `users` VALUES (1,'Nelda','Fritsch','cassidy.lowe@example.org','+07(3)9255260086','2021-07-30 00:14:18','2021-08-23 17:05:35'),(2,'Clyde','Rosenbaum','tnader@example.com','917-906-5822','2019-06-27 09:23:50','2020-08-14 13:52:42'),(3,'Dora','Dickens','destinee.ratke@example.com','(922)975-0651','2015-04-11 07:23:05','2020-05-08 23:25:42'),(4,'Johnathon','Farrell','wolf.gabe@example.net','08483889632','2014-11-08 20:33:23','2020-11-30 06:58:19'),(5,'Cortez','Feest','heaney.nova@example.org','+37(2)7244971348','2014-09-14 12:52:17','2021-08-23 17:05:35'),(6,'Brian','Jacobson','schaden.hollis@example.net','(975)382-7616x982','2020-07-01 16:24:25','2021-08-23 17:05:35'),(7,'Hobart','Welch','wrunte@example.net','088.238.0041','2017-04-01 12:04:08','2021-08-23 17:05:35'),(8,'Filomena','Hansen','durward29@example.net','(844)339-6217x1835','2013-06-12 18:32:04','2021-08-23 17:05:35'),(9,'Bianka','Collins','von.alisha@example.com','03416632555','2014-04-12 16:36:09','2021-08-23 17:05:35'),(10,'Zoie','Rosenbaum','hjacobi@example.com','853-376-3910x74102','2020-08-12 19:36:11','2021-08-23 17:05:35'),(11,'Claudie','Koss','mante.gerard@example.net','00414451524','2016-10-27 19:09:12','2019-03-10 12:44:05'),(12,'Skye','Okuneva','hettinger.maya@example.net','984-494-5994x38274','2019-04-07 07:20:04','2019-09-16 15:19:27'),(13,'Janie','Robel','hintz.mathias@example.org','111-742-8849x2515','2020-10-19 14:34:32','2021-08-23 17:05:35'),(14,'Erich','Franecki','kulas.keanu@example.net','(574)998-3030x179','2018-10-01 06:12:08','2021-08-23 17:05:35'),(15,'Dolores','McDermott','madeline.raynor@example.com','021.484.8170x060','2019-03-23 22:56:05','2021-03-11 06:08:33'),(16,'Edyth','Wolff','estefania.hahn@example.org','1-911-834-6551x261','2020-01-05 09:48:59','2021-06-23 03:19:11'),(17,'Kyler','Conroy','egibson@example.net','637-916-6498x10449','2017-03-28 19:48:52','2021-08-23 17:05:35'),(18,'Seth','Weber','dewitt.harber@example.org','612-240-7312','2014-12-01 00:38:33','2015-11-01 00:57:42'),(19,'Nicholas','Pfeffer','mhauck@example.com','003.343.0520x25006','2013-01-25 04:50:50','2021-08-15 22:51:22'),(20,'Brayan','Gutkowski','trevion08@example.net','+55(5)3852961477','2012-01-08 01:47:23','2012-08-02 11:43:53'),(21,'Chaya','Pfeffer','fschaefer@example.org','(212)617-1928x6948','2013-01-31 06:39:26','2015-08-24 19:52:38'),(22,'Reed','Bruen','diego58@example.com','702.005.2409x456','2017-07-24 13:09:30','2021-08-23 17:05:35'),(23,'Keely','Daniel','gage08@example.net','139-255-9194','2019-02-08 13:05:51','2021-08-23 17:05:35'),(24,'Blanche','Ziemann','gilda53@example.net','(375)316-0591x270','2013-03-20 19:18:25','2013-12-09 00:03:08'),(25,'Liana','Thompson','rau.aisha@example.net','835.729.0477x5588','2014-06-06 16:32:10','2018-06-28 02:20:39'),(26,'Darrell','Sanford','romaine.auer@example.org','505-135-7804x632','2016-02-02 18:07:34','2016-10-13 19:02:24'),(27,'Adella','Mohr','joesph22@example.org','1-447-684-2310x74589','2015-04-13 12:00:24','2015-08-01 04:30:31'),(28,'Braden','Bradtke','margot46@example.com','(920)746-0440x27129','2016-04-10 22:33:11','2021-08-23 17:05:35'),(29,'Deshaun','Farrell','willms.abdullah@example.net','1-181-969-6100','2014-12-25 01:10:43','2019-07-05 14:31:43'),(30,'Kaia','Wilderman','evans.barton@example.com','1-846-585-2205','2017-07-19 13:42:41','2021-08-23 17:05:35'),(31,'Tressie','Schmitt','cgleason@example.com','1-721-430-0817','2014-02-13 01:20:14','2021-08-23 17:05:35'),(32,'Kristofer','Spencer','lindsey.pouros@example.net','174.544.0686','2018-04-30 07:14:30','2021-08-23 17:05:35'),(33,'Wilber','Torp','enola80@example.org','486.440.4692x939','2012-10-22 15:26:02','2019-02-13 17:01:03'),(34,'Raina','Cole','ohintz@example.net','02475961807','2012-10-16 14:34:50','2014-05-10 07:26:03'),(35,'Norbert','Kunze','wbartoletti@example.com','1-225-795-4472x75791','2014-01-04 09:25:21','2021-08-23 17:05:35'),(36,'Geovanni','Harris','oortiz@example.net','1-503-687-8923x20904','2021-07-16 21:49:36','2021-08-23 17:05:35'),(37,'Sadye','Okuneva','unicolas@example.net','870-985-8297','2013-03-12 16:36:02','2017-08-26 20:58:39'),(38,'Spencer','King','saul.armstrong@example.org','(336)706-7694x853','2018-08-13 20:50:19','2021-08-23 17:05:35'),(39,'Crystel','Grimes','beatty.stan@example.org','562-322-3790','2016-08-27 04:09:38','2020-10-25 14:50:35'),(40,'Irving','O\'Hara','wellington.murphy@example.net','(085)784-9310x632','2014-08-01 02:34:44','2021-07-17 01:24:07'),(41,'Kurt','Gibson','otha28@example.org','365-100-2765','2021-08-18 08:40:16','2021-08-23 17:05:35'),(42,'Juwan','Langworth','kaylee.yundt@example.com','1-354-415-4918','2019-04-05 21:56:07','2020-07-10 18:35:59'),(43,'Austin','Mohr','harris.rowan@example.net','109.276.1785x0928','2016-08-15 05:59:17','2021-08-23 17:05:35'),(44,'Viola','Reichel','shyanne.glover@example.net','(993)362-2831x45015','2011-08-27 13:46:11','2017-07-05 12:12:29'),(45,'Rey','Little','darrion46@example.net','+24(6)2251049727','2020-02-01 06:50:41','2021-08-23 17:05:35'),(46,'Burley','Koch','assunta.dietrich@example.net','(423)091-6675','2021-04-03 05:57:14','2021-08-23 17:05:35'),(47,'Dwight','Williamson','zemard@example.org','940-940-7743','2014-02-27 01:55:01','2018-06-05 20:02:25'),(48,'Elton','Fadel','conroy.ned@example.com','096-862-5936','2020-12-14 16:31:51','2021-08-23 17:05:35'),(49,'Vern','Bruen','stokes.herman@example.org','(223)711-5696x86922','2017-10-20 17:27:18','2021-08-23 17:05:35'),(50,'Hadley','O\'Reilly','kub.reed@example.org','848-741-3162','2018-10-06 06:22:11','2021-07-16 13:57:43'),(51,'Heather','O\'Hara','zella.feest@example.org','894-305-8375x83637','2015-12-01 18:28:44','2020-08-20 06:11:29'),(52,'Thea','Wunsch','moshe25@example.com','1-236-329-3263x5318','2017-10-07 19:08:45','2021-08-23 17:05:35'),(53,'Leonora','Leannon','qbrekke@example.net','013.989.6975','2013-04-30 11:57:52','2021-07-12 14:39:33'),(54,'Gerard','Johnston','ankunding.gladys@example.org','190.685.1623x86783','2012-06-09 01:00:16','2017-02-16 14:44:53'),(55,'Henriette','Quigley','yazmin.ruecker@example.net','029.156.5934','2015-08-21 09:05:52','2017-01-19 00:24:48'),(56,'Sid','Purdy','creinger@example.net','1-423-244-3712','2013-12-28 03:03:05','2016-02-16 22:39:54'),(57,'Florine','Oberbrunner','kelley86@example.net','07334000052','2016-02-27 10:44:15','2017-03-28 08:36:19'),(58,'Wilma','Mann','icruickshank@example.com','615.251.1043x953','2015-07-08 12:22:54','2021-07-27 08:11:52'),(59,'Sheldon','Brown','tania.larson@example.com','858.319.4208x7662','2018-05-23 00:48:28','2021-08-23 17:05:35'),(60,'Pansy','Hand','evalyn79@example.org','1-034-216-3750x937','2015-03-13 02:16:53','2016-10-21 01:38:18'),(61,'Alexis','Pouros','runte.torey@example.org','973.624.0236x2997','2020-03-03 16:27:27','2021-08-23 17:05:35'),(62,'Donnell','Ortiz','eleanore14@example.net','+33(2)9342847659','2016-08-27 10:13:07','2021-08-23 17:05:35'),(63,'Hilton','Nikolaus','xjerde@example.net','1-170-245-2769x310','2017-08-22 09:00:16','2021-08-23 17:05:35'),(64,'Leone','Fay','milford.kemmer@example.com','(175)484-9292x80903','2012-05-25 08:27:49','2012-09-11 00:03:39'),(65,'Dennis','Daugherty','hayes.esteban@example.net','1-757-443-3721x8359','2018-02-28 19:26:14','2021-08-23 17:05:35'),(66,'Enos','Reilly','pbahringer@example.org','235-768-0108x6658','2021-04-25 12:06:36','2021-08-23 17:05:35'),(67,'Lorna','Pfannerstill','gwendolyn62@example.org','(865)287-3189','2018-05-07 16:31:09','2021-08-23 17:05:35'),(68,'Laurine','Rau','peggie56@example.com','176.166.0539x82409','2013-08-18 18:16:22','2016-01-02 19:42:29'),(69,'Ezekiel','Baumbach','fbreitenberg@example.net','(240)246-9646','2013-07-22 10:44:21','2019-08-03 08:04:45'),(70,'Aida','Medhurst','amarvin@example.net','471.969.5148x965','2017-03-25 02:36:56','2021-08-23 17:05:35'),(71,'Elta','Marvin','deshaun63@example.org','863-608-6455x228','2017-04-12 04:33:42','2021-07-02 10:30:59'),(72,'Osborne','Padberg','ileuschke@example.net','678-471-9269x94809','2020-10-11 14:53:15','2021-08-23 17:05:35'),(73,'Tanya','Borer','dillon.barrows@example.org','06389908417','2012-02-21 22:06:21','2018-04-26 06:50:58'),(74,'Nicholaus','Turner','rhowe@example.org','+14(2)4010971692','2020-10-18 00:21:28','2021-08-23 17:05:35'),(75,'Tyshawn','Murray','ztowne@example.com','(625)160-8073x121','2020-08-28 00:25:35','2021-08-23 17:05:35'),(76,'Annamarie','Goodwin','kreiger.graciela@example.net','1-423-142-9769','2016-07-27 18:08:26','2021-08-04 16:26:41'),(77,'Floy','Zemlak','jgleason@example.net','506-519-4710x31508','2019-09-12 22:30:06','2021-08-23 17:05:35'),(78,'Carleton','Tremblay','abosco@example.com','270.640.9510x36244','2018-02-17 09:39:32','2021-08-23 17:05:35'),(79,'Mekhi','Goyette','alexandro.wuckert@example.org','(256)783-6584x12241','2020-07-18 18:25:46','2021-08-23 17:05:35'),(80,'Abdul','Reilly','eglover@example.com','(827)308-2118x1397','2014-02-12 11:51:40','2018-06-03 17:57:30'),(81,'Abbigail','Collier','aberge@example.net','714.611.3069x9307','2015-04-17 00:06:27','2017-10-31 16:33:51'),(82,'Kayli','Hane','mmarquardt@example.org','+79(0)6433018432','2016-02-26 13:12:48','2019-04-14 22:52:44'),(83,'Loyce','Sipes','emard.nya@example.net','1-932-858-2179x15364','2021-07-04 10:37:20','2021-08-23 17:05:35'),(84,'Brooklyn','Stoltenberg','kristin30@example.org','1-849-458-3587x05649','2012-12-28 13:12:10','2018-04-23 00:17:21'),(85,'Ivory','Deckow','betsy.beatty@example.net','1-250-321-1014x3381','2020-07-08 10:49:35','2021-08-23 17:05:35'),(86,'Oran','Ziemann','earnestine96@example.net','(879)419-5726x7097','2015-12-13 03:24:13','2021-08-23 17:05:35'),(87,'Yoshiko','Johns','marvin.neha@example.org','363.180.5379','2017-09-27 05:35:39','2018-12-19 00:52:41'),(88,'Aryanna','Kuvalis','tkirlin@example.org','308.122.9999x40472','2014-12-09 23:55:35','2019-10-20 12:18:15'),(89,'Micaela','Wintheiser','uwillms@example.net','714-987-8727','2016-02-18 15:43:27','2016-05-04 17:50:14'),(90,'Eugene','Bailey','shields.shany@example.org','082.609.8100x991','2017-07-09 15:13:57','2018-12-03 16:31:56'),(91,'Saige','Muller','jeff41@example.com','627.740.0217','2020-09-01 04:27:49','2021-08-23 17:05:35'),(92,'Abagail','Cronin','urutherford@example.net','1-704-961-3254x2253','2020-02-17 11:35:35','2021-08-23 17:05:35'),(93,'Pauline','Predovic','thurman.wilderman@example.com','085.741.2957x998','2017-01-20 02:26:05','2020-04-12 12:15:10'),(94,'Mckenna','Kessler','chadd.little@example.org','401-983-2583x48423','2013-07-20 12:19:19','2018-05-16 19:08:37'),(95,'Lyda','O\'Connell','ardella.schmeler@example.org','498-777-0752x07674','2015-10-13 21:54:58','2017-07-11 12:35:47'),(96,'Arden','Ondricka','trent50@example.org','1-280-538-8982','2018-08-30 22:40:13','2021-08-23 17:05:35'),(97,'Kamryn','Sipes','cortez40@example.net','07321733624','2020-01-15 16:39:22','2021-08-23 17:05:35'),(98,'Jarrett','Purdy','alegros@example.org','1-085-009-7880x71470','2018-04-27 12:45:55','2019-05-15 08:55:23'),(99,'Laron','Cassin','gerald.beer@example.org','416-991-6228x05046','2014-03-10 09:31:42','2019-04-25 03:20:14'),(100,'Rosemary','Hermann','quinten.schulist@example.net','04565152602','2018-11-08 23:20:25','2021-08-23 17:05:35');
/*!40000 ALTER TABLE `users` ENABLE KEYS */;
UNLOCK TABLES;
/*!40103 SET TIME_ZONE=@OLD_TIME_ZONE */;

/*!40101 SET SQL_MODE=@OLD_SQL_MODE */;
/*!40014 SET FOREIGN_KEY_CHECKS=@OLD_FOREIGN_KEY_CHECKS */;
/*!40014 SET UNIQUE_CHECKS=@OLD_UNIQUE_CHECKS */;
/*!40101 SET CHARACTER_SET_CLIENT=@OLD_CHARACTER_SET_CLIENT */;
/*!40101 SET CHARACTER_SET_RESULTS=@OLD_CHARACTER_SET_RESULTS */;
/*!40101 SET COLLATION_CONNECTION=@OLD_COLLATION_CONNECTION */;
/*!40111 SET SQL_NOTES=@OLD_SQL_NOTES */;

-- Dump completed on 2021-09-01 22:39:23
